New Model,PolyR
3.903545037,4.186043738
30.5999423,31.31374847
535.9733834,546.5838299
982.4418228,1119.204979
817.7184868,1131.152493
1382.919253,1677.498996
807.2421398,1058.848615
935.9461966,1161.128162
728.7711989,1151.189881
629.2999502,631.9990302
61.4148346,61.58869861
0,6.729498908
0,0.000104589
0,0.131045839
21.4745603,32.53120604
257.3024146,293.49312
506.5415588,576.3976737
589.1772747,647.4466913
293.072252,302.9660895
307.4894768,432.0209686
315.4825541,307.8152887
724.3152962,850.0415324
883.410627,925.7047163
275.1935763,296.7688177
3.44900741,3.991214073
10.3498563,11.71469075
254.5809443,323.6165728
521.0823658,709.696183
1040.947415,1297.878038
421.6773366,664.4028067
1027.225918,1237.984893
859.2164603,1131.957885
587.1545442,787.3429844
695.1284406,762.9732215
312.6332044,313.3546426
23.59991099,27.87916859
1.532703978,21.40103161
0.12148904,0.301821258
0,0.928407835
0,0.147435651
14.29484292,14.71683642
176.1097165,182.0372014
288.321056,599.9658309
61.94797262,71.71490491
265.2267184,551.0112641
327.9372709,596.8978687
576.5257274,1282.543525
544.7653124,862.6294045
366.4189047,554.6619403
45.51213485,67.95710931
0.69698207,18.89054198
24.63636753,24.89639231
431.8189866,435.1630647
864.1367433,1044.582698
980.7441618,1068.041642
444.6979981,569.2004136
341.127523,574.8573536
391.3543261,455.873117
616.527547,609.3109249
413.9212718,476.9635054
150.7504116,150.7114471
58.88498142,58.88494003
27.02765382,27.06856014
3.45525996,3.472527815
0.335226382,22.46321763
4.305801487,459.7384334
2.17532442,2.9519391
263.5567158,282.7295648
156.6497433,247.4640043
180.89504,309.6827332
302.9948015,529.1407263
211.9938324,312.2828982
710.7891764,727.5705984
123.6137754,436.5314756
34.37045699,40.9877859
24.63489506,68.44326425
0.043157946,4.082311362
0.002220511,0.013102163
0.219817627,0.219470842
82.84159949,84.42215561
145.1778311,163.382858
526.1849592,614.6741349
936.8263012,993.4440676
994.5124587,1193.894907
299.8675154,754.0218263
100.5967747,153.2193688
293.399415,291.1272213
388.6673707,441.466658
572.6760788,609.1913903
1137.035228,1332.956234
678.1787683,772.8824645
62.05593144,61.55491912
0.5428695,2.135095262
0,0.004443988
4.4536721,4.518623712
55.38682256,55.26432877
29.81018515,31.66616484
554.0018344,555.0069593
270.1698795,335.8189008
37.45930677,163.9120783
44.30477768,177.0933362
197.5537175,215.5196525
190.965534,188.9952513
42.42710356,300.4638162
49.64504593,305.4437856
256.2352303,365.129252
38.54477545,42.87794598
3.93969725,4.961386941
0,0.000914688
0.64074412,0.640785098
52.17200611,85.88248971
373.5939977,374.6139289
782.5610529,787.687407
1228.527991,1268.521028
880.4749143,1241.60628
1111.983933,1144.071897
552.2605275,572.5424707
50.06418985,95.3139398
167.9931716,223.9454461
333.9360564,368.2787815
213.7494347,303.4497552
462.4374971,575.0698053
453.1855543,755.7447303
181.2543918,181.1029725
21.5969972,21.62516624
61.13311333,61.06530323
19.98133956,55.1764222
55.41152351,165.8115349
72.14121245,83.52477552
16.96753322,16.95834501
3.13530244,3.13710781
0.336379103,0.360981678
14.28334131,87.37709984
68.47277316,72.81589932
15.56765122,21.7397495
314.0786028,324.8698514
28.47823839,46.25781905
28.27511506,181.486985
22.6501591,34.45897736
87.07987888,162.0448962
8.99901564,9.401062163
3.850890068,303.6863461
12.86589759,74.4916876
97.35670342,286.6024449
1.317562267,114.3157024
0,0.244087429
0,0.001183965
11.62534202,13.14168311
220.2058613,226.5516578
584.5858223,679.8190205
1081.049191,1047.534741
1162.155944,1227.581234
871.8239813,882.340609
1190.517897,1336.984758
810.8170495,810.6871529
471.9844701,535.4913963
487.4317452,1143.836378
1073.699124,1247.879142
781.8971826,953.8785448
511.0815511,800.8267368
285.0077248,402.5128196
1409.270883,1408.472283
1050.943952,1050.550016
335.7863013,335.6610164
33.38937813,33.02551751
178.2492286,203.0791278
132.2507603,223.4963496
154.4661704,155.2160454
96.79895081,96.85145288
21.00135431,20.96664831
21.88129668,37.65635816
69.03614947,233.6340701
19.34837584,258.0582465
163.4136612,176.4142362
36.75009044,37.38580863
53.70635187,933.9410416
75.50514919,189.3389854
240.7885417,310.5998655
479.1198094,615.3440421
26.39662596,27.29729953
17.68855602,463.3576638
4.718531429,260.4437332
1.979337509,284.066694
0.04655,1701.377926
0,0.285703989
0,0.003076386
0,0.03093261
144.1073249,144.8884521
269.4295812,280.614993
840.6239251,945.9161925
840.0160932,913.966572
943.7726078,945.5162848
640.2174782,643.5514425
672.2859674,698.371372
643.4449539,659.7314239
447.3993573,566.8810173
1647.587523,2273.104451
1114.118678,1485.178182
1445.858407,1791.453967
1619.994657,1986.664396
1126.264068,1577.368388
1028.829384,1884.358507
2075.58549,2423.850204
1078.358806,1273.587382
264.7352885,264.6116327
356.9544085,463.106923
301.1033799,460.7155859
137.0984598,188.9699095
319.9627266,319.8511127
287.7701159,287.5612946
87.91021127,161.3856984
49.15849518,71.74631534
37.43387591,367.8110504
105.8743156,111.3416538
43.09697987,170.0546006
41.41317379,110.2733051
194.1469858,219.1721918
386.0140149,675.8493757
351.6189684,510.2002488
50.23329132,77.93846547
39.80638414,116.1989132
4.311907413,161.2524188
0.416410413,7.205652624
0.043194892,347.3825794
0.094474976,2.39848442
0,0.001410364
0,0.000760009
0,0.000465782
1.908187394,1.927357496
47.65016727,54.27312318
804.7874838,1008.980806
1509.612086,1555.760575
1367.767764,1380.389671
998.2015323,999.863068
456.3419308,458.4657061
296.5809678,296.4314744
684.3456472,688.0867084
709.4120446,721.566543
1717.696068,2032.310741
999.5126378,2234.145332
1595.043237,2846.518731
1788.089208,2624.229456
2298.982477,4547.268288
1805.754677,2174.895313
1876.234673,2665.811237
1990.144352,2586.770376
872.7684099,1183.198678
721.6709249,1079.19405
1009.208097,1010.318349
678.4850813,683.2269201
792.3645283,793.2088314
672.0963714,672.7920057
264.216114,362.2354009
218.2103061,536.8392078
108.2700224,709.5593794
286.6599396,498.40219
153.1213076,239.9966761
22.22193443,35.47025276
282.8182125,397.0952297
154.0316081,338.1108692
175.9669889,270.0105037
156.9092499,616.571374
45.28961411,71.59443909
38.53941792,74.46908694
19.30494432,33.27919719
0.070948262,19.20493206
0,0.256877803
0,2.44E-05
0,0.00279221
7.645747131,9.901311022
3.122082035,12.21338031
1.668350154,3.20261785
9.538339437,9.618661279
124.6282877,125.0784707
490.6278637,523.6552683
1011.309173,1125.075155
840.1135149,863.4532131
632.8268595,628.2615544
159.0139965,159.3072937
107.7801908,107.1925737
397.9782676,415.8747956
332.9367888,750.5020627
537.5790337,738.2797587
1304.403012,1726.794687
1136.143939,1693.113111
1629.389242,2017.336482
2233.006345,2598.111428
2010.318841,2811.993199
1365.342087,1606.246494
1272.54973,1840.695035
678.2545996,1136.750458
705.7696685,1173.585748
1028.325843,1035.561787
538.7069988,680.8603782
205.1584932,746.8624155
701.6050191,1034.832996
532.0223843,958.6833184
326.204026,786.1483052
475.4595118,2515.820669
395.0344096,2464.687181
423.1123149,716.1301292
264.214925,403.731188
354.6221383,758.9458102
280.2634059,545.3105453
44.2596833,376.668562
97.53936506,172.2582986
193.7349514,308.9918399
29.06082614,315.7843339
1.446821303,127.4503351
0.080549997,153.5540082
0,0.878681637
0.365721867,0.369798527
3.065419927,4.586126597
35.86148299,38.03053562
68.86962672,93.06642717
95.30250797,270.7309108
28.76902227,66.45886517
57.20835097,57.66016141
115.1473663,161.1080815
586.5981478,917.8398341
1042.281356,1022.586288
802.9571521,803.2212271
563.6603478,564.0393008
226.551484,226.0126208
298.0176173,301.956304
410.0370485,819.4125273
488.040038,877.5821941
628.9528063,896.421107
619.3203074,907.8982296
799.4070642,1016.668967
946.4279241,1161.171611
1696.896558,1859.398573
2745.119129,2632.387148
1394.54055,2435.258189
940.0842452,1226.300574
646.8946387,986.149834
713.6603492,902.2678385
888.3582485,903.0830727
887.1196128,887.1284931
370.5001883,828.6360831
932.5879405,1270.962436
464.1313127,1610.181096
1243.282882,1242.543764
1123.791343,1123.636676
509.0131195,802.1078525
282.0768333,398.2103255
463.623187,732.6435095
326.0453198,685.491394
246.7290306,295.5933716
128.9436785,362.4712185
269.4863527,325.3705424
68.04132652,152.491131
1.082705345,109.2587917
0.054166985,41.35986519
0.383709359,17.66291197
0.039932457,0.153966439
0,0.031212549
13.39225872,15.02655562
8.22770414,1583.255034
0.154673598,0.154630904
0,0.004630998
1.196448037,1.574161928
151.9137841,202.7554576
292.8240778,336.0914404
182.6944585,267.842999
385.6397037,790.1826539
112.4448679,200.3532401
91.91694768,423.6359708
254.5611368,417.0326758
596.8420238,672.0731621
222.4564271,233.0177172
934.9076661,922.3107139
1109.029166,1120.363337
877.7860376,959.1811096
374.8913724,524.545014
442.8707763,643.3862155
523.9565106,1009.454219
506.8587868,1059.135486
431.0369045,654.2540203
352.8577323,831.7045138
925.6927755,1563.067281
1268.465967,2055.398646
1609.748025,2246.199847
1542.958219,1947.485057
607.4358319,665.9302639
161.9016976,262.3633841
76.20670317,113.0203736
171.7064569,566.8073644
490.206631,1274.579544
969.1017268,1716.274131
1306.361389,1734.145991
1041.757384,1115.266312
1180.360226,1488.594282
761.4957373,828.0888376
481.8190619,533.7992838
203.8529379,458.2806495
260.1652301,722.2129269
625.0795396,926.0671679
473.827449,712.5034523
758.7413025,1004.776334
107.2357923,106.5532366
20.70076133,217.1415505
0.084687288,242.693108
0.085657483,54.04487018
25.16256437,25.19668042
9.34692266,31.2905018
1.90629196,438102.1872
0.231551951,16331.23357
0,1.254153354
0.050385153,218.0456183
0.097082779,23.00029206
2.524158347,2.662183989
44.30763828,64.45584285
132.3131901,272.7710045
362.2389299,471.6600203
271.9597376,1097.340389
79.13034765,106.7959245
116.0541034,117.9920743
386.9528929,430.8306486
233.5084838,252.0403201
449.7253802,494.7680482
366.6202499,462.1432915
752.6797507,912.2867864
492.4414126,1199.023165
881.1187629,1561.424936
973.7783513,1587.261739
495.1052464,1092.073735
341.0180137,1358.359468
638.8949547,774.1208287
491.9105113,791.1076213
469.4648503,1085.537147
600.3272477,1482.593696
1395.877698,2267.126359
1315.719209,2032.839909
1177.526161,1418.918029
238.6123693,263.8521188
61.22965372,62.6959755
114.27777,116.4448084
283.8134862,467.5006613
470.075209,1060.123594
676.409365,1224.587018
257.31266,833.9583143
309.1365953,770.5829839
728.1389609,1001.758754
859.3134674,911.4503837
1002.705015,1111.553749
107.1253982,814.0324888
310.2438123,798.9662171
1161.632797,1430.871029
923.218659,1205.916633
650.0353532,690.8174625
25.91365253,28.25580064
1.115230151,59.54621661
0.091828437,14.44658189
0.575187897,0.580843584
0.005486726,1.815011296
0,0.022812112
0.698323671,2712.746642
0,1634.158786
0,4.718241628
0.127138425,5.114568869
0,5.196390366
21.81616386,486.6346101
30.72525788,123.7327354
338.5658721,348.2971998
166.5106849,225.6377843
209.949709,328.4828806
10.14361013,133.4341349
22.17296187,40.88032009
135.8234806,173.5221584
158.3891682,206.992082
591.6153938,634.5590136
1162.264043,1450.174718
937.1040179,1369.960037
1529.33495,2049.657699
1404.758576,2208.40562
1296.473221,2083.973498
897.6681041,1590.052959
616.6758267,1347.566704
409.7571456,835.9201233
458.5877485,970.4453203
500.5646141,865.5362434
441.4321137,837.1949369
589.4825944,1058.745624
1206.711589,1781.708627
891.3133542,1262.187928
340.8148568,597.2026151
189.9408295,508.8113835
54.70778254,243.9486465
250.5479924,268.45218
211.444018,670.1526799
293.6860954,571.9347312
187.225985,439.5196334
158.4973219,165.2794443
228.4072094,720.8899025
519.1417721,707.1751953
746.9977323,884.4725074
1038.274404,1281.986644
232.7915617,455.7913944
565.4472405,1020.810296
600.1143037,876.5800678
139.5619624,226.0364608
0.221930025,4.066135616
10.44637234,10.93602498
2.537594825,2.541566336
0.334236306,0.341002191
0,0.000459398
0.035695995,7.845935709
0,0.431691404
0.021522144,0.023315656
0,0.000334248
0.02423,14.68808563
0,0.002191192
0,0.132153516
0.078447756,0.058463382
3.037765154,73.75009073
27.93275993,612.663795
425.4209723,435.9992655
199.8704714,202.9379531
6.906588613,28.29229698
5.454253924,5.55372099
0,201.6282866
12.60923131,20.05745978
514.7691893,514.5889863
531.4333052,1280.868025
1124.890416,1388.144443
2004.338723,2772.12609
1737.057608,2734.568616
1805.458065,2841.874274
2301.368838,2322.210431
1312.516863,2295.517249
1531.675977,2031.111374
714.3766223,1165.834581
671.9388014,963.7404118
396.9641327,673.2126708
360.4720411,714.7966273
887.9346121,1145.489979
660.9839693,1073.557641
584.5252652,914.0317339
219.0628208,330.9796305
606.0274993,1096.905452
581.5896132,1160.448878
556.3877137,926.1646204
698.7938898,990.5559242
463.4610612,987.8733625
405.0158792,726.1438579
97.199645,470.6165037
95.42938972,289.5118936
216.0972897,454.5678269
387.7777331,599.7607298
855.4655451,909.2574662
775.4498577,827.193762
383.8275636,900.378499
256.6700765,435.8882031
51.65171399,336.0871368
2.60055867,2.621873523
0.517026432,0.583536087
0,0.002813175
0,0.374223549
0,0.129536737
0,0.580528508
0,0.027518359
0.00686809,1.445263143
0,4.46872411
0.085787378,0.40189397
0,0.110356143
0,0.087132502
0,11.02592846
4.71167843,7.030737922
3.572677388,176.9697939
23.76232564,111.8773307
70.73794094,205.8260235
195.4137048,233.2955116
28.36704797,28.89999741
23.59444861,32.61204275
0.281393162,3.014538418
0.454168449,7.202533172
54.92561728,56.98169672
229.1943629,240.2897565
794.5130571,1264.532033
1092.271152,1543.372797
1434.604381,1622.696995
2263.046046,2631.680597
1858.693387,2777.705921
1168.890619,2176.563148
1393.137604,2604.997201
1457.809054,2181.1754
875.6869173,1191.562443
698.806777,905.3005019
349.9436372,500.8916756
530.4882552,603.5018769
443.8930644,553.0742917
598.2901361,765.9811426
551.8187922,557.8493137
628.6826109,819.1678347
1135.78134,1398.055327
912.6313001,1321.98034
609.5758543,1526.189063
456.9333994,991.9272238
174.925272,712.7783441
359.4324999,757.5849831
352.918025,443.3220618
253.1371805,508.2087847
121.4156993,334.0501019
661.716145,764.9662473
370.7520786,463.2273648
691.8069932,988.5515893
182.872218,646.7404913
127.9694081,336.9493342
1.321064085,244.7605532
5.080632242,11.47447086
0.000387298,0.688012924
0,0.10561959
0,4.615075899
0,19.76449479
0,2.913741164
0.345224815,29.25249568
0,2.505759078
0.034301724,0.544554042
0,10.25322579
0.028933388,3.070042191
0,1.453488687
0.001226445,0.218325839
0,0.888881379
2.073575391,14.93581961
12.39570192,15.70917854
145.7853178,160.5895371
133.89118,325.737963
372.5325164,423.7706522
191.2910466,224.2526029
51.59850861,70.28157862
26.92660691,51.68918272
20.30798962,24.04677943
20.45055015,51.44527517
81.66470687,341.4567753
662.0152787,967.9069064
382.6106285,624.4957323
1104.775957,1277.270685
979.6453975,2126.058394
1653.17066,2360.790286
1406.572532,2259.246472
1184.372597,1860.760806
726.6636624,1805.852677
1076.81088,1674.708729
847.1919343,1023.694865
577.8045366,786.0251735
448.2194833,654.010666
403.9484097,747.5731932
563.836915,613.6130937
562.2745723,829.0086052
441.7974885,608.0009914
294.3890833,564.3370802
474.9034156,866.200413
338.9874192,729.2741165
479.3165679,909.96068
640.8260202,824.865798
627.2095797,759.5187466
197.1263644,337.998829
361.3745984,419.8567484
806.3959862,806.2414687
449.8974451,610.2164798
340.212312,399.7576883
294.0467262,409.6645678
505.5673971,1155.211422
145.2215643,417.7753567
20.89316586,38.69444784
2.668241,161.1710383
0.451674677,28.43311804
0.11870091,0.15893534
0,0.010948487
0,0.350845183
0,1.141933659
0.036577285,4.779263174
0,13.92322274
2.360598303,7.856411531
0.067180133,4.848582964
0.055134994,4.830623627
0.512246406,6.372335021
0.014610575,0.44497147
0,29.86069751
4.697371479,34.40049579
6.754475811,11.50299403
7.559059911,16.06379293
17.27309621,34.65662293
34.88725731,58.48304514
119.2139466,202.6974925
73.0449865,188.9262269
147.3909449,314.3199063
110.9079265,144.6524336
37.15018665,37.59950021
18.61345492,31.79395015
84.36964437,238.3690134
260.6153728,1299.638031
618.5375192,1071.240183
555.3821341,876.2345507
599.5935156,900.3019169
1445.476064,1789.061383
1234.73337,1664.540204
922.2005693,1605.035753
1472.185652,2044.575325
1454.63156,2118.299528
947.1047444,1523.938062
547.0368239,1587.075084
485.9543983,979.0577409
595.1281081,860.4333416
601.709169,814.3574194
469.3876054,689.7787272
324.8863374,662.7962823
383.7521096,488.5174585
294.0099429,742.6118364
494.7596517,1219.650247
685.9453705,1372.437646
821.6927671,1170.403423
477.8217835,868.8781667
448.2004913,502.8975213
212.8824614,370.5156385
164.1066829,290.3223209
465.7454583,703.1890987
690.3033738,843.1628121
302.8393276,483.0293724
275.3069106,280.2781054
247.1049816,837.7305129
176.624164,584.9653482
121.3241942,207.0037485
20.23059643,214.7453217
29.74082073,258.2744323
0.804925717,10.80268132
0.010418326,3.087917692
0,0.013974747
0,0.016628792
0,0.149425589
0.104094335,2.121788286
1.208727666,21.03565406
11.82558015,13.95279234
4.335470692,5.878936427
5.631648486,7.789493548
87.13851089,351.7903544
16.05337226,105.7355221
19.63893564,55.26871282
22.73664281,64.11092108
15.31336731,21.04848399
20.06600716,47.7826002
42.72311525,102.6396311
13.14344447,32.9826716
80.52657807,151.0982435
110.3647887,617.5983484
48.9292791,135.7196583
50.2775091,98.16119587
50.89427116,52.37169154
68.43165551,233.6630584
221.917348,223.124741
420.0125815,736.655305
898.5559156,1587.789803
725.5076681,1704.881888
1063.997095,2045.882187
1147.829191,1801.17478
1454.645395,1835.178417
938.1786638,1371.001747
1363.822965,1976.7116
1190.24217,1969.932494
1232.613718,2293.251021
1336.152103,2283.789777
762.6487974,1398.538446
616.1881021,985.3658894
746.2963318,1028.903697
701.7733005,1127.33432
626.3726215,966.3015922
276.5813544,345.0440392
265.7542361,352.121916
396.1569807,932.9964809
560.7512531,869.4755704
430.1539354,750.4684526
482.1763133,900.1992509
501.1232587,775.4238611
745.3049986,827.5565774
244.2540969,431.8377892
206.629043,262.7421855
849.5660784,1271.638409
1256.617771,1542.116064
440.0479342,640.4503838
234.0944603,360.3116649
257.5748059,470.8918447
259.2452511,470.0746216
408.2806386,727.4886284
69.66869782,77.79768508
26.42105392,93.23607616
0.104196162,9.763320089
0,0.000280705
0,0.38762959
0,0.166245335
0,0.035844634
0,2.581634338
0,13.65481708
16.40182191,44.64574997
71.38353899,240.152194
27.10273792,63.73033247
2.231687035,79.70699473
11.62588721,474.0078423
8.851332537,73.20800444
12.30198418,121.2854798
43.32531635,77.62051251
60.52458321,69.84657958
35.12974112,76.29848703
79.07796667,141.0273458
62.32351603,93.7646129
74.17183467,153.0936364
56.48881115,100.63388
29.76343908,73.49913589
151.9987788,227.6763337
253.1598061,403.7049169
222.6084264,456.8653042
967.1200438,974.8980308
1530.226618,1543.460214
1125.235871,2339.98903
1100.401238,1825.507771
1162.42463,1710.947917
1256.375916,1902.020101
1181.080993,1422.454497
1240.376203,1542.375277
1078.655046,1830.08992
1085.223836,1807.227588
1138.409711,1889.670348
1585.418918,2161.219855
1594.153167,2316.034115
1049.307381,1444.286039
903.4263922,1376.914531
728.8140875,1013.779269
684.0775855,1069.620043
722.648347,751.2251007
435.6311153,560.7658351
295.0711364,421.2419002
269.2488544,698.9900743
214.1105291,518.4587402
327.7062755,633.3978412
404.0248054,973.6925529
410.6063969,562.3071967
258.8125051,412.9458871
539.0297613,897.1979098
608.1143059,1274.068644
1852.788925,2391.042203
1311.585574,1944.570588
703.3759071,1113.084519
163.1186457,394.506608
421.4079182,450.1989395
281.2002147,1099.725726
325.0487992,329.1557791
207.9961013,267.2171336
57.23973771,64.51414797
0,0.382234813
0,0.634343443
0,4.853720981
0,1.206113968
0,0.418530977
0,1.226529822
3.615736886,7.998115566
39.57028758,69.12830277
21.10888453,27.76510352
0,7.063730665
2.884182551,56.99108701
3.887994976,53.66797299
50.8650843,168.0904683
51.34658361,147.4310216
93.86315607,144.6465706
114.8350522,146.7010662
163.4212786,195.7135526
63.32766967,93.39325806
14.76550423,20.53535184
112.3653598,123.709097
70.90688038,112.1326331
145.989796,155.7047353
212.4592366,255.1224972
190.6101521,291.0952763
380.7162194,569.6290211
632.2096935,1079.503646
782.4071589,1186.246614
578.0688069,1095.037449
576.484973,1154.744576
508.7845797,1025.725586
1181.674057,1813.670629
1584.555741,2135.006589
1257.252958,1841.250398
1548.459152,1982.893772
1614.535629,1940.386069
1178.752402,1466.194683
1009.711879,1368.159727
1313.079628,1576.588387
1196.990446,1895.180454
1438.232339,2042.3482
1193.410773,1693.956337
1000.238064,1717.987907
1450.768152,1378.061736
627.691846,1162.230404
591.3501434,753.0867394
569.8054928,775.3847714
431.2188531,688.8322231
463.8899499,809.8863471
529.1174132,990.1597951
337.9795861,738.3777622
239.8085197,547.0249411
715.1437418,983.7394675
862.1978887,1169.259668
819.9089082,1459.141544
681.2798321,1471.698006
439.1875633,1287.945383
190.037553,394.9304272
183.0861764,190.1296612
50.49991876,878.2712008
329.3395808,926.3789565
292.0558705,569.0141328
116.8505986,117.2494763
0.867002303,1.445370951
0,0.003388952
0.001469169,3.429210129
0.093635786,0.988773327
5.409816901,5.361924521
4.95697872,22.41010621
2.271913297,107.9951319
1.45319384,5.465944951
0.391252316,13.78501188
9.426060767,9.415951969
22.84829076,58.7292931
5.615700149,120.5368952
15.32061535,26.04806369
26.60986877,71.75313359
40.57371551,46.06581918
75.15431063,81.76125058
234.3135302,240.0292946
57.55978603,63.50760116
16.28756352,17.35245377
81.05016896,84.51147566
239.543213,248.69332
202.5364693,221.5962472
164.7842065,177.3103944
165.8278181,202.4910275
273.1334574,329.0631798
555.2566537,712.6987392
214.648043,462.3259929
366.4338984,446.4606686
619.1417305,1026.851573
284.4207928,1198.729915
608.0232418,936.4163164
1622.791504,1947.665454
2205.289561,3070.476169
2188.755513,2775.015268
1327.531218,1834.4372
1429.931973,1732.618565
1232.585845,1431.467905
1520.039002,1792.233711
1731.701939,2344.507476
1549.848767,2553.22999
2257.588658,2821.039443
1602.382102,2151.027924
1976.020192,1988.228787
751.9785575,1294.200615
771.9812382,1396.933076
610.6445806,961.1829973
455.6825703,572.4991079
770.119221,985.2459648
364.2924996,748.5195977
385.8079226,747.0315947
407.0597902,839.0594568
618.837884,1051.995672
1060.733282,1505.761773
690.8184392,1246.573958
555.4100021,1050.343681
460.9359435,1027.386986
513.4051799,640.6041532
495.4930383,951.1435654
458.5526951,789.1927024
281.642468,839.8278721
207.1396716,501.8727064
29.99321772,103.9946238
0,0.431816673
0,0.019927203
0,3.330264626
0,7.480772451
13.66262803,15.43825883
2.353374095,23.25139991
2.727651209,140.5241771
56.07623563,56.52806661
81.01980299,83.54609081
49.88295797,127.2336912
5.463107065,80.8603517
44.39232474,47.58301813
106.0056571,115.6644421
95.50882704,118.4138205
56.96558257,161.2167832
38.151254,60.51674134
68.00577017,90.29247827
79.12241416,90.60758184
217.1149026,228.2596116
288.1398519,317.9092136
160.5260327,189.3227314
57.62883478,64.46370295
118.5948933,152.4290314
162.145214,166.1715977
91.93103471,142.1304289
157.4166506,306.19115
226.3992688,380.753325
245.1365351,542.3454461
537.0689388,1036.301222
356.169834,614.863393
549.8734955,767.6603087
723.4481458,1113.89477
2083.172179,2664.920521
2167.585589,2843.673213
1602.885269,2599.562472
1143.833534,1642.113522
1011.45596,963.8706484
901.2021523,1120.234522
1062.004391,1209.595941
2060.90597,2264.475763
2484.763299,2763.623211
2743.518839,2905.964652
2565.544004,2599.943179
2090.275893,2109.851507
2037.347057,2050.288923
1473.948095,1475.832149
937.3570967,1517.993686
812.9819309,1026.143713
393.6805885,689.5480198
422.4279891,799.0546029
493.3306128,764.483565
435.4735292,627.7120343
460.8691314,1022.324795
807.1962024,1255.2868
475.5649622,953.4924023
429.8687226,745.3096643
795.5028619,1426.000758
386.2292458,851.7888632
245.8876149,389.6777936
310.9327822,507.7835878
247.4241616,615.6542075
147.5681648,168.1682588
0,0.021257295
0,0.076420155
0,0.040012964
0,4.788534229
0.32564649,2.661749688
7.818482943,15.82321857
9.598459506,20.96221588
28.46293673,104.9625953
174.3050157,270.1090937
53.62925727,99.51275406
17.92808287,46.37186625
5.480594575,70.30620319
54.19409281,146.6527967
55.80210232,131.4763919
151.9085392,191.8106637
207.2718404,327.4963333
213.0839893,303.7133005
312.0510481,351.0882883
63.57764169,71.7228234
215.8321108,233.2111572
293.2875039,369.52779
135.4859023,190.7387416
74.36123042,82.92505291
160.7267997,230.3323371
278.2274391,491.8282464
258.8187445,511.9835923
121.943352,612.4376546
423.0324559,580.9277488
343.4740926,553.1510838
322.1425803,710.3927411
785.9764995,1050.967325
746.1983568,959.1864737
1064.660686,1472.826763
1143.34067,1661.68834
1887.979197,2716.789436
1187.189636,2011.07796
1586.237471,2420.304602
1060.180486,1138.445544
1062.79068,984.5545043
901.8269823,1175.085705
2337.392595,2382.644095
1967.466231,2091.856421
1066.915746,1855.525546
879.5551426,2093.89228
992.8539045,2062.353861
1035.352964,1674.241458
745.1282646,1365.84154
673.5272156,1401.196149
993.4444888,1717.090093
818.2820874,1436.049553
714.9691761,1080.329981
595.9872095,851.8990278
493.6989006,820.6351295
546.918781,623.9447166
698.8703083,776.5417995
602.5905534,1021.797192
394.2669336,873.4182849
540.1923074,846.6477292
304.3265867,670.0042888
167.5513823,229.1323815
148.2634753,149.6837954
54.49365359,188.5292798
17.33717596,19.94916003
0,1.959894522
0,5.527493485
2.267898737,2.98558765
14.8914622,68.86025563
90.62223551,163.6886555
86.79561035,126.0998659
188.6047447,284.0237282
165.9271726,347.0970856
19.73841409,50.05090757
0,4.15873116
5.252525514,21.6102743
1.855414834,8.762246489
5.371776624,40.10297772
218.7756076,208.2199997
185.2308595,214.021766
222.0674381,272.9265942
176.4209356,196.8476319
145.8309809,171.1559674
159.4701943,237.3265544
281.0662848,423.4510291
275.3990577,361.3325609
150.2284149,166.5235683
185.0542623,203.8344271
319.0016706,420.6852961
288.8686847,419.2516432
184.6513144,370.9768655
434.9208167,628.808456
353.1348297,603.7486822
435.6096474,504.6778688
624.7600749,870.3225681
1611.992093,2036.441339
1947.839167,2489.123309
1568.749468,1952.364662
1416.478196,2569.539812
1625.817655,2715.147723
1815.276008,2415.571994
1100.275267,1391.287818
1266.913909,1589.534456
1238.984167,1278.802833
1329.824842,1356.684077
1472.45221,1519.0484
860.3458998,1491.080089
1053.727397,1808.90817
1032.454157,1672.056222
1396.558059,1992.019769
1154.622042,2010.764782
806.2185814,1674.981449
903.5575119,1758.346291
670.9778034,1434.996085
896.9963124,1534.159881
667.5617083,1580.270628
571.5740929,1198.853559
474.994431,719.5654675
594.5711413,800.895772
602.1962652,755.6901453
536.9173569,814.9755933
409.916587,1072.808335
361.9862815,560.0140961
136.4301203,392.8685458
99.51945209,149.1553723
38.11340779,166.7152113
3.688293782,4.218241016
0.083785538,0.169390828
0.256535887,2.966295845
2.269738072,13.24457294
53.8039481,77.50774996
185.5285198,292.6880555
167.3844155,353.6323959
190.1221326,188.5887073
194.474787,349.5424345
126.8650477,288.3351576
9.874965516,12.26598114
1.189983284,4.160616881
0.619267833,11.25453779
0.572828008,2.159935844
6.942533458,22.65001807
88.35990193,87.82005729
152.1258662,178.8728385
268.6585439,299.6407715
92.39177271,106.7015556
62.1750786,72.68945988
240.7613317,331.2249268
284.2466794,406.8314907
277.0027001,336.2759142
338.0597722,424.4705983
151.5103542,200.6243014
310.668247,451.903296
351.338447,491.8303755
200.4460461,256.0647246
433.3007758,774.5521319
348.2905514,505.1662139
354.3953488,566.3803619
634.8623623,865.7168379
1039.110836,1473.558352
1655.949318,2057.561645
2172.042863,2736.538343
1531.080185,2461.876516
1564.153741,2585.238293
1275.516645,2122.580429
618.1167158,831.5141719
730.7154721,1016.74596
948.2958922,1272.183357
1084.657241,1665.160431
781.5886236,1256.553643
501.5558761,1148.410293
675.9702158,1087.917926
841.1084095,1421.914428
599.283643,1218.300013
858.1180956,1496.709476
871.0408966,1291.515052
794.6859336,1235.59919
777.9444302,1312.579027
776.4796573,1153.270084
661.6468336,1133.492222
535.5969852,853.450997
437.1391945,604.9917734
529.3740198,630.3710883
543.3945972,732.0780432
490.532115,946.8775699
539.9331242,577.8684438
387.9227667,575.8296788
302.5789377,344.5353949
199.179025,203.6948942
46.37936928,141.5833854
11.46258715,68.16351977
0,0.551825901
0.146049857,0.159301536
53.04438373,58.99642275
38.47975724,47.92161728
102.2481181,184.2099716
148.4882888,293.7228888
236.9515073,354.6447983
247.5470451,577.9707506
173.2704235,333.106777
88.59764951,112.4924112
47.8403663,84.96681194
87.54440491,105.098859
93.72090945,104.5039869
4.687910064,16.10657625
35.80564166,35.15802859
91.54188561,129.9855431
275.6976423,388.6309747
357.0054029,458.1862632
102.8938838,122.2077605
128.7887983,120.7839326
245.5817009,268.8526034
246.7693363,225.123963
135.5273377,162.7738442
247.3919013,325.0863711
324.3786583,541.8026643
589.6006503,775.7354332
234.6874682,304.5385683
518.8995319,751.3271999
213.067651,469.4768838
516.0833423,651.9690953
766.8392639,1349.742023
901.9184953,1335.111776
968.5278148,1315.653073
1800.744427,2699.321711
1926.159078,3105.94359
1359.15376,2437.612967
984.8510496,1545.323704
602.995719,902.4834359
654.2711201,911.620104
845.5607918,998.5044981
699.4763363,916.9000257
586.5335886,921.6386545
566.3296137,1260.24973
642.8723444,1201.324761
703.4504238,1051.032837
675.1363716,1109.205123
613.9836773,879.2195877
548.9509454,856.2949192
597.2700612,922.0131313
730.7874603,1048.364023
672.8862128,957.6737552
541.6175235,806.9277374
480.2098714,712.0832182
427.4642618,601.8615576
502.8307859,612.8284515
310.0011853,473.36695
302.1352077,617.7159115
374.8182451,629.6607341
303.7243316,531.9225761
320.2276108,353.2035099
153.9124409,153.2177421
44.6693822,73.66855798
90.25179883,90.22268939
43.10447429,43.63044606
0,0.075309733
0.011212449,0.02542744
41.16319628,52.50712391
75.16995096,89.16247572
120.5853285,162.7185361
171.4959323,322.8078549
179.0360024,306.2904724
331.5893012,841.9387869
185.6115674,381.446341
87.7022645,100.151475
96.76550222,134.2079752
188.1928487,250.5531846
271.4544219,352.8152305
99.3374115,131.7557121
90.72273092,107.1679565
120.0194078,173.2372649
101.3129454,203.9660049
285.0830477,372.6077872
216.0686086,232.2918279
89.61070183,87.61926107
47.73937165,46.81918072
55.82056438,58.59082731
44.47259021,45.57100732
288.8629908,450.6760584
570.6579692,843.7471952
738.8663624,1248.373725
533.4800316,759.4145971
333.2874499,474.4462269
318.7027385,741.3994324
560.5923596,742.3608569
590.1511822,1031.163548
781.5853939,1716.900356
1010.467605,1435.248612
1758.572398,2542.260186
1561.752551,2506.767721
1567.858779,2250.147727
889.1481245,1444.772898
514.1399176,756.0942008
594.5303104,972.9068603
619.8485887,1400.904883
790.9556949,1085.735983
472.6199247,766.4150556
562.6749434,886.4080604
558.5082995,935.4171606
455.0172716,788.9769208
460.1731445,765.7305783
777.7687298,1035.488718
591.9046328,1065.805621
744.8065003,1348.304017
564.0543305,1024.234822
410.5738793,805.7710885
264.9141455,651.4359802
284.097386,518.9046601
349.5875196,483.0027509
582.4653852,692.9746741
225.7673552,642.1000642
104.2848051,613.2093422
196.7217787,625.6478165
269.2046946,332.166891
116.7979991,294.5473385
103.4241997,220.5974202
228.6818914,299.5548192
194.7916112,191.7289408
73.29838811,73.62164952
1.314555625,1.332875147
11.73782011,19.49234484
53.29223224,89.93058886
86.42677328,138.5105067
98.64087429,200.8032302
171.2341751,331.928809
153.1145409,492.200141
541.7415951,906.6814359
186.7231838,264.7448695
142.4788932,152.484711
103.4226628,228.0819493
149.5774245,225.8180161
254.0411565,461.6347481
249.9116721,416.1549098
91.63702502,134.7927087
132.8182912,299.9090643
138.98946,243.5743194
178.3069127,230.7473623
168.0561103,240.3351212
105.5330383,140.4852225
147.2302817,146.0978829
231.1465753,285.5413409
331.9960374,354.8752516
126.6309467,294.127774
250.0639821,442.6709197
370.7713816,689.7915198
422.8130117,712.1755499
505.5874986,658.0901479
442.743005,674.2252624
596.3425768,780.8321407
939.6465256,1283.563707
1412.369672,1938.276051
512.155499,1064.997602
1074.370627,1819.171861
932.9874502,1700.05842
697.6919763,1641.474256
964.964733,1453.966859
490.1577465,691.1251182
605.4741333,1010.748657
623.3766763,1119.704887
695.7521337,941.208147
567.0162722,757.5682428
455.031603,1045.64468
471.6782392,1181.783956
439.6931499,790.6350628
592.6036467,1110.992112
725.4608704,1183.088561
601.3301155,1054.888732
568.9103077,1500.467694
386.7741265,1082.548391
376.4382691,727.319692
242.5096264,527.2634284
211.9661168,414.0139432
175.647021,271.2588719
250.6210019,349.5974183
251.7901565,430.291679
236.2657011,313.4677961
363.4786636,585.5210332
249.3001126,600.7392955
509.2288092,1143.260088
283.4675204,717.7017957
100.1684138,440.6201287
50.06754224,101.5600486
26.92739685,27.01205295
5.031602144,6.308273217
0,0.062189724
34.25588706,47.75169192
85.03828569,225.680735
231.2794793,324.2839961
153.2342084,622.8562612
233.9270472,432.2684823
447.6565375,779.3780302
279.4136493,556.5628838
123.7300447,234.0895427
123.5785079,196.7327938
52.38104195,101.2291959
110.9296876,155.902906
219.3347575,436.4494985
237.188395,375.0537805
90.4113064,110.8242485
133.841257,319.8505004
180.1962186,420.7171861
160.7438879,213.353618
184.6842015,263.0936552
100.2012408,190.8713194
147.7307501,162.0311907
419.1720076,646.561005
294.5257337,586.5715595
195.8230031,378.6206071
116.5017006,118.0523998
184.4043372,431.2534319
494.5812475,796.2239743
645.2340786,722.7948872
721.9489393,882.2470932
824.7001107,1003.630496
1031.39959,1227.902955
1133.391847,1456.138796
538.4865101,943.8588938
462.714817,1171.427835
527.2128536,1156.389843
735.0482465,1162.439075
872.1095784,1182.025987
570.681147,783.3080743
403.3654138,602.1315665
404.62835,773.3724008
577.0887803,839.1285908
471.0361759,782.0041959
494.0130668,594.2829691
402.38589,910.5821306
522.4487465,1064.60604
664.6818438,1347.888324
793.1678506,1257.063559
573.6070114,1264.785314
427.6994632,1117.794703
256.8181896,1262.350264
202.312042,887.6266499
231.9504006,490.449593
330.3576757,570.1717649
295.1740519,403.7216069
261.9695232,442.1505988
266.2818283,488.1087488
210.8300407,511.1771993
222.1039647,404.3451165
162.5599958,226.2076017
124.6870992,358.1158019
159.6471793,512.2835333
383.3078886,702.0002907
181.3042955,253.9337689
45.19856736,55.20082976
49.20407768,49.74237959
0.376924195,0.419825888
33.72317174,81.58096592
173.1758454,312.0600095
285.3323779,604.9547948
610.9512677,924.4410631
271.7744425,568.7186169
325.9028699,712.9782289
93.47566681,225.2921151
29.02890736,163.6894743
43.41764554,99.73701771
12.21685795,45.68192786
92.92008763,117.4004497
152.7400727,245.1111716
146.4101987,290.9326029
66.91684258,122.3017819
139.7437618,165.6014647
188.9865847,588.4240399
377.9909524,530.8315477
181.5330921,254.6685494
125.3608193,179.8148943
143.0735687,135.5439388
457.2693195,840.3178945
439.495211,792.2495889
353.0460854,588.47497
54.6111559,72.45317571
95.24764612,159.3135846
662.9155628,724.67837
846.6580061,1041.138736
992.0932746,1165.850955
448.0710477,532.4326544
426.4531386,502.2538486
459.6145641,599.1054956
324.6359106,529.701049
471.6528529,764.8347717
378.0294437,753.0768103
499.2075374,842.7078012
670.5520538,925.8189543
527.0927844,746.7875979
323.7379152,606.1880985
269.853389,518.8646883
251.7333301,339.5599907
434.865944,595.4807598
312.3918224,321.8899174
270.0562511,460.2818198
515.8288034,694.125593
635.5581859,1233.333815
609.1934914,1161.488732
226.7673381,1008.976187
668.3663702,1215.535674
394.0916668,1028.978389
249.1232931,1044.922643
298.6191231,605.1739287
226.5430384,391.6116568
318.6734079,436.6370579
202.5206795,300.619485
195.7117833,343.4329989
213.1188907,432.5462674
335.0331348,557.7556608
293.0843264,605.9553445
277.9475277,560.2095156
300.9725385,559.3851057
189.2451297,386.350681
122.2760589,232.2602074
40.69304763,41.82474316
27.51209713,33.9915234
1.217204808,1.217204808
49.88293573,85.33005731
101.9692724,253.3557406
273.220317,466.733324
368.3283875,699.6965888
197.4093649,584.2237214
152.370215,368.8393758
111.8731082,280.8352328
51.84779755,238.3591478
13.95844807,86.53949997
0.239610729,4.079158156
8.329559787,8.637177304
63.34926629,75.88394397
123.5461104,282.3120705
99.7574133,143.0463468
117.8089424,169.9437459
178.1141988,247.5947203
195.0187898,253.3955268
279.6109416,394.3506536
133.4717105,221.3526502
80.71016086,142.8041172
191.5324581,314.663152
278.3796539,397.2695338
151.0963114,228.1326953
29.47122726,36.74837183
30.41648281,57.17963892
230.2509125,321.9391609
452.3196919,629.72727
541.2449209,728.145477
389.6489497,393.3187622
320.6843428,441.6545235
267.3811049,505.1445973
291.3313772,387.5358182
299.4210392,378.2241052
389.6393062,596.2366758
401.0588008,822.2026624
431.9427554,1039.374575
552.9377673,863.3261528
438.3988293,485.3241434
221.8577601,329.8160407
181.5403429,264.6144965
204.2449949,400.2298901
250.2811133,385.2992883
206.9963443,281.3267237
436.5901808,525.9655937
368.76375,764.5665806
347.256844,840.8693358
422.527391,1164.792924
436.0141239,1160.29533
294.9475198,830.7877574
180.721385,789.6520239
329.1447279,825.6059877
301.3375284,567.7441328
299.5475257,461.248287
161.2475661,377.3342577
156.3249612,334.8748858
190.4840104,484.1212037
171.5407348,473.179326
236.8613101,422.1578966
323.6449912,580.596014
338.212759,658.4177286
195.2105221,502.4522027
196.1366982,489.1639414
92.60078742,248.0979165
3.972864413,8.903183552
0.02080866,0.020810831
10.51738736,20.84898562
49.65993871,101.5747039
96.57051576,249.7677329
211.3286635,404.3413181
237.7717271,481.4041461
196.6097926,356.338842
193.873812,271.2508238
127.3231788,192.715747
46.17998107,66.97307159
0.270454514,13.85969351
19.0222725,101.3154066
45.01862306,89.74220172
82.46989187,108.5527293
66.61149695,120.621985
126.0227349,158.1122351
107.1614884,155.1925467
174.8988813,298.4271699
220.1115031,312.5901573
117.383096,155.6704787
23.06043356,24.01552777
76.14802067,91.36373616
234.6188523,322.6033149
132.9558201,194.3025182
20.2942273,30.6213082
23.94100609,27.21212856
149.6727163,202.1150055
252.5224145,396.9719251
422.6502013,463.2776633
188.2384024,294.5508609
468.9772266,723.5796674
449.38875,832.9094774
289.236011,537.9975159
281.2111275,487.8917759
264.2023654,295.2362808
893.3111659,1059.939989
585.4180243,926.4752246
486.7680362,746.4927592
334.7705065,527.4157874
161.9962205,379.6570618
156.338697,352.4900942
181.2581679,290.0931055
396.3714874,709.9960127
329.8341097,711.195333
267.022466,420.2321694
295.0004884,649.5550462
377.7217817,706.0585886
460.8566975,885.9787816
333.9304714,791.2836158
201.7567798,524.4504921
342.8260278,626.6431465
521.2645025,1106.348771
465.963096,995.3041124
339.8149521,796.1186977
326.4188578,586.0946243
220.290925,451.5142368
199.2120044,436.6950404
246.0396233,711.0968846
190.9665997,586.3284598
141.6839254,505.5817053
184.3915576,498.3764957
373.1134567,430.4664026
299.6131489,634.1249188
105.4169673,253.1325853
6.821129494,14.48906199
0.055486942,0.155519333
8.721180264,14.81185128
39.28824501,46.18132205
50.82047066,76.28127123
102.0629157,151.625729
185.007884,290.8471581
213.5482429,270.9021528
108.8121233,110.4067514
40.46962045,42.53810873
0.735284889,5.941498792
52.19016614,94.11308495
97.12860136,137.7866979
74.95564068,105.1149709
83.72019565,100.8995608
12.6917113,17.71413407
23.15032785,38.94900222
71.15792649,116.6807571
270.2129529,307.9947799
17.87171371,22.86960881
160.4322977,169.5209614
447.9642967,567.2866919
457.025511,655.2349836
205.5151879,368.2777439
104.1319373,164.0546833
6.514872932,8.091591801
134.4728496,167.8065973
186.1583323,243.4892531
196.6690173,268.2199412
140.4044544,361.2773004
415.363785,761.9960569
375.5143007,733.5421508
318.6721536,555.4606205
108.0664054,508.2928799
106.223002,333.5690722
455.075805,712.3654484
329.042611,630.5736203
263.6788259,424.132641
252.693016,363.0305645
201.6283972,417.9906299
129.5863883,147.4762157
165.5463629,159.2044892
184.4660436,225.0185668
174.4862353,420.6060602
263.6586995,666.3017291
251.7753644,538.6273191
163.372798,728.2988775
216.242434,732.3250083
289.1967645,812.0265731
294.5314701,699.1495912
231.8128209,424.6062319
317.2810658,717.6124659
411.5546746,683.0884579
385.2471696,654.0324391
265.2968073,659.8803886
202.9786042,501.8884098
231.7286338,490.1342551
266.3035199,634.3405084
202.6271217,626.6415221
198.5046149,476.8884652
166.5759829,533.9939182
247.9165474,455.3910245
250.7555342,286.95316
77.10168677,120.1109059
2.569536065,4.036180555
0,0.0280293
0,0.008778696
0.44450692,0.534153149
1.007805634,1.022464147
34.91168966,34.89343539
95.95567805,171.4284343
226.2768728,275.5206719
203.4474627,214.8854271
95.83356408,103.7125081
8.900963386,12.95188282
62.58343599,93.727206
43.87020963,45.97308184
61.95192257,84.94645815
73.40415707,94.33335878
9.793200436,10.76486959
27.64991249,41.65249494
69.44952759,76.20083625
44.60206454,44.64839571
75.78768896,76.9015469
208.6977834,292.1280991
474.0498631,749.9384826
436.1254415,567.0830347
333.4510769,735.0284394
198.96241,298.2208228
32.72825477,55.15169295
12.92822753,14.54892172
86.93787806,130.2551016
228.6976553,355.4824333
364.0333553,418.7435891
328.3635975,384.4517496
164.9690308,244.389739
99.04179057,310.3758312
212.3640389,316.8000514
176.8772024,237.0866842
65.18663163,204.8152208
83.08155078,123.3247967
74.78506641,191.9170861
197.069017,242.769759
283.8425582,670.9622826
126.1300057,297.0614297
228.608259,219.2852002
285.6914102,545.7586183
322.3839769,545.5090256
254.36856,583.7652867
295.6110336,836.2346524
501.121708,800.0746165
185.3035527,555.1534536
284.3787844,590.6573114
275.0799549,696.7752776
215.4208537,480.0747163
249.5692947,470.312503
320.2468414,554.8219225
540.9707636,854.0927756
277.3276194,514.2610078
348.4641041,574.3698236
300.282726,469.8157967
244.385615,600.0294594
215.1264121,353.5853146
299.267209,494.7103891
282.6033776,557.9816537
303.0545337,661.3785753
221.2824318,524.822992
89.78599928,103.6191777
0,1.252843131
0.12382079,0.812658877
0,0.026149716
0.627207877,0.63425199
150.2749218,150.2814938
129.0152524,239.3769494
304.9377077,567.2639759
339.8060757,489.0048665
208.9227463,261.1807857
54.69865402,52.19201844
265.5208942,428.9189023
120.5128702,149.0592602
52.41762519,86.44189979
22.64277554,57.95342046
190.3127306,188.2592193
143.1280383,181.8773205
141.0593035,253.4098331
90.98776603,122.3828424
210.7335657,250.8547644
238.6662044,285.5718371
218.6550714,309.3351338
174.5144741,328.1667625
246.636679,540.0235872
352.875632,604.0047426
304.3419103,492.6901457
90.41003674,116.4631383
120.8666285,173.8329101
276.503723,402.2368117
183.846314,234.565366
54.85664945,136.8026968
41.04973742,136.8340506
165.4227521,276.9397051
95.3333557,162.7872476
137.8871918,137.8307869
113.2626653,115.2860972
118.7238982,121.970726
75.3177049,175.8824538
237.7208851,380.3195421
303.092915,561.1519945
208.2798373,362.4393819
96.80727159,369.4954286
167.5084958,510.8330077
139.2789162,381.2767542
125.3192031,369.9512255
234.3459034,464.1387156
212.0312387,498.9255332
120.4190685,407.4631415
258.3723872,514.5800695
310.6097751,678.2603014
164.9030205,275.4631283
137.9064726,305.999487
194.5422266,467.8150779
272.9641243,517.7299064
254.7909291,410.3705935
323.089838,407.0573115
339.5945329,477.2278691
250.8010299,451.2438055
220.0329059,297.9068845
257.3604321,420.2867777
221.5068788,759.4241816
223.5956657,500.8758819
317.3016818,401.3186818
84.29160842,93.99137067
0.318785263,0.841217778
19.38087242,20.4813214
101.985947,110.8074848
41.3601178,43.85888347
153.7843366,156.694289
285.791333,406.4966268
506.3903282,944.9590327
500.9418494,619.3576769
209.2401898,260.226117
115.8826974,120.0872266
273.5362376,355.1180005
225.2982259,447.3410743
115.1389885,229.99513
151.026496,226.8486734
225.4460547,256.8413418
118.2902528,270.8359443
125.4925473,366.4498243
148.2852155,236.5580591
265.776804,537.9178482
238.713001,458.1311173
194.93055,305.0489802
177.9045684,298.8630865
150.2722286,398.012513
513.7939189,1255.506861
544.3964372,791.3639167
149.3997771,256.1073712
71.34292658,114.0764714
143.6834132,269.1876741
123.3032312,255.3577054
60.89470243,158.1404219
105.6209639,139.0440302
58.80594072,58.27318299
128.9210111,160.0363939
99.51321571,190.1832244
49.30016438,109.046275
91.63891862,150.6944218
152.3439025,347.1176072
233.9550844,468.4670197
201.9586123,470.9010868
116.5805564,239.7661747
99.9418219,231.2745614
137.8461027,213.9980079
161.1027516,326.3218356
294.1813549,569.5040868
276.3227013,509.4248299
212.1316743,493.4282725
136.7700982,341.991029
176.3251798,453.871402
312.9617171,497.9712694
154.6012468,276.4748792
56.58010393,84.74456626
195.8340318,314.7909597
351.5312082,677.0330855
325.1430283,550.4836353
198.003579,386.6583141
206.0199174,381.4542882
296.8606501,375.6988013
213.3871383,284.7470368
260.6704259,323.6846526
255.3669631,899.2000618
251.4870811,520.6456465
209.4604242,204.3564373
86.2375595,138.0502874
16.66177943,18.12331523
52.22592969,153.525361
0.385469671,2.436606098
7.603159146,7.5297244
32.65587299,33.79328841
86.74574384,88.42250114
244.8144157,336.2823521
591.292199,1045.354576
447.1970992,686.3028374
168.6492253,175.0086748
49.95231997,177.982801
46.94701018,173.3439619
79.47677439,266.2634691
220.4436208,477.7218087
228.4356692,323.6501538
187.1321628,264.4261971
184.4690514,348.115409
154.9380861,357.2235752
279.3546406,422.5792886
424.956968,827.9778932
330.5410287,693.4670554
285.4343677,524.0502531
277.6276959,466.1228426
307.7920134,579.4307258
526.9456619,1257.751156
385.0361343,810.6026886
164.3395863,266.1942502
78.98022404,113.0900333
80.23238223,171.1182397
76.71183875,136.9021437
48.53196192,79.66041484
47.57008507,101.8071549
204.2501028,219.2631337
133.5882294,133.6064988
27.1135189,145.1993209
7.711393449,132.8288854
17.93784099,151.035023
140.0722256,338.6763321
155.8975087,375.0631226
151.236031,261.2179474
124.8227879,268.8870282
180.0903157,262.9690862
103.8338875,156.985938
177.390473,252.426164
170.5332693,451.5559311
206.7739113,315.6516035
247.090516,417.2876334
85.75401248,188.7888527
110.3755645,177.8214355
91.06347378,214.7411631
148.2160332,336.7987251
95.5451237,219.9374331
76.41675216,115.1477563
165.3778362,298.9566054
189.0879544,544.0663665
259.5544037,423.4655116
295.3443835,419.5068177
331.5980758,547.5647257
118.3368235,315.3563862
159.4638517,191.4819305
148.8331031,347.2195287
205.2800195,335.4579714
239.9117943,390.957315
159.9003703,220.6247199
138.6569621,184.1557564
172.0771499,260.2590013
0,0.08580287
0,2.114370512
0.254556084,2.59459198
34.05930424,34.09392966
169.1865104,216.3755077
248.9818098,395.5564773
602.9764436,831.437565
484.177869,608.8378581
254.379802,281.4453714
69.63590182,136.7231891
81.62938941,162.5171631
80.12439251,227.1752413
99.42950216,142.7950471
194.0337003,295.6258043
203.284272,332.8328894
181.1477933,353.5749166
325.1720274,507.7011756
245.4648607,533.9621397
338.8272422,600.4422994
265.2973412,404.988313
390.9302923,519.480618
289.8703486,363.5611991
340.2549615,696.6848428
451.2715964,1294.777
249.2216982,586.8030204
133.8324773,260.7225048
66.59854887,92.89748807
38.58539718,72.35539606
72.99611804,136.0116777
26.9802847,97.1818064
132.1073971,147.5954099
191.2862997,185.1863072
96.10581964,108.9406624
62.03130726,150.8921491
48.8061964,73.44803662
63.73114526,176.136377
112.5768877,251.4644478
147.2140931,146.5697125
207.4098405,207.5818422
354.0197856,507.6023337
177.3297221,406.2386125
186.6816521,311.1352376
72.01256617,128.9643712
79.88522255,129.0860588
216.1973374,319.9666798
132.16918,349.5065663
108.621591,306.7703492
144.8757334,317.928544
141.2758123,264.7147291
223.1754166,385.6987134
187.9399342,307.0969633
91.71584254,216.8066103
116.0482497,124.8700621
60.44680688,76.97573662
286.1363552,389.6827994
510.4971113,715.2315685
238.4266477,331.8857649
185.4914861,319.8801003
205.0559977,324.4743136
161.7808813,200.3039541
331.5102228,599.7709632
305.6150991,693.2011026
173.4308747,507.2306583
187.2357086,280.0036916
128.7692428,152.8442053
0,0.015542432
0,0.239066523
0,10.51622056
16.47548554,22.16543524
84.09492088,229.383114
165.9472129,347.9542802
421.9499713,593.059412
446.5841914,529.2814856
185.3415991,242.9470928
134.6787102,231.3278001
51.77841519,58.55761417
105.8410258,114.3020601
89.31664031,147.9677507
319.0196913,462.8446834
228.5285362,352.3672867
158.2107382,293.5037944
198.1364512,309.8489051
131.6960457,215.6198457
309.8307967,307.8007347
384.8122203,383.0652134
326.1710488,566.351481
522.5841351,663.2065627
183.6926904,352.7588898
201.0618581,392.3775745
179.5964274,359.9409268
199.7543221,242.6085509
68.28732524,158.3900686
33.43218992,66.78182218
128.0129063,335.6337297
67.92871671,99.48878392
179.9488991,241.7483735
117.1364759,140.1561298
92.93914171,137.6331686
90.90240382,132.7911329
50.96279495,58.39359163
80.5702708,168.0667504
43.6265461,161.5259788
50.2095996,111.5645663
186.9086969,214.7121736
239.5507723,239.2284083
120.5096433,325.4333847
68.54566218,143.8921713
5.925144997,19.36623215
22.87372667,42.34436905
331.4152835,332.6614159
351.8121513,567.7093093
94.97990597,282.7300352
512.6408221,593.4720763
173.6703049,487.7778634
230.2879372,453.8998644
143.9311221,295.4268379
209.6289137,309.8494004
193.3142638,214.1945999
94.4349487,93.7708876
29.22874948,36.32819701
220.8006965,440.633193
576.3518607,743.6485665
417.3850797,573.6991841
138.3588093,263.4857295
72.89000988,220.2417397
339.9618506,546.3309285
164.8533656,592.577481
251.6043032,553.3392184
177.11479,278.4613626
77.34503828,254.5145221
0,0.672582752
0,1.881419666
0.014794797,5.925079751
32.48293636,32.98167773
101.9837914,171.8643819
219.3596546,372.2545152
423.4986731,549.7741056
334.2198499,333.7631593
108.7488382,244.5991041
219.8275642,366.078267
183.0367797,272.2271408
42.18610951,46.1693815
198.227387,241.9553167
207.7354661,261.3982218
186.1729123,226.9918367
65.86150465,89.17743626
191.121544,191.2161988
140.5499965,163.2334991
330.8007816,429.0086682
467.5571073,545.2582464
345.0471255,520.186847
734.4340597,1166.601063
349.5700672,491.4362361
129.9650557,227.4934839
209.943871,391.0309767
101.2633911,104.651168
98.03291944,142.0925084
59.2461091,80.20456041
132.1331637,264.8665963
223.704755,240.3156008
418.8211092,421.3870101
201.5992243,361.9952733
186.4861309,310.7430452
161.577555,159.4399174
25.17148861,48.49646978
129.6123876,227.396742
129.1802025,183.8810347
73.66317327,124.0698403
168.5168955,170.5815863
157.4854111,158.3262616
158.4036202,158.3728196
99.98267681,99.94694944
0.701305657,0.973229808
44.33581595,69.77817927
205.29657,291.6596597
232.2740888,420.9553741
463.4827089,547.8372188
389.6992976,379.4235386
185.904501,310.0919444
223.976175,481.4282195
189.6154471,497.9351571
189.2380197,413.2739927
199.5333761,204.1840799
72.91066233,85.96525222
187.1485153,294.8177062
383.3550786,511.9928162
531.5109002,665.4735998
413.7029262,503.190057
285.7125638,403.2675646
166.0463148,280.6911896
190.9473223,408.4891476
162.0766785,347.1393237
284.9234781,516.7379033
186.0897133,251.2914765
65.08328817,98.51369394
0,0.00017708
0,1.334531619
0.125118676,4.91240327
10.17951199,10.28167229
37.56383171,77.28324796
315.8614365,372.6635195
301.7865997,375.8210172
177.2242073,196.184435
150.9732625,144.2856582
139.7274746,190.782333
133.3851965,186.4063532
128.0834891,131.4699332
358.5637318,360.7384048
357.9961157,363.7737866
147.9894272,167.6904891
84.15079451,89.20264838
201.8093383,204.9488808
110.2715124,110.6710535
435.9600299,538.6217981
673.5852091,942.749175
567.6627482,672.6114008
545.8429353,847.0352471
374.1791103,661.0995533
151.2683605,279.0563042
144.9555777,339.448136
111.4435411,412.1297335
161.9511476,207.2302199
212.970514,247.9255802
196.7824569,318.1804201
139.6246118,507.8246032
78.01568996,280.8888851
165.3792379,455.2042754
107.102827,202.0111879
152.91439,149.9988126
36.12016287,45.21736081
99.07258406,260.1966558
103.4910996,241.8759601
81.53717803,111.8219075
56.77359149,56.2443092
24.98416331,25.18558399
13.76508485,21.16975209
6.407973991,10.08301339
7.24202159,10.50947029
42.41649042,74.82236886
271.46127,418.3504547
221.796844,441.2953891
77.85328276,212.883972
70.84444648,124.9578658
159.6961427,258.1532702
185.5801841,401.6535487
128.1330442,274.5637043
94.28769226,134.2981898
13.89217061,14.58757724
43.5022055,81.40117923
168.4953458,236.0761649
463.9471528,528.0438932
436.6728914,509.3706138
384.6039608,536.0280473
314.1711765,520.6342833
299.7012697,638.6387965
226.8959793,416.5218073
149.0116679,304.7321177
231.5053928,344.9980053
133.6994182,162.5267468
0,0.336974642
0.256649701,0.305354586
4.85663875,4.903433298
23.65001353,25.27446948
62.09023586,62.19061996
38.79919724,44.51922305
83.74058853,126.6797534
133.6584729,202.8241744
223.345486,226.3129993
249.6518983,253.1869437
341.0804486,341.2708037
159.2619339,256.7933963
394.2134017,396.0031436
312.1066919,315.7102349
168.2257232,168.4259286
357.3534959,302.3954463
90.27068225,82.62296727
144.1121636,335.362031
258.602473,620.5358295
486.5108598,885.0547012
420.0070527,398.990634
427.2228012,608.0532466
425.7192276,665.8287011
336.8846008,331.7940638
203.2634305,229.0754703
226.0959728,247.9252269
90.58024408,97.56621897
44.34415818,62.75772695
62.16923468,67.29176464
50.34967372,54.73405371
81.40990326,189.5289988
50.30474956,56.56064607
32.05499851,33.40339833
4.122825199,5.396830114
26.81071403,51.08395732
23.14155646,42.68819822
21.18760022,28.21038541
9.400797689,12.17456406
1.346568482,4.359906366
33.99020947,72.40827172
58.43236484,143.7396902
69.5859447,116.3099111
25.53913837,26.3952855
23.69693871,38.95481048
49.47581727,69.28435459
38.3024716,48.78194917
4.485394752,6.383413106
0,0.000464557
55.72655357,65.0334146
214.0447257,287.2342828
683.6113262,750.6078697
804.9853735,936.6131321
776.4112517,1133.570531
692.2266937,1032.071781
651.8761137,1090.94162
622.8249998,900.332517
135.3986228,216.6348282
130.7720259,207.353041
20.28197693,44.58994308
0,0.324816532
0.21339835,0.211477567
29.72525734,33.07088884
8.726898615,8.647109581
19.70332615,27.48820956
124.8259414,144.9100745
158.701141,249.6197631
145.9087025,163.7794584
211.6837432,213.5001732
215.8289349,438.2016297
120.2255216,181.3541405
197.8645627,228.3882536
119.1999859,144.8081433
136.0210912,136.3734993
205.0621775,215.4504608
93.6996517,91.75264197
54.35460614,137.9108392
146.2946281,269.673921
103.5439185,191.7184042
237.4380423,267.7908376
161.9530868,314.640721
382.7060705,641.5890047
541.0041913,603.5444362
128.1750887,170.0848019
60.21807615,93.77318153
49.44441327,53.72733789
0.933948325,8.377562131
0.515093617,0.758990034
0.153665,3.372285915
0.150165861,2.488789409
1.275657414,2.070813334
0,0.106996021
0,1.499457603
0.20077432,0.500944133
4.852942884,6.033704059
74.18169069,80.88794052
334.0793663,498.8510041
438.4492365,653.3168791
834.6827986,1112.262424
901.475251,1460.50065
573.2280321,871.0149046
329.0335931,442.8704482
59.67470524,83.73493661
6.690470294,16.40334355
3.266327849,3.550226143
0,0.003101983
0,0.097454032
31.28612075,31.42329917
27.06822638,27.06135538
0,0.094187547
23.00624155,43.02243581
50.08849071,78.46304794
21.05842335,21.0961837
238.7715181,241.1245507
420.2521715,426.045651
324.2326288,437.0534065
197.1894502,258.4273734
54.08325628,70.58396857
86.64783194,86.7719817
119.3176578,119.5906447
101.5298711,101.3923829
55.57202433,61.41837491
54.09541849,63.47020647
6.367783415,34.89368363
105.7571318,149.7710623
151.6414142,142.8021959
168.2742436,171.8350856
472.6921694,575.1274742
131.7789024,145.800267
35.7584176,56.57146596
9.510782964,9.905844191
81.37833763,142.3972046
230.1112567,288.1007134
618.9823864,627.0325867
630.7696412,769.3979885
332.5241999,525.9719566
88.22082909,92.65605454
19.87693438,22.95641812
