   0.00000,   0.16470,   0.00000,   0.00000,  12.73130,   0.00000,   0.00000,   0.00000,   0.00000,   0.00000,   0.00000,   0.19980,   0.00000,   0.00050,   0.00000,   0.00000,   0.00000,   0.00000,   0.00000,   0.00000,   0.03430,   0.00000,   7.22590,   0.00030,   0.00940,   0.00740,  10.66440,   0.87600,   0.00000,   0.00000,   0.00000,   0.00000,   0.00000,   0.00000,   0.00000,   0.00000,   0.00000,   0.00000,   0.32180,   0.84310,   0.00000,   0.00000,   0.00000,   0.00010,   2.81430,   0.00010,   0.00000,   0.16690,   0.00020,   0.00000,   0.00000
   0.37140, 337.02539,   0.00000,   0.00000, 103.90460,   0.00020,   0.00000,   0.00000,   0.00000,   0.00000,   0.00000,  46.46200, 184.11780,   0.00630,   0.00520,   0.00000,   0.00000,   8.11030,  12.99970,   0.00000,  92.73920,   0.00000,  75.62560,  31.05890,   8.02170,  21.34920, 142.29871, 239.31100,  11.11790,   0.00000,   0.00000,   0.46640, 289.15170,   0.00000,   0.01060,   0.00000,  80.81750,   0.00310,  35.45590,   0.14610,   0.00000,   0.00000,   0.02060,   9.29290,  59.66510,   9.55520,  12.98790, 321.87680, 180.21919,  12.03630,   0.00000
  15.62770,  18.43930,  48.71520,   0.15480,  60.25420,   6.34450,   0.26120,  28.36730,  14.25410,   0.03250,   4.29520,  35.08110, 225.63921,  12.13760,   0.07080,  87.82020,  16.04950,   8.67310,   0.45840,  35.56000, 164.66949,   2.32250,   7.81700,   0.00000,   0.10730,   0.37630,  60.79440,  79.50410,   0.10550,  31.90340,  31.49640,  96.98870,  13.23940,   1.84090,   2.45160,   0.46670,  69.38320,   0.65700,  12.50090, 124.85020,   2.08430,  78.79520,   5.60740,   0.39190,  12.42790,   4.82050,  74.24290, 162.32001,  86.91680,   1.91570,   0.00000
   0.84800,  29.35930,   2.47700,  69.39100, 584.37988,  96.38990,  22.80590,   0.11120,   0.01060,  32.39940, 157.11710, 360.76141,  52.58030, 314.19821,  21.04700, 267.83661,  82.23210,  98.82060,   0.59260,   0.00190, 630.68048,  64.67940, 228.54041,  11.46720,   1.49490,  15.10350,  23.64730, 117.15140,   0.29520, 198.47220,   0.05270,1109.88635,  45.08130, 235.89850, 199.38440,   1.08970,  45.78330,   0.38740, 660.12543,1318.78271,  47.22110,   0.51620, 269.29770,   3.47990,  68.49910,  20.37340,  55.46320, 202.03419, 108.31120,   2.18290,  18.68600
   0.05020,  13.01990,  33.33900, 212.62621, 692.68683,  30.90590,  54.49190,   0.74220,   0.07440,  23.26650, 313.43439, 349.05530,  10.08010,   8.20960,  85.83770, 133.95171,  83.03280,  46.51860,   0.00030,   1.68850, 873.78412, 133.92860, 880.37622,   6.22530,  86.67020,  11.79370,   2.94410, 174.48129,   0.00000, 256.85040,   0.00490, 408.38071,  25.13060, 463.31601, 177.52451, 126.78670,  27.00020,   0.11750,1021.78979, 746.23889, 154.97121,   0.11700, 177.65300,  17.81480, 843.36108,  73.00260,   4.42700, 292.17319, 255.61681,  26.55140,  29.84200
  25.29300,  27.65060,  14.23030, 117.29380, 253.17059,  39.03910,  16.27480,   0.00020,  11.94470,  13.74400, 333.42850, 283.70599, 139.45081,  12.84340,   8.62840,  86.15480,  86.58220,  15.18250,   2.07830,   3.25890, 627.89130, 203.20010, 795.66821,   9.09980,   6.04160,  22.49940,   7.18980,  35.61670,  32.43320, 113.49620,   0.00000, 400.38361,  29.29910, 118.80080, 232.89880, 326.56329, 149.08350,   0.04650, 931.30090,1006.81012, 158.63429,  16.67810, 222.95770,  65.22470, 762.78821,  88.65310,   0.38840, 179.98070, 194.16870,  29.14910,   0.00000
 165.49271,  32.08770,  39.78270,  28.48010, 488.03491,  89.49550,  50.43460,   0.00000,   4.30240,   7.05800, 107.54350, 287.25580, 108.25760,   0.40850,  40.16930,  17.44440, 190.22729,  29.30420,  14.01860,   0.39070, 265.33749,  37.80830, 391.42099,  19.93830,  13.61300, 105.24730,   0.76790,  27.42730,  31.12220, 199.85170,   0.00000, 399.50500, 105.40740,  96.22440,  38.98880,  77.41820,  70.65420,   0.00170, 378.79590, 722.03778,  39.55590,  53.04350, 198.20580,  35.00640,  88.06190,   3.98220,  17.63170,  72.44670, 104.77790,   2.20520,   0.00000
  39.56690,  32.49310,   0.11130,   0.49990, 123.67820,  25.33560,  69.96940,   0.00170,   0.00000,  17.07660, 108.46120, 137.10370, 322.37280,   0.00000,  38.88690,   1.29550,  55.93200,   1.42120,   4.60710,   0.00010,  12.71060,  18.52880, 155.14771,   7.58830,  67.75400,  15.03000,   0.00000,  27.40640,   9.78270,  58.45680,   0.08450,   4.54390,  87.55310,  37.34670,  34.87640,   0.21240,  12.14460,   1.07430, 129.02580, 203.97250,  51.95080,   0.04350, 217.03230,  27.37160, 132.10780,   0.01950,  32.84330, 103.63320,  73.01760,   8.86000,   0.00000
   0.04430,  25.27960,   0.00000,   0.00000, 308.58411,   4.88320,  68.76790,  10.75750,   1.44510,   6.43810, 205.85970, 461.10580,  98.83470,   1.47420,  36.10330,  34.65380,  24.83060,   0.02940,   0.00000,  63.20350,   3.48500,  35.80440,  75.84240,   1.97950,  10.69840,   2.85770,   0.00000,  41.90650,   0.00000,  20.00470,   0.00000,  21.46730,   8.64030,   0.01030, 103.27950,   0.00170,   3.36120,   2.04920, 290.73969, 190.25920,   8.84380,   0.00000, 113.41050,   0.99890,  63.75140,   0.41720,   1.56210,  90.41410,  69.83060,   0.30240,   0.00000
   0.00000,  12.15900,   0.00040,   0.21880, 492.86700,   5.30360,  24.26320,  15.32530,   0.13480, 127.34320, 151.38350, 270.31921,   0.72390,  38.08320,  14.07770,  45.44690,   5.76740,  77.62380,   0.00790,   6.87270,  67.81290,  60.94570, 627.98151,   0.00000,  18.84430,   0.00000,   0.36260,  97.42630,   0.00060, 277.64581,   0.00000, 671.41418,   3.23280,  10.24660, 165.34019,   0.02000,   0.46550,  38.78010, 542.01782,1182.48987,  55.48020,   0.00520,  98.13510,   0.87410,  11.90710,   2.06640,   0.00050,  42.85870,  45.85240,  62.97660,   1.21200
   0.00070,  11.22430,   7.59450,   6.01900,   3.49960,   1.58600,   7.36080,   2.72730,   3.66460,   0.00000,  29.85720,   0.32450,   1.08160,   0.00000,  18.20940,   0.53600,   1.59550,   6.85380,   0.17030,  38.88420,   2.13430,   1.21210,   0.01110,   0.69150,  22.28160,   0.59890,   3.83280, 167.15759,   0.00000,   0.42200,   2.42190,   0.00000,   2.85200,   4.43480,   0.01350,   0.29980,   0.91640,  10.12170,   2.10980,   0.18810,   3.94570,   3.85080,   0.00050,  81.53130,   2.31110,   7.51150,  18.04200, 119.88360,  95.06060,  50.67630,   0.00000
   0.00370,  11.73810,   1.76770,   2.40260,   7.09360,   0.68330,   0.57090,   0.02050,   0.00330,   0.00150,   8.57190,   0.61260,   2.55470,  17.65980,   0.70730,   0.00800,   0.49210,   0.78040,   0.07190,   1.50730,   5.11930,   0.18690,  17.51070,   1.90850,   0.29930,   1.86280,   0.09850, 139.61490,   0.87450,   0.02060,   0.00120,   0.09530,   3.97450,   0.38820,   1.36500,   0.00000,   2.70310,   0.34240,  28.31320,  66.90620,   0.36460,   0.00000,   0.70600,  31.48990,   3.22970,   2.49430,  25.71600,  94.41070,  42.57700,  22.52160,   0.00000
   0.00000,  54.03430,   0.38710,   0.06280, 234.74850,   4.47200,   7.46120,   1.96340,   1.02260,  38.54960,  14.74930, 195.75250,  71.41500, 152.51559,   0.35320,   6.26080,  18.22800,   6.94630,   0.00760,   0.04200, 117.10060,  11.71490, 205.35660,   0.00640,   0.33830,   0.00290,   0.06880,   2.79960,   0.00000,   5.36020,   4.40510, 560.32391,  21.23020,   0.69340, 236.29840,   0.63680,  20.52890,   0.12390, 263.55930, 240.16920,   2.43340,   2.14800, 239.18170,   0.26530,  22.95060,  16.74350,   0.00020,   1.91280,   0.30290,   0.00010,   0.00000
   0.00000,  22.94030,  41.54160,  59.59850,  84.88940,  82.38660,  67.47360,  14.02800, 272.87219, 606.37048, 543.14917, 273.24438,  35.97340, 846.83112,  33.66380,  86.95540, 196.36560, 119.10270,   0.00000, 567.38098,  55.43080, 168.68201, 138.28990,   0.01280,  31.01620,   0.00080,  24.63380,   0.08430,   0.00000, 103.82650,  43.35860,1078.06812,  60.94880,  28.87710, 542.91882,  36.63850,  21.04730,   0.93300,  76.37230, 685.00562, 234.30440, 181.45911, 715.07501,   0.00000,  66.56270,  93.67030,   0.00000,   1.45550,   0.76930,   0.00000,   0.00000
   0.00000,   4.43240, 259.00150, 269.36740,   1.25050,1067.89575, 383.36990, 149.72681,1887.97961, 955.05719,1124.74487,   3.49530,  15.00320,2251.73999, 770.65021, 168.86450, 974.04980, 178.12469,   0.00000,2429.91040,   1.10070, 293.31299,   0.63190,   1.37540,   0.10750,   0.00000,   0.50820,   0.10370,   0.00000, 624.81421, 653.33691,1558.45605, 184.31030, 168.17250, 640.95831, 107.96360,   2.20160, 130.90540,   6.25360,2244.86353, 805.70190, 656.32257,1573.32202,   0.04080,   0.00250,   0.00350,   0.00000, 112.95730,   1.51990,   0.00000,   0.00000
   0.00000,   1.03440, 831.03998, 995.02869,   0.20650,1707.52014,1360.17407,1032.44385,1876.89624,1390.36926,2070.94238,   0.02360,   1.14310, 890.37299,1969.78894, 322.43060,3367.16528,   0.00000,   0.00000,2519.76538,   0.05810, 972.35248,   0.00430,  39.59200,   0.00000,   3.16090,   0.00160,   0.06230,   0.00000, 649.22559,1444.63721,2212.35986,   6.89980,  36.90910,1003.83160, 426.61581,   2.06090,1609.50586,   0.19970,5003.21191, 822.78851, 974.86902,1085.21362, 363.19131,   0.00000,   0.06280,   0.00000,  49.55050,   3.12320,   7.82940,   0.00000
  22.44320,  79.99020, 369.87540, 510.78201,   9.59190,1798.69360,1194.34924, 970.20111,  39.86400, 177.07280, 195.07790,   9.25350,  85.65550, 157.34250,2565.98950,1423.98193,1793.52563,   3.62970,   1.97650,   3.56590,  75.87130, 236.97701,  30.79220, 413.89529,   0.01990, 261.90860,  16.95880, 111.91450,  22.86360, 255.13100, 305.19620, 324.12631, 340.44821,  53.29210, 605.26422, 489.27591, 167.43359, 701.11542, 404.68610,2246.08447, 437.12421,  11.19710, 355.11649,1546.69653, 260.18100, 152.56841,   2.59540, 670.62280, 175.35519, 296.78339,   0.00000
  27.63560,  59.75110,  21.85970,  24.31130,  72.64420, 126.16980,  22.11790,   2.99900,1134.23376,  40.36240,1422.63123, 474.04999,  78.43420,1560.99683, 571.08020, 766.36121,  31.95530,   2.48390,   0.00940, 658.09961, 273.39340,1209.85950,  20.78360, 861.04462,  13.80910,1187.98633,   0.02730, 124.91950,   6.60590,   3.97970,   0.93340,  86.96560,1096.48450, 754.18408, 365.51730,  14.93940, 410.36401,   0.61320,1449.27588, 116.12650, 125.35520,   0.00000, 137.38741, 705.62677,4631.32666, 280.58319,   0.00000,2097.53369,  57.01850, 393.50061,  10.89320
   2.42630,   2.40650,   0.00960,  92.78350,  78.94050,   1.16540,  54.30310, 330.92331,7250.42725, 185.03560,5510.38916, 163.47740, 615.64581,3309.78369,  92.44470,   0.00030,  10.48190,   0.06530,   0.00000,8467.24023, 241.47330,7643.02344,  82.84380,  34.85210, 393.80579, 111.63500,  19.81280,   9.42770,   0.09630,1435.21777,  64.14930, 411.95059,   1.43060, 181.57010,2255.64355, 115.73370,   3.13900, 585.90942,1062.11243, 131.22050,3164.14795,  66.54230, 283.85550, 448.49640,3994.47290,3099.45752,   0.00000, 303.69461, 121.22710, 206.36560,  13.78120
   0.41720,   0.06450,  38.93320,1973.30103,  12.75240,  49.49550, 627.12592, 562.94501,3490.02637, 294.06790,9576.48438,  37.21930, 332.81601, 155.12030, 523.01660,   5.39020,  52.15390,  14.32500,   0.00000,4038.71606, 153.07280,18159.91016,  61.31480,   0.01400, 841.49152,   0.09030,   0.00000,   1.92460,   0.00000,4437.84961,1940.10437,1226.96765,  19.01220,   1.59120,3073.09668, 137.52831,   0.49690, 648.38843, 107.96840, 669.02759,7711.77100, 324.36490,  89.25630, 171.84370, 313.66019, 604.76349,   0.00020,  64.87880, 480.41779, 105.87130,   8.20890
   0.00000,   2.77550,   0.00000,   0.00000,   0.00000,   0.00000,   0.00000,   0.00000,   0.00000,   0.00000,   0.00000,   0.00000,   0.00000,   0.00000,   0.00000,   0.00000,   0.00000,   0.00000,   0.00000,   0.00000,   0.00000,   0.00000,   0.00000,   0.00000,   0.00000,   0.00000,   0.00000,   1.64930,   0.00000,   0.00000,   0.00000,   0.00000,   0.00000,   0.00000,   0.00000,   0.00000,   0.00000,   0.00000,   0.00000,   0.00000,   0.00000,   0.00000,   0.00000,   0.00300,   0.00000,   0.00000,   0.00000,   3.04400,  66.81150,  16.16480,   0.00000
   0.00000,   0.00000,   0.00000,   0.00000,   0.00000,   0.01060,   0.00000,   0.00000,   0.00000,   0.00000,   0.00000,   0.00000,   0.00000,   0.00000,   0.00000,   0.00000,   0.00000,   0.00000,   0.00000,   0.00000,   0.00000,   0.00000,   0.00000,   0.00000,   0.00360,   0.00000,   0.00000,   0.75300,   0.00000,   0.00000,   0.00000,   0.00000,   0.00000,   0.00000,   0.00000,   0.00000,   0.00000,   0.00000,   0.00000,   0.00420,   0.00000,   0.00000,   0.00000,   0.00000,   0.00000,   0.00000,   0.00000,  10.94500,  50.00250,   0.42960,   0.00000
   0.00030,   0.12450,   0.00000,   0.00140,   0.01470,   0.28720,   0.00000,   0.00000,   0.00000,   0.00000,   0.00000,   0.00000,   0.97180,   0.00000,   0.01340,   0.00400,   0.00210,   0.00000,   0.00000,   0.00000,   5.94860,   0.00000,   0.00000,   0.00000,   0.13090,   0.00010,   0.00000,   0.01710,   0.00000,   0.00010,   0.00000,  82.01780,   0.00000,   0.00000,   0.05560,   0.00000,   0.01140,   0.00000,   0.00000,  32.15920,   0.00000,   0.00000,   2.25160,   0.00000,   0.00000,   0.00000,   1.16550,   0.00670,   0.10410,   0.00000,   0.00000
   2.64030,   1.89710,   0.00110,   0.01330,   0.75330,   0.19410,   0.00250,   0.00000,   0.00000,   1.84010,   0.05330,  18.82070,  14.10030,   0.30040,   0.58410,   0.00460,   0.00090,   0.00000,   0.00000,   0.00600,  43.11010,   0.00040,   0.00230,   0.00000,   0.02120,   0.00360,   0.21900,   1.32580,   2.56280,   0.00320,   0.01230, 286.70700,   1.03820,   0.00260,   3.77340,   0.00000,   4.63430,   0.18840,   0.52980,  41.13050,   0.00440,   0.00000,  99.01540,   0.00000,   0.00000,   0.00000,   1.13130,   8.11670,   0.02420,   0.00000,   0.00000
   0.00000,   0.00100,   0.00250,   0.00870,   5.61710,   0.15580,   0.00490,   0.00000,   0.00000,  71.90720,   0.00190, 104.07860,   6.93470, 101.95670,   0.20720,   0.00130,   0.00100,   0.00000,   0.00000,   0.01890, 106.11700,   0.00000,   0.27160,   0.00000,   0.06960,   0.00000,   0.00100,   0.37370,   0.00000,   0.00000,   0.01200, 177.97681,   0.92520,   0.00390,  36.91440,   0.00020,   1.30200,   0.38160,   0.47620, 147.38640,   0.00410,   0.00010, 118.69850,   0.00250,   0.00000,   0.00000,   0.00000,   8.63450,   0.58980,   0.00000,   0.00000
   0.00000,   0.53250,   0.00000,   0.00000,   2.22380,   0.41780,   0.00080,   0.00010,   0.00000,  31.14000,   0.00000,   3.09630,   2.19320,  48.66480,   0.08070,   0.01220,   1.48250,   0.00000,   0.00000,   0.00000,   5.34660,   0.00000,   2.10120,   0.00190,   0.00140,   0.00000,   0.00000,   0.04660,   0.00000,   0.00000,   0.00290,  53.75300,   1.13440,   0.00000,  40.31880,   0.00010,   2.67890,   0.11340,   0.35190, 329.78500,   0.00000,   0.00000,  63.05390,   0.00020,   0.00000,   0.00000,   0.00000,   1.08790,   1.88430,   0.00000,   0.00000
   0.14940,   2.76690,   0.33330,   0.00000,   0.30800,  21.02840,   0.00360,   0.00000,   0.00000,  16.91920,   0.00000,   0.38200,  13.42180,  21.72880,   0.04470,   0.03760,  65.62220,   0.00000,   0.00000,   0.00000,   0.52460,   0.00000,   0.00070,   0.78870,   0.00000,   0.97340,   0.00000,   1.00570,   0.03540,   0.00000,   0.14690,   3.33510,  89.09400,   0.00000,  15.09270,   0.00000,   8.78580,   0.17500,   0.71370,  14.86060,   0.00000,   0.00000,  27.16140,   0.00430,   0.00000,   0.00000,   0.00000,  75.49620,   6.47300,   0.00140,   0.00000
   0.00000,   3.37580,   0.32770,   0.00000,   2.40380,   6.54930,   0.00040,   0.00000,   0.00000,   2.39730,   0.00000,   0.01250,  16.00090,  14.74070,   0.30030,   0.00000,   0.17260,   0.00000,   0.00000,   0.00000,   3.58140,   0.00000,   0.79180,   1.04130,   0.00000,   1.24500,   0.00000,   2.35150,   0.13840,   0.00000,   0.00320,   8.89240,  74.41850,   0.00000,   1.27110,   0.00000, 141.81200,   0.02150,   1.55130,   0.67720,   0.00000,   0.00000,   0.08540,   0.20080,   0.00000,   0.00000,   0.00000,  73.11770,  20.46240,   0.05050,   0.00000
   0.00000,   0.22430,   0.00000,   0.00000,  13.49580,   0.00330,   0.00000,   0.00000,   0.00000,  43.34920,   0.00000,   0.73210,   2.51430,   1.74760,   0.04730,   0.00000,   0.00000,   0.00000,   0.00000,   0.00000,  10.89490,   0.00000,  21.24680,   0.00080,   0.00000,   0.10250,   0.00000,   1.00380,   0.00000,   0.00000,   0.00000,  48.40730,   9.45270,   0.00000,  37.05030,   0.00000,   9.04220,   0.04680,  12.52590,  19.83720,   0.00000,   0.00000,  11.97790,   0.00380,   0.00000,   0.00000,   0.00000,   6.10570,   2.51470,   0.00000,   0.00000
   0.00000,   0.09260,   0.00010,   0.00020,  42.00070,   0.32370,   0.00150,   0.01420,   0.00000,  71.99170,   0.00000,   2.85940,   5.39070,  82.18510,   0.33520,   0.00000,   0.00000,   0.00000,   0.00000,   0.00000,  40.74420,   0.00000,  65.09620,   0.12260,   0.03000,   0.00110,   0.00000,   0.20340,   0.00000,   0.00000,   0.00000,  30.98690,   4.58210,   0.00000,  41.63590,   0.00000,  10.05470,   0.38130,  25.71320,  39.51470,   0.00000,   0.00000,  27.68220,   0.02720,   0.00000,   0.00000,   0.00000,   0.25520,   0.70160,   0.00000,   0.00000
 358.82999,  38.54730,   0.00630,   0.00000,   0.00000,   0.00000,   0.00000,   0.01740,   0.00900,   0.00000,   0.00000,   0.00000, 116.81840,   0.00000,   0.00000,   0.00000,   0.00000,   0.03670,  29.58770,   1.21560,   0.00000,   0.00000,   0.02350,   8.70800,   0.00060,   5.52790,   0.28640,2880.66187,   3.72540,   0.00000,   0.00980,   0.00000, 154.28130,   0.00000,   0.00000,   0.00010,   8.89580,   0.14260,   0.00000,   0.00000,   0.00000,   0.00230,   0.00000,1121.03491,   1.26980,   0.03070,1272.01343,1867.30103,2860.74756,2096.20508,   0.00000
   1.37450,   0.47000,   0.00000,   0.00000,   0.00000,   0.00000,   0.00000,   0.00000,   0.00000,   0.00000,   0.00000,   0.00030,   2.76080,   0.00000,   0.00000,   0.00000,   0.00000,   0.00000,   0.00060,   0.00000,   0.05130,   0.00000,   1.53360,   0.00000,   0.00000,   0.00000,   0.00050,  70.88610,   0.00000,   0.00000,   0.00000,   0.00000,   4.54710,   0.00000,   0.00000,   0.00000,   0.49080,   0.00000,   0.00350,   0.00000,   0.00000,   0.00000,   0.00000, 234.11420,   0.00000,   0.00000, 582.59418, 231.86951, 178.01790, 211.56261,   0.00000
   0.00000,   0.00000,   0.00000,   0.00000,   0.00000,   0.00000,   0.00000,   0.00000,   0.00000,   0.25800,   0.00000,   0.00000,   1.43060,   4.98000,   0.03530,   0.00000,   0.00000,   0.00000,   0.00000,   0.00000,   0.00190,   0.00000,   0.05660,   0.00000,   0.02000,   0.00000,   0.00000,   0.00000,   0.00000,   0.00000,   0.00000,   0.03720,   0.05130,   0.00000,   0.04010,   0.00000,   0.00100,   0.00190,   0.00000,   0.29650,   0.00000,   0.00000,   0.45380,   0.00000,   0.00000,   0.00000,   0.07660,   1.29190,   3.12150,   0.61980,   0.00000
   0.00000,   0.15700,   0.00000,   0.00160,   0.05090,   0.18690,   0.00000,   0.00000,   0.00000,   9.53800,   0.00000,   1.94940,   4.10880,  27.10330,   0.13510,   0.00010,   0.00050,   0.00000,   0.00000,   0.00000,   0.00000,   0.00000,   0.00000,   0.00000,   0.00160,   0.00000,   0.00000,   0.01240,   0.00000,   0.00000,   0.00000,  30.38220,   4.20110,   0.00000,  13.44680,   0.00000,   2.84070,   0.04060,   0.00590,  25.61530,   0.00000,   0.00000,  12.19580,   0.00000,   0.00000,   0.00000,   0.00000,   0.00050,   0.20320,   0.00000,   0.00000
   0.00000,   8.12920,   0.00000,   0.00000,   7.17860,   0.32560,   0.00000,   0.00000,   0.00000,  28.10220,   0.00000,   5.85720,   3.56800,  21.07770,   0.09890,   0.00000,   0.00020,   0.00000,   0.00000,   0.00000,   0.00010,   0.00000,   0.46610,   0.00000,   0.00000,   0.00000,   0.00000,   1.08490,   0.00000,   0.00000,   0.00000,  40.02620,  13.51240,   0.00000,  22.93630,   0.00000,   9.95970,   0.05070,   0.23000,  45.44710,   0.00000,   0.00000,  71.63210,   0.00000,   0.00000,   0.00000,   0.00000,   0.46590,   0.02200,   0.00000,   0.00000
  18.53830,   0.53720,   0.00000,   0.00000,   1.51840,   0.09280,   0.00000,   0.00000,   0.00000,  63.70660,   0.00000,   0.32280,   3.63660,   6.68790,   0.13890,   0.00000,   0.00000,   0.00000,   0.00000,   0.00000,   0.00000,   0.00000,   0.47210,   0.71770,   0.01980,   0.48940,   0.00000,   0.00000,   0.00000,   0.00000,   0.00000,  19.00890,   1.71770,   0.00000,  36.68870,   0.00000,   0.15350,   0.07650,   1.07550,  48.36990,   0.00000,   0.00000,  53.63630,   5.32930,   0.00000,  45.36040, 124.48780, 129.15210, 144.15179, 225.11971,   0.00000
  69.80720,   0.45140,   0.00000,   0.00000,   0.00170,   0.01630,   0.00000,   0.00000,   0.00000,   2.17290,   0.00000,   0.33240, 169.87280,   0.80890,   0.01490,   0.00000,   0.00000,   0.00000,   0.00000,   0.00000,  15.94010,   0.00000,   0.00340,   0.81790,   0.32870,   2.20440,   0.00000,  83.36740,   0.00000,   0.00000,   0.00000,   0.50480,   9.65230,   0.00000,   1.30840,   0.00000,   4.80110,   0.03740,  56.07450,   9.80310,   0.00000,   0.00000,   1.89790, 381.85440,   0.09460,   3.03880,3179.83081,2216.79663,2117.05908,1949.11584,   0.00000
   2.19980,   0.32550,   0.00000,   0.00000,   0.47580,   0.00130,   0.00000,   0.00000,   0.00000,   0.00000,   0.00000,   0.93510,  12.43470,   0.00690,   0.00000,   0.00000,   0.00000,   0.00000,   0.00000,   0.00000,   8.00940,   0.00000,   0.72820,   0.08970,   0.02430,   0.19670,   0.00000, 143.16940,   0.00190,   0.00000,   0.00000,   0.00720,   1.16310,   0.00000,   0.05830,   0.00000, 174.63130,   0.00000,   0.01790,   0.07710,   0.00000,   0.00000,   0.58290, 142.89619,  54.98920,   5.21830, 344.40930, 433.21851, 792.88611,1065.08936,   1.50650
   0.00000,   0.04490,   0.00000,   0.00000,   1.51690,   0.21870,   0.00000,   0.00000,   0.00000,  15.62260,   0.00000,   5.48270,   3.07390,   1.75780,   0.00190,   0.00010,   0.00000,   0.00000,   0.00000,   0.00000,   0.14450,   0.00000,   0.33470,   0.00000,   0.00030,   0.00010,   0.00000,  83.62140,   0.00000,   0.00000,   0.00000,  19.33650,   0.46260,   0.00000,   2.92590,   0.00000,   0.26650,   0.00000,   0.01630,  36.93140,   0.00000,   0.00000,  49.12450,   0.22330,   0.00000,   0.00000,   0.00000,  44.07010, 212.39880,   0.18200,   0.00000
   0.00000,   0.00000,   0.00000,   0.00000,  19.51380,   0.60200,   0.00000,   0.00000,   0.00000, 125.21740,   0.00000,  31.29740,  31.42290,  40.95760,   0.14300,   0.00000,   0.00010,   0.00000,   0.00000,   0.00000,   0.05220,   0.00000,  15.80740,   0.00000,   0.03870,   0.00000,   0.00030,   0.00000,   0.00000,   0.00000,   0.00000,  79.32480,   1.80760,   0.00000,  80.27340,   0.00000,   3.80230,   0.00010,   4.23070, 174.84740,   0.00000,   0.00000,  60.25720,   0.00000,   0.00000,   0.00000,   0.00000,   0.43660,   0.64470,   0.00000,   1.37670
   0.01150,  52.09110,   0.00000,   0.00000,  51.15490,   0.00000,   0.00000,   0.00000,   0.00000,   0.00000,   0.00000,   7.70200,   0.64260,   0.00000,   0.00000,   0.00000,   0.00000,   5.77800,   0.01050,   0.00000,  44.60820,   0.00000,1654.50293,   0.01950,   0.50180,   0.00650,   1.82500, 859.93433,   0.03960,   0.00000,   0.00000,   0.00000,   6.70710,   0.00000,   0.00000,   0.00000,   1.48250,   0.00000,  56.11060,   0.00000,   0.00000,   0.00000,   0.00000, 410.37061,  13.51750,   8.98230, 168.53951,1167.17139, 255.20461, 316.36081,   0.00000
   0.03970,  13.70850,   0.00000,   0.00000,  95.84930,   0.07130,   0.00000,   0.00000,   0.00000,   0.10400,   0.00000,  91.12960,   1.80030,   0.00000,   0.00500,   0.00000,   0.00000,   0.02650,   0.00000,   0.00000, 147.73840,   0.00000,2042.19604,   0.00260,   0.31150,   0.00000,   0.41430, 523.75122,   0.00000,   0.00000,   0.00000,   2.01230,   6.03370,   0.00000,   0.00000,   0.00000,   1.82400,   0.00000,  82.63000,   0.00000,   0.00000,   0.00000,   0.00010,1408.32568,   1.41610,   0.21460,  24.42960, 505.69241, 321.98669, 361.94781,   1.37670
   0.00000,   0.01090,   0.00000,   0.00000,   4.41320,   0.29300,   0.00000,   0.00000,   0.00000,  20.45740,   0.00000,   9.87620,   0.92780,  13.01180,   0.04270,   0.00000,   0.00000,   0.00000,   0.00000,   0.00000,   3.66720,   0.00000,  23.37060,   0.00000,   0.03380,   0.00000,   0.00000,   6.02360,   0.00000,   0.00000,   0.00000,  27.84390,   0.22950,   0.00000,   4.86250,   0.00000,   0.12060,   0.00540,   9.06470,  16.24690,   0.00000,   0.00000,  18.99980, 123.81840,   0.00000,   0.00000,   0.02260,  22.86500,  24.30020,  12.48870,   2.22390
   0.00000,   2.62650,   0.00000,   0.00000,  18.85320,   0.57100,   0.00000,   0.00000,   0.00000,  33.03690,   0.00000,   9.99350,  22.79920,  72.02720,   0.42910,   0.00440,   0.00060,   0.00000,   0.00000,   0.00000,   1.77840,   0.00000,   3.43360,   0.00000,   0.02630,   0.00000,   0.00000,   0.70740,   0.00000,   0.00600,   0.00000,  48.57220,   3.65680,   0.00070,  60.69810,   0.00010,   3.38920,   0.09840,   9.30350,  94.17790,   0.00010,   0.00000,  47.31460,   0.00000,   0.00000,   0.00000,   0.00000,   1.80930,   1.18780,   0.00000,   0.00000
   0.00000,   4.20880,   0.00000,   0.00000,  19.18710,   0.34590,   0.00000,   0.00000,   0.00000,  66.93950,   0.00000,   4.18590,   5.40820, 124.44670,   0.33250,   0.00020,   0.00000,   0.00000,   0.00000,   0.00000,   0.35430,   0.00150,   9.97620,   0.00000,   0.00030,   0.00000,   0.00000,   1.08900,   0.00000,   0.00030,   0.00000,  27.20450,   4.32500,   0.00000,  92.55990,   0.00000,   2.58250,   0.07170,   4.85580, 171.64240,   0.00000,   0.00000,  83.95710,   0.00000,   0.00000,   0.00000,   0.00000,   0.95720,   1.38210,   0.00000,   0.00000
   0.48430,   0.67010,   0.00000,   0.00000,  13.03740,   0.07970,   0.00000,   0.00000,   0.00000,  20.22590,   0.00000,   1.48590,  21.05650,  44.51550,   0.02530,   0.00000,   0.00000,   0.00000,   0.00000,   0.00000,   0.05410,   0.00000,   1.48160,   0.05050,   0.00000,   0.03900,   0.02770,   1.26500,   0.00000,   0.00000,   0.00000,  12.63670,   4.47140,   0.00000,  29.82770,   0.00000,   4.44860,   0.00370,   0.00810,  59.74750,   0.00000,   0.00000,  19.07750,   0.01260,   0.00000,   0.00000,  77.53170,   6.01500,  95.68030,  26.95930,   0.00000
 105.56340,  58.07690,   0.00000,   0.00000,   0.97580,   0.00520,   0.00000,   0.00000,   0.00000,   0.47350,   0.00000,   6.56560, 192.16130,   3.49490,   0.00040,   0.00000,   0.00000,   0.00000,   0.00680,   0.00000,   0.38940,   0.00000,   0.51070, 101.30350,   0.37650,  44.81800,   0.04850,  30.52680,   0.43890,   0.00000,   0.00000,   1.36430, 121.12220,   0.00000,   3.27280,   0.00000,   7.01540,   0.00000,   0.02090,   5.90330,   0.00000,   0.00000,   0.29480,  92.21180,   0.00030,   0.01290, 448.52359, 194.01100, 567.29858, 348.15421,   0.00000
 111.78820,   6.43610,   0.00000,   0.00000,   2.23160,   0.00000,   0.00000,   0.00000,   0.00000,   0.00000,   0.00000,   0.13560, 184.97470,   0.01270,   0.00000,   0.00000,   0.00000,   0.00000,   0.00040,   0.00000,   0.15090,   0.00000,   1.59730,  48.79570,   0.00100,   2.22720,   0.00000,   5.94980,   0.01220,   0.00000,   0.00000,   2.46210, 342.30411,   0.00000,   0.00010,   0.00000, 296.23181,   0.00000,   0.40680,   1.36730,   0.00000,   0.00000,   0.02270,  53.43460,   0.00000,   0.00100, 292.76260,  98.22720, 334.48679, 348.35150,   0.00000
   0.00000,   1.94530,   0.00000,   0.00000,  34.84330,   0.00110,   0.00000,   0.00000,   0.00000,   5.73430,   0.00000,   1.01150,  62.70410,  24.52750,   0.00000,   0.00000,   0.00000,   0.00000,   0.00000,   0.00000,   7.87340,   0.00000,  14.43060,   0.00010,   0.00830,   0.00000,   0.00000,   7.66010,   0.00000,   0.00000,   0.00000,  48.30960,   0.37770,   0.00000,  13.02750,   0.00000,   0.50840,   0.00000,   4.76130,  51.55510,   0.00000,   0.00000,  14.69210,   0.02660,   0.00000,   0.00000,   0.00760,   6.25640,  13.74680,   0.90120,   0.00000
   0.00000,   5.03130,   0.00000,   0.00000,  91.53690,   0.26370,   0.00000,   0.00000,   0.00000,  62.03730,   0.00000,  34.33910,   0.06280,  87.40390,   0.19460,   0.00010,   0.00760,   0.00010,   0.00000,   0.00000,  17.61010,   0.00000,  66.78590,   0.00000,   0.00230,   0.00000,   0.01030,  11.23290,   0.00000,   0.00000,   0.00010,  72.16680,  11.06950,   0.00000,  87.20220,   0.00000,   1.09580,   0.00000,  63.13020,  81.67250,   0.00000,   0.00000, 104.23820,   0.00000,   0.00030,   0.00000,   0.00000,   5.06160,   6.43600,   0.00000,   0.00000
   0.00000,   0.00000,   0.00000,   0.00000,   0.00000,   0.03470,   0.00000,   0.00000,   0.00000,   0.00000,   0.00000,   0.00000,   0.00000,   0.00000,   0.00000,   0.00000,   0.00000,   0.00000,   0.00000,   0.00000,   0.00000,   0.00000,   0.00000,   0.00000,   0.00000,   0.00000,   0.00000,   0.00000,   0.00000,   0.00000,   0.00000,   0.22600,   0.00000,   0.00000,   0.00000,   0.00000,   0.00000,   0.00000,   0.00000,   0.00000,   0.00000,   0.00000,   0.00000,   0.00000,   0.00000,   0.00000,   0.00000,   0.00000,   0.00000,   0.00000,   0.00000
   0.00000,   0.00000,   0.00000,   0.00000,   1.37850,   0.84000,   0.00000,   0.00000,   0.00000,   0.00000,   0.00010,   2.36650,   0.00000,   0.00000,   0.08910,   0.00050,   0.00210,   0.00000,   0.00000,   0.00000,   3.04290,   0.00270,   0.00000,   0.00000,   0.14280,   0.00000,   0.00000,   0.00000,   0.00000,   0.00000,   0.00000,  43.48700,   0.09740,   0.00000,   2.58020,   0.00000,   0.00000,   0.00000,   2.83210,   0.79030,   0.00000,   0.00000,   2.81920,   0.00000,   0.00000,   0.00000,   0.00000,   0.00000,   0.00000,   0.00000,   0.00000
   0.00000,   0.00660,   0.00790,   0.88800,   6.26760,   3.92200,   0.01750,   0.00000,   0.03520,  50.45770,   0.04280,  27.76850,   0.01830,  65.78000,   2.08980,   1.74490,   4.84660,   0.00000,   0.00000,   0.00150,  24.49380,   0.45360,   6.55950,   0.00000,   0.57130,   0.00000,   0.00000,   0.00000,   0.00000,   1.55770,   0.00040,  55.27260,   3.11080,   0.07240, 108.37980,   0.03900,   0.31170,   0.38110,  12.15080,  70.24650,   0.02320,   0.00530,  84.40340,   0.00000,   0.00000,   0.00040,   0.00000,   0.08370,   0.00000,   0.00000,   0.00000
   0.00000,  40.38190,   0.07410,   0.15090,   0.00570,   0.43300,   0.10660,   0.09040,   0.03290, 204.12489,   0.00590,   0.35980,  29.08450, 809.88599,   0.68090,   0.00130,   0.91010,   0.00000,   0.00000,   0.00020,   2.82780,   0.19180,   0.41810,   0.00000,   0.02480,   0.00000,   0.00000,   4.68590,   0.00000,   0.04320,   0.01390,  58.60580,   4.80420,   0.00160, 658.89258,   0.00000,  35.76750,   0.68120,   0.06140, 234.62579,   0.28480,   0.01960, 274.04550,   0.00000,   0.00000,   0.00000,   0.00000,  11.19280,   9.66710,   0.00000,   0.00000
   0.00000,  27.70800,   0.00000,   0.00000,   2.09020,   0.13670,   0.00000,   0.00760,   0.00000, 155.36800,   0.00000,   2.54960,  42.68770, 181.68330,   0.22820,   0.00000,   0.00000,   0.00000,   0.00000,   0.00000,   5.68420,   0.00000,   1.76940,   0.00000,   0.00000,   0.00000,   0.00000,   7.74770,   0.00000,   0.01020,   0.00900,  44.69720,   0.02130,   0.00000,  62.34500,   0.00000,  26.42870,   0.24270,   2.21240,  89.77730,   0.00000,   0.00000, 190.52950,   0.00000,   0.00000,   0.00000,   0.00000,   2.17930,   6.89470,   0.00000,   0.00000
   0.00000,   1.35290,   0.00000,   0.00000,   0.28550,   0.00950,   0.00000,   0.00000,   0.00000,   4.98900,   0.00000,   0.09380,  11.59850,  12.09030,   0.04160,   0.00670,   0.00000,   0.00000,   0.00000,   0.00000,   0.56810,   0.00000,   2.48120,   0.13400,   0.00000,   0.12570,   0.00000,  11.93980,   0.00050,   0.00000,   0.00000,  30.92120,   0.39230,   0.00000,  13.59550,   0.00000,   4.17810,   0.13660,   0.30640,  78.74400,   0.00000,   0.00000,  38.52900,  26.88210,   0.00000,   0.00000,   0.11000,   0.04570,   0.45900,  81.01110,   0.00000
   0.00140,  80.98550,   0.00000,   0.00000,   8.43890,   0.04790,   0.00000,   0.00000,   0.00000,   2.25850,   0.00000,   0.44270, 354.75021,   9.08320,   0.03560,   0.00140,   0.00000,   0.00840,   9.72030,   0.00000,   0.03180,   0.00000,   3.89560,  67.43630,   0.02150,  21.85000,   0.00000, 206.16319,  28.35340,   0.00000,   0.00000,  13.42970,   4.82160,   0.00000,   3.42700,   0.00000, 632.76300,   0.01870,   0.03600,  46.49300,   0.00000,   0.00000,  13.37950, 542.48260,   0.00070,   0.00170, 159.64729,   0.35560,   5.00560, 456.92831,   0.00000
   0.03100,   6.31150,   0.00000,   0.00000,   2.73660,   0.01900,   0.00000,   0.00000,   0.00000,   1.46140,   0.00000,   3.52740,  27.58200,   2.63360,   0.00020,   0.00970,   0.00000,   0.00000,   0.00010,   0.00000,  13.76560,   0.00000,   8.93860,   1.22220,   0.01920,  15.90060,   0.00000,  13.24770,   1.78020,   0.00000,   0.00000,   7.38490,   1.18730,   0.00000,   0.02910,   0.00000,  24.44020,   0.00000,   0.01360,   9.96320,   0.00000,   0.00000,   0.93480, 208.49100,   0.00000,   0.00000,   4.61710,   0.03720,   3.58020,  64.35330,   0.00000
   0.00000,   0.14500,   0.00000,   0.00000,   3.80330,   0.02590,   0.00000,   0.00000,   0.00000,  21.07470,   0.00000,   0.19970,   0.40430,  30.63970,   0.00140,   0.00000,   0.00000,   0.00000,   0.00000,   0.00000,  18.26540,   0.00000,   9.44840,   0.00000,   0.00000,   0.05500,   0.00000,   0.00220,   0.00000,   0.00000,   0.00000,  26.12040,   0.04000,   0.00000,   0.09540,   0.00000,   0.03210,   0.00290,   0.00000,   8.58260,   0.00000,   0.00000,   1.28080,   0.35030,   0.00000,   0.00000,   0.00000,   0.00000,   0.00550,   0.00000,   0.00000
   0.00000,   0.00000,   0.00150,   0.00000,   4.00490,   0.35270,   0.00000,   0.00000,   0.00000,  25.67080,   0.00000,   0.00090,   0.15860,  63.97760,   0.80480,   0.00000,   0.00000,   0.00000,   0.00000,   0.00000,   1.37000,   0.00000,   3.00500,   0.00000,   0.02350,   0.00000,   0.00000,   0.00340,   0.00000,   0.00030,   0.00500,  16.42720,   0.00000,   0.00000,   8.08580,   0.00020,   0.00040,   0.43050,   0.04190,   0.60520,   0.00000,   0.00000,   6.95540,   0.00000,   0.00010,   0.00000,   0.00000,   0.00000,   0.00250,   0.00000,   0.00000
   0.00000,   0.00000,   0.00000,   0.00000,   0.00000,   0.00000,   0.00000,   0.00000,   0.00000,   0.00000,   0.00000,   0.00000,   0.00000,   0.00000,   0.00000,   0.00000,   0.00000,   0.00000,   0.00000,   0.00000,   0.00000,   0.00000,   0.00000,   0.00000,   0.00000,   0.00000,   0.00000,   0.00000,   0.00000,   0.00000,   0.00000,   0.00000,   0.00000,   0.00000,   0.00000,   0.00000,   0.00000,   0.00000,   0.00000,   0.00000,   0.00000,   0.00000,   0.00000,   0.00000,   0.00000,   0.00000,   0.00000,   0.00000,   0.01120,   0.00000,   0.00000
   0.00000,   0.02180,   0.00000,   0.00000,   0.00000,   0.07920,   0.00000,   0.00000,   0.00000,   0.00090,   0.00000,   0.00050,   0.00000,   2.70100,   0.07320,   0.00000,   0.00000,   0.00000,   0.00000,   0.00000,   0.01330,   0.00000,   0.00000,   0.00000,   0.00130,   0.00000,   0.00040,   0.00000,   0.00000,   0.00000,   0.00000,  12.91870,   0.00000,   0.00000,   1.94000,   0.00000,   0.00000,   0.00000,   3.91860,   8.60640,   0.00000,   0.00000,   2.44370,   0.00000,   0.00000,   0.00000,   0.00000,   0.00000,   0.33260,   0.00000,   0.00000
   0.00000,   0.10730,   0.81520,   1.83350,   0.06910,   0.38140,   0.12430,   0.00000,   0.00310,  59.56380,   0.00550,   6.05860,   0.04700, 196.93930,   0.21400,   0.01220,   0.36770,   0.00000,   0.00000,   0.00000,   5.58970,   0.07420,   2.69300,   0.00000,   0.00000,   0.00000,   0.00000,   0.00000,   0.00000,   0.34390,   0.68020,  84.71280,   0.01040,   0.00300,  39.53330,   0.00000,   0.00580,   0.09010,  22.19790, 398.43121,   0.02590,   0.00070,  78.33120,   0.00000,   0.00000,   0.00000,   0.00000,   0.00000,   0.00000,   0.00000,   1.74670
   0.00000,  59.71220,   0.00000,   0.00000,   0.14970,   0.14220,   0.00000,   0.00000,   0.00060,  59.77460,   0.00020,  18.15940,  75.19000, 198.78439,   0.07920,   0.00750,   0.00000,   0.00000,   0.00000,   0.00000,   9.78050,   0.00040,   0.41560,   0.00000,   0.00000,   0.00000,   0.00000,  10.02180,   0.00000,   0.03480,   3.13310,  52.34760,  18.48550,   0.00160,  84.70430,   0.00000,  28.75050,   0.00690,   4.68400, 201.91560,   0.00000,   0.00000, 100.19710,   0.00000,   0.00000,   0.00000,   0.00000,  11.05790,   5.68370,   0.00000,   0.00000
   0.00000,  30.62860,   0.00000,   0.00000,   1.18420,   0.23580,   0.00000,   0.00000,   0.00000,  80.42720,   0.00000,  10.71750,  53.56590,  82.62000,   0.19000,   0.00000,   0.00000,   0.00000,   0.00000,   0.00000,   0.63220,   0.00000,   0.03380,   0.00040,   0.00000,   0.18260,   0.00000,  14.51810,   0.00000,   0.00000,   0.00000,  97.89590,  22.42010,   0.00000, 109.31290,   0.00000,  23.21070,   0.04100,   2.09160, 164.78349,   0.00000,   0.00000, 151.20160,   0.00840,   0.00000,   0.00000,   0.00000,  13.32580,   9.69760,   0.00000,   0.00000
   0.00000,   1.75520,   0.00000,   0.00000,   0.11220,   0.13200,   0.00000,   0.00000,   0.00000,  26.83040,   0.00000,   0.12110,   2.26550, 105.13140,   0.07670,   0.00000,   0.00000,   0.00000,   0.00000,   0.00000,   0.00740,   0.00000,   0.00020,   0.00000,   0.11830,   0.00060,   0.00000,   0.00000,   0.00000,   0.00000,   0.00000,  53.86310,   1.08070,   0.00000,   3.35780,   0.00000,   2.45270,   0.06160,   0.00000,  61.67030,   0.00000,   0.00000,  32.33120,   0.02610,   0.00000,   0.00000,   0.02640,   0.00000,   0.00010,   0.09700,   0.00000
   0.00000,   6.59760,   0.00000,   0.00000,   0.90790,   0.00000,   0.00000,   0.00000,   0.00000,  11.60500,   0.00000,   0.03090,   3.99460,   1.84780,   0.00000,   0.00000,   0.00000,  11.65560,   0.00000,   0.00000,   1.86720,   0.00000,   0.04900,   2.23280,   0.27960,   0.00020,  39.32930,   1.68760,   0.00000,   0.00010,   0.00000,  25.41750,  49.60260,   0.00000,   1.64500,   0.00000,   0.79120,   0.01660,   0.78290,  22.71420,   0.00000,   0.00000,   0.20650,  11.75260,   0.00410,   0.00000,  52.10680,   1.45520,  12.41260,  20.37650,   0.00000
   0.16530,   4.86400,   0.00000,   0.00520, 118.57280,   0.00060,   0.00000,   0.00000,   0.00000,  10.94840,   0.00000,   3.41860,   3.83340,  15.53990,   0.00000,   0.00160,   0.00150,  82.76010,   0.00000,   0.00000,   2.14570,   0.00000,  13.17660,   0.00590,   0.55960,   0.34650, 771.06549,   3.56890,   0.00190,   0.01000,   0.00000,  55.49550, 105.39860,   0.00000,  23.38930,   0.00000,   1.38870,   0.00000,  27.42100,  38.80390,   0.00000,   0.00000,   6.45340,   5.89020,  65.81340,   0.15910,  75.71220,  17.41670, 681.24292, 215.18179,   0.00000
   0.05880,   5.94100,   0.00000, 187.05161,  50.53960,  31.52100,   0.10140,   0.00000,   0.00000,  33.95110,   0.00000,   6.24500,   2.33120,  62.58700,  25.75380,  28.95480,   5.24260,   0.06860,   0.00000,   0.00000,  12.63070,   0.00400,  37.13900,   9.17120,  38.53560,   0.00030,1297.21851,   0.83310,   0.00000,   3.58700,   0.00000,  72.78900,  11.59160,   0.96250,  81.96730,   0.00000,  27.12280,   0.00000, 133.47430, 101.25080,   0.00000,   0.00000,  24.87190,   1.10070, 181.22479,   0.07110,   1.06280,  11.11740, 388.60229,  53.16720,   0.00000
 257.41541,  21.14950,   0.00000,   0.11580,  13.44640,  29.04230,   3.75720,   0.00020,   1.08390,  42.60510,   0.05800,   3.78320,  16.46820, 101.17040,  87.73670,   4.00640,  61.03380,   0.00000,   0.00000,   0.53650,   0.91760,  89.65290,  18.76830,   0.00000,   0.33130,   0.00000,   2.58820,   8.28290,   0.00000,   8.77600,  30.43460,  56.60550,  16.66900,   0.01370,  78.46640,   0.14670,  54.20750,   0.22470,   5.79470,  87.42480,   0.00000,  19.24070,  45.29920,   0.60080, 213.36830,   0.00000,   4.42270,   6.72370,  18.57710,   1.04860,   0.00000
   0.00000,   0.00000,   0.00000,   0.02170,   0.00000,   7.04920,   0.00000,   0.00000,   0.00000,   0.00000,   0.00000,   0.00000,   0.00000,   0.00000,   0.00000,  10.82450,   5.40250,   0.00000,   0.00000,   0.00000,   0.00480,   0.00000,   0.00000,   0.00000,   0.00480,   0.00000,   0.00000,   2.35390,   0.00000,   3.67690,   0.00000,  42.90640,   0.00000,   0.00000,   0.03160,   0.00000,   0.00000,   0.00000,   0.00070,   0.61850,   0.00000,   0.00000,   0.00000,   0.01860,   0.00080,   0.00050,   0.00110,   0.20130, 131.34090,  92.59570,   0.00000
   0.00000,   0.00000,   0.00000,   0.00000,   0.26420,   0.64660,   0.00000,   0.00000,   0.00000,  11.21870,   0.00000,   2.50770,   0.04700,   0.19600,   0.00000,   9.72350,   0.13720,   0.00000,   0.00000,   0.95320,   1.06040,   0.00000,   2.79150,   0.00000,   0.01630,   0.00000,   0.00000,   0.05990,   0.00000,   5.93930,   0.00000,   1.22070,   0.09450,   0.00000,   1.13650,   0.00000,   0.16580,   0.00000,   3.64260, 305.24191,   0.00000,   0.00000,   1.88210,   0.00000,   0.00000,   0.00000,   0.00000,   0.22900,  11.27620,   0.42970,   0.00000
 156.82809,   5.23680,   0.00000,   0.00000,   4.17800,   0.16300,   0.00000,   0.00000,   0.00020,  19.80470,   0.00000,   6.74030,   0.35680,   4.86610,   0.00340,   0.70410,   0.00110,   0.00000,   0.00000,   2.16240,   4.91280,   0.00000,  22.59340,   0.00000,   0.00120,   0.00000,   0.00000,   3.95400,   0.00000,   0.29130,   0.00000,  13.99080,   0.04780,   0.00000,  13.99240,   0.00000,   0.30340,   0.00010,   3.27150, 489.71271,   0.00000,   0.00000,  11.67310,   0.00000,   0.00000,   0.00000,   0.00890,   1.83720,   4.10820,   0.00000,   0.00000
1894.63354,  51.86000,   0.00000,   0.00000,   1.54300,   0.14340,   0.00010,   0.00000,   0.00000,  47.34640,   0.00000,  12.93330,  15.06730,  49.61160,   0.21230,   0.00000,   0.00000,   0.00000,   5.77150,   0.00000,   5.74570,   0.00000,   1.08150,   0.00000,   0.00150,   0.00000,   0.11010,  32.02840,   0.00000,   0.00000,   0.00000,  10.41460,  19.39500,   0.00000,  47.37790,   0.00000,  21.63580,   0.00280,   0.53760,  33.04480,   0.00000,   0.00000,  58.48360,   0.00000,   0.00000,   0.00000,  12.16240,   1.32580,  15.47050,   0.00010,   0.00000
2922.19116,  98.12740,   1.34170,   0.00000,   0.00000,   0.02060,   0.00000,   0.00000,   0.00000,  26.84450,   0.00000,   0.79970,  44.82280,  32.74580,   0.22740,   0.00000,   0.00000,   0.00000,   0.12850,   0.00000,   0.01610,   0.00000,   0.18360,   0.00000,   0.00000,   0.00000,  83.71070,  47.54080,   0.00000,   0.00000,   0.00000,   6.40240,  11.30770,   0.00000,  10.91030,   0.00000,  50.20880,   0.00100,   0.00000,  12.07100,   0.00010,   0.00000,  18.22870,   0.00000,   0.00000,   0.00000,  16.15520,   3.77940,  18.99730,  15.85880,   0.00000
  55.44720,  46.06760,   2.14280,   0.00000,  24.71060,   0.00000,   0.00000,   0.00000,   0.00000,   7.95970,   0.00000,   0.00000,  14.41570,   9.71920,   0.00000,   0.00000,   0.00000,   0.00000,   0.00000,   0.00000,   0.53280,   0.00000,  24.49810,   0.00000,   0.01330,   0.00000,  19.47200,  40.36140,   0.00000,   0.00000,   0.00000,   0.00020,   2.26520,   0.00000,   0.36850,   0.00000,  10.92140,   0.00000,  94.23600,   0.10920,   0.00000,   0.00000,   6.62620,   3.90830,   0.00020,   2.73590,  54.84800,   1.08930, 164.13071, 179.70250,   0.00000
 607.14600,  19.34910,   0.00000,   0.00000,  85.29550,   0.00000,   0.00000,   0.00000,   0.00000,   0.76660,   0.00000,   2.95810,1012.96381,   0.45980,   0.00000,   0.00000,   0.00000,   0.00000,   0.00020,   0.00000, 558.49072,   0.00000, 140.47380,  92.47350,   3.75520, 108.33940, 475.04089, 424.28729,   0.00000,   0.00000,   0.00000,   0.00000,  12.99680,   0.00000,   0.00040,   0.00000, 462.47379,   0.01410, 728.56677,   0.00000,   0.00000,   0.00000,   0.58660, 151.99609,   0.00080, 501.17209, 311.55139, 113.37890,2921.45190,1314.61536,  24.99900
 359.84641,  27.10450,   0.00000,   3.33260,  25.94470,   0.00000,   0.00000,   0.00000,   0.00060,   6.60510,   0.00000, 182.32449,4429.40918,   1.68660,   0.00000,   0.00000,   0.00000,   0.00000,   0.00210,   0.00010,2387.46753,   0.00000, 178.88589, 159.12740, 138.36459, 178.54330,   6.59250,1392.30835,   0.00000,   1.44370,   0.00000,  23.48330,1234.15759,   0.00000,   5.52820,   0.00000,2032.90918,   0.00930, 349.76440,   0.59640,   0.00810,   0.00000,   1.14620,  26.82680,  73.08510, 718.35950,2123.94531,1159.44812,8788.27344,1680.66846,1378.52319
   0.20710,   3.53590, 329.92319, 745.73120,   6.17080,   0.38330,   1.44300,   0.00000,   1.54280,  53.02850,   0.00170,1991.77405, 442.38101,  42.65230,   9.56760,   0.00000,   6.98610,   0.00560,   0.00000,   1.67860, 259.38361,   0.00000, 505.14069,  46.25010, 243.31351,  58.35150,  97.37900, 405.76111,   0.00000, 375.22379,   0.00000, 236.29420,  94.26470,   0.00000,  67.88500,   0.00990, 114.86380,   0.06180, 289.43741, 162.16409,  61.75390,   7.45600,  29.21890,   0.53260, 251.03841,1994.15283, 243.26331, 916.12762,2043.25696,2326.98657,5392.64600
   0.02220,  31.94900,2045.19714, 411.42871,   2.87340,  29.92060,   7.63830,   2.83560,   0.02040,  74.16860,   0.11060, 859.75598, 436.85001,  49.93520,   8.70190,   0.01230,  74.03970,   0.00000,   0.00000,   0.00000, 146.30859,  27.09900, 389.66000,   0.20080,1285.81372,   0.78920,  15.50750,  82.60310,   0.00000,2542.28687,   0.00000,1174.94470,  39.31410,   0.00000,  61.97050,   0.07120,  58.20720,   0.15110,1549.06238, 781.83679,  95.34040,   0.77800,  46.79930,   0.00000,  38.08330, 262.27460,   0.00010,  90.75450, 128.81329,2185.33496, 331.43671
5887.37793,4146.76514,   9.24090, 354.61319,3635.61475,   4.88820,   0.01670,   2.76090,   4.13580,   0.00000,   1.77590,9891.64648,6020.14307,   0.00000,   0.13260,   0.00000,   0.00470,1780.05176,2619.32837,   0.77260,14688.74902,  29.16660,   0.00190,1981.06897,7321.21826,1625.70996,7029.99219,1583.33337,4897.60791,  23.71030,   2.76990,  19.56820,6092.03174,   0.00000,   0.00000,   2.68550,5301.21191,   1.87720,11196.30078,   0.41350,  25.52420,   3.13060,   0.00000, 607.28900,11947.72168,9314.25391,3371.83838,2873.23145,7794.05615,4770.76855,5392.64600
 319.36960, 774.60577,   5.16100,  50.52140,3458.02197, 970.89050,   0.01380,   0.00000,  42.55960,   0.04200,  18.89440,1541.92407,2786.82031,  89.84830,   0.01340, 383.85739, 725.89917, 355.04480, 151.12410,  77.81270,1622.23633,   2.28080,2608.91479, 921.36462, 270.15759, 793.11359,  40.06300,7335.60547, 513.00049,1579.53113,   0.00960,1856.77661, 333.52899,   4.73630, 338.76801,   0.00000,1204.95178,   0.00000,5380.51562,1131.99219,   1.80880,   0.00160,   8.25590,2703.03735,4888.26074, 479.40421,4285.98291,7223.48145,7943.51221,9085.16211, 331.43671
   0.44320,   2.24200,   4.56990,  36.43160,   9.42880,   0.94390,   0.00160,   0.00000,  18.48190,   4.19220, 241.55341,  69.68850,  19.50340,   3.62360,   0.07910,  26.47060,  51.83990,   0.01610,   0.08120,  25.41180,  66.36610, 180.76190, 838.88922,   3.27260, 247.11880,   0.57480,   0.00030,   0.57210,   4.39440,  11.62480,   2.12040, 294.95551,   2.32840,  13.92970, 703.66241,   0.00000,   4.64540,   0.07980, 152.61880,1386.16589,   0.01330,   8.31800,   1.13000,   3.69780, 148.74561, 218.97820,   0.41620,  33.86720,   2.23360,   3.53830, 220.47980
   7.78210,  21.54900,   0.00490, 638.92719,   5.60490, 268.47141,   8.06770,   1.52810,   0.00000,   2.69640,  21.45270,  20.10190,  19.39890,   2.59390,   9.42850,   0.41410,  76.28130,   0.00300,   0.00000,  10.06930,   2.10830,   0.00000,   0.12660,   0.00000,   4.75130,   0.00000,  83.16600,  16.47440,   0.00010,   0.76720,   1.12910,  82.92260,   4.10910,   0.00220,   1.57280, 524.18378,  17.56090,  22.52200,   1.41660, 171.13210,   0.63200,   0.00000,   4.94160,   0.00000,   0.00020,   0.00880,   0.00000,   0.21140,   4.59470,   0.00000,   0.00000
  39.67480,   9.26590,   0.00040,   8.50620,  10.03410, 403.03711,   6.76780, 220.78580, 102.83330,   0.22910,  72.46980,  12.30330,   9.99790,   0.60440,   0.59940,   0.00000,  80.54080,   0.00000,   0.00020,   0.00000,   0.96500,   0.00000,   1.27180, 308.41400,   0.58730, 287.31989, 505.11060,   5.66000,  18.68240,   0.00560, 202.72321,  23.23130,   3.29090,   0.24530,   1.19180,1060.24060,  10.17150, 625.50531,   0.00000,   0.19000,   6.47890, 108.03080,   4.76120,  60.20530,   0.00000,   0.00360, 190.84129,   0.02490,   2.47200,   2.98160,   0.00000
 265.10690,   8.07490,  38.74060,   0.00170,   1.69330,1506.12622,   2.58110,3118.46582,  62.36080,  13.25480,   0.00000, 105.75510,  38.74270,  16.48640, 148.53650,   0.00000,1117.04688,  54.29020, 393.07019,   0.04170,   6.81110,   0.00000, 151.12041,2016.36938, 628.97168,3146.23315,1081.53687,   0.47970, 499.49371,   0.00000, 458.32361,   0.61820,  86.43650,  33.63630,   0.56900,2320.21802, 210.72020,9669.67676, 115.81820,   0.00650,   0.04560, 143.48070,   9.04530,1622.08826,  68.05220,1248.53381,5181.20166,  26.16040,  86.55610, 790.41443,   2.56420
3814.77515, 147.44200,5578.46240,2750.73828,  10.46040,1390.04236,3220.15576,7253.39258, 759.09808,1253.44861,  69.67060,2557.79150,1817.05518, 744.00140,6913.38379, 812.94122, 827.56842,1509.99231, 206.69730,1130.29565,9430.38672,  11.54330,9957.09180,3966.67236,5136.15576,6663.09180,8290.92578,1974.69800, 676.68341,3139.82617, 385.09549,  15.58020, 360.94730,3562.01831,  22.86280,10163.94922, 571.50720,14308.22266,2389.55591,1635.18652,7501.50977,5200.28125,  43.46290,4674.55225, 288.56680,1359.30420,17534.10156, 249.69659,3508.76880,1505.20264,4634.42529
13364.59766,8679.65234,9965.60938,11443.03320,8206.64648,16016.18359,18486.47656,17366.26562,20929.32227,19979.66797,22818.64453,8524.77930,6462.57275,14386.53418,6276.64990,6641.26318,22181.17578,5718.09961,1856.78040,14544.44824,6184.74756,28782.47266,6182.08691,2083.31592,5619.99170,3629.87451,3809.21411,5102.12793,1571.35254,17942.64062,7885.11816,6474.27051,2343.47046,7090.84619,3770.99390,4055.39429,1832.54956,6882.89697,6336.94482,15725.04297,5423.00098,4668.20557,6968.25098,2107.36572,4659.48730,1257.21814,2486.65845,2768.93359,1624.73071,2177.06104,13710.78613
1444.97095,2721.92798,2590.03052,4571.01855, 220.82249,4040.70166,8260.75586,10856.85352,6967.07617,11513.30273,5877.10303,4505.06006,4418.83154,7496.59277, 800.47662,3692.81274,12686.11914,4083.09766, 892.22198,4533.72510,2071.09229,11882.42578,  22.45570,1085.82715,2824.54175,3842.62793,4905.40625, 147.92191, 502.98221,22869.45312,9196.20508,3414.36914,3436.88916,10526.79102,1482.95630,3909.21631,1400.83081, 794.50043,12859.64648,22298.33203,3275.28125,8452.14258,9415.40625,  79.02680,7503.15381,1425.07642,1567.20715, 524.49420,3923.72632,1050.44812, 473.75610
1140.69641,  75.92220, 252.12421,1037.78796,  83.65860, 662.16412,1352.95715, 370.49780, 229.49390,2938.79980, 333.13330,5522.76660,  20.73130,2272.82397, 621.11139,3066.04346,9379.39551,4323.70410,1425.71667,  32.23990, 464.49200,3555.83789,  43.83260, 262.99420,7304.23438, 345.21841,4403.43945, 158.91949,1779.25183,2312.35205,1099.92029,5907.32910,  96.72990, 967.60461, 309.43399,  17.99090, 493.46579,1427.74048, 281.86230,2925.67505,1791.49182, 548.26300,5485.03271,2977.62256,7235.10400,2201.31543,2497.87158,1140.55005, 888.48547,4340.07764, 509.72180
  26.41290,   0.00000, 146.10271,  17.38960,   0.00000, 604.61499,   4.80240,   6.22100,  45.00890,   0.00030, 354.21039,   0.00890,   3.03100,   0.00000,   5.66460, 724.47900, 579.37543,   4.79340,   1.42560,  49.35730,   0.00530,  86.45020,   0.50320,   2.62700,  14.58140,   2.60920,  39.73590,   0.33990,   6.45670, 675.58881,   5.11070,   0.08910,   0.00030,  78.24130,  70.69230,  22.00230,   0.44900,  10.78230,  77.00980,   7.33330,   5.81030,   7.87990,   0.00000,   1.91010,   8.09130,  40.22830,   0.22180,   0.22040,   0.06490,  27.21920, 473.75610
   0.01300,   8.91260,1277.49426, 352.00821,  15.66760,   3.69410,  50.68820,  76.46710, 102.35780,  67.84720, 137.99519,   6.80410,  17.11000,  19.70760,   9.57200, 727.20679,   6.81470,  25.43140,   0.73860, 112.22510,  28.52180,  65.15210,  18.03590,   4.48270,  11.98300,   4.38400,   0.56930, 732.20599,   0.00000,   1.96610, 169.61861,   9.45130,   7.36090,  33.05060,  16.08710,   8.63670,   8.33130,  61.92420,   6.75430,  11.75850,  71.82100, 105.95350,  26.98240,   3.52820,   0.54950,   9.16270,   0.08090,  12.62140,  27.73630,   6.93420, 509.72180
  48.19580, 244.90260, 138.63950,1584.67456, 131.99620, 596.17859, 392.23090,  46.46250,  22.82190, 290.70459, 393.31891,1110.19958, 724.10541,  76.89790, 420.82840, 222.38651,1201.66016,  36.32980,  14.90780,  68.53540, 940.76538, 256.74921, 104.76120,  86.72450,1074.07397,  94.73340, 107.84700, 207.02370,  18.33060, 672.81561,   0.47960,1341.77808, 173.29320,  27.60980, 738.48981,   1.58130, 214.26019,  42.27590,1141.88513,1715.69604, 141.24800,   3.11820,1916.46423, 103.49990, 223.93820, 298.40109,  68.24270, 413.04800, 618.50830, 296.17160,  67.02720
  58.03610, 369.33929,   0.00000,   0.00000, 202.76480, 344.10580,  11.84040,   0.59780,   0.00000, 149.09911,   0.00700,1936.36377, 908.83868,   3.78580,   8.91320,   0.42380, 253.14240,   7.99760,  39.72970,   0.00010, 492.21640,   0.56940, 175.31799, 238.13921,1001.15057, 348.61359,  20.90290, 401.32880,  28.86700,   4.52550,   0.00200, 128.97009,1171.50610,   0.00000, 107.30540,   0.00000,1426.60608,   0.37780, 724.40942, 250.11360,   0.00050,   0.00000, 171.59779,  89.50480,  43.96230, 148.76520,  23.77030, 426.88031,1329.94958,1022.65613,   0.00000
   0.05430, 106.38900,   0.00660,   0.00260,  41.69270,   0.06160,   0.00000,   0.00650,   0.00000,  80.14660,   0.00010, 172.34940, 218.51781, 137.71040,   0.06900,   0.00000,   0.00000,   0.00000,   1.07650,   0.00130,  48.43270,   0.00270,  61.15030,   0.04920,   0.15260,   0.12700,   0.00000, 119.75560,   0.05590,   0.00000,   0.00000,  31.82120, 159.72490,   0.00000,  60.71230,   0.00000, 351.87701,   0.17440,  47.89000,   0.38900,   0.00000,   0.00000,  72.31710,   2.94520,   0.00000,   0.00000,   0.02340,  55.79900,  78.34850,  41.06050,   0.00000
   0.00000,  30.49540,   0.01100,   0.00320,  26.26210,   0.05290,   0.00010,   0.00680,   0.00000,  98.74760,   0.00030,  90.62160,  17.44850, 142.64680,   0.10810,   0.00010,   0.00000,   0.00000,   0.00000,   0.00070,  24.84680,   0.00020,  70.86600,   0.00000,   0.02590,   0.00000,   0.00010,  45.73570,   0.01340,   0.00000,   0.21500,  80.65070,  12.72980,   0.00010,  98.13670,   0.00000, 103.20590,   0.06970,  76.96560, 140.54440,   0.00000,   0.00070,  74.25790,   0.00000,   0.00000,   0.00000,   0.00000,  17.45090,  58.13780,   0.00660,   0.00000
   0.00070,  14.66780,   0.00080,   0.00400,  94.02270,   0.04200,   0.00000,   0.00000,   0.00040, 114.73040,   0.01140,  14.93060,   2.68810,  31.49990,   0.04650,   0.00010,   0.00000,   0.00000,   0.00000,   0.03320,  54.00730,   0.00000, 122.79600,   0.00000,   0.03940,   0.00000,   0.01530,  21.93350,   0.00000,   0.00000,   0.00000, 177.45770,   8.07560,   0.00040, 105.95500,   0.00000,  19.80470,   0.09750, 108.71580,  97.15850,   0.00000,   0.00000, 109.45390,   0.00000,   0.00020,   0.00020,   0.00000,  22.75640,  10.22420,   0.00000,   0.00000
   0.00000, 102.75660,   0.55130,   0.09300, 204.07021,   0.15850,   0.00000,   0.00850,   0.70090,  87.96990,   0.35220, 142.68311,  21.64300,  17.17520,   0.11700,   0.00510,   0.00100,   0.00200,   0.00310,   1.47080,  45.89390,   0.02620, 135.04820,   0.00000,   0.13040,   0.00000,   0.00260, 215.73511,   0.00000,   0.00020,   0.00000,   6.78520,  58.27050,   0.00280,  25.22070,   0.06010,  86.43790,   0.12630, 352.58459,   1.14510,   0.00000,   0.41370,  87.71150,   0.00210,   0.00340,   0.00000,   0.00110, 123.54060, 161.23900,   0.03600,   0.00000
   0.00010, 262.34021,   0.74470,   2.34180,  43.32200,   0.08140,   0.54980,   1.38180,   1.84820,  85.25500,   3.34000, 320.28210,  76.59050,   7.89310,   0.20500,   0.00020,   0.00750,   0.00320,   0.00310,   7.27730,   5.93420,   0.57490,  88.12940,   0.00060,   0.34530,   0.00000,   0.64730, 334.07681,   0.00000,   0.00000,   0.05030,   0.26660,  41.17990,   0.00000,  25.36800,   0.36210, 283.33630,   0.55730, 196.35570,   0.00290,   0.01870,   1.47490,  18.98130,   0.02430,   0.00430,   0.00000,   0.30330, 179.26720, 311.09100,   0.63280,   0.00000
   0.44240,  57.49070,   7.86670,   5.27670,  17.78940,   0.46020,   1.95380,   7.32180,  11.03810, 122.76480,  53.35700, 274.31491,  43.97510,  21.41770,   0.19160,   0.21900,   7.22790,   0.43190,   0.21560,   6.18290, 111.70950,  10.49930,  51.30330,   0.03940,   1.68340,   0.00000,  22.89260, 139.98820,   0.00000,   2.02350,  12.28900,   5.94840,   8.13540,   0.16150,  23.74080,   0.20770, 393.93671,  13.29820,  34.65890,   1.46150,   2.30300,  14.54300,  17.21380,   0.94610,  10.55720,   2.11360,   2.15950,  38.24250, 142.22920,  37.66140,   0.00000
   0.00000,   0.00000,   0.00000,   0.00000,   0.00000,   0.00000,   0.00000,   0.00000,   0.00000,   0.00000,   0.00000,   0.00000,   0.00000,   0.00490,   0.00000,   0.00000,   0.00000,   0.00000,   0.00000,   0.00000,   0.00000,   0.00000,   0.28530,   0.00000,   0.00000,   0.00000,   0.00000,   0.00160,   0.00000,   0.00000,   0.00000,   0.00000,   0.00150,   0.00000,   0.00000,   0.00000,   0.00000,   0.00000,   0.00000,   0.00000,   0.00000,   0.00000,   0.00000,   0.00000,   0.00000,   0.00000,   0.00000,   0.16420,   0.02810,   0.00000,   0.00000
   0.00000,   0.03360,   0.00000,   0.00000,   1.19040,   0.00000,   0.00000,   0.00000,   8.05620,   6.04670,   0.00000,   2.17850,   0.39880,   4.01200,   0.00000,   0.00000,   0.00000,   0.00000,   0.00000,   6.22600,   0.13670,   0.00000,  11.56570,   0.00000,   0.00000,   0.00000,   0.00000, 167.99271,   0.00000,   0.00000,   0.00000,   0.00000,   1.01660,   0.00000,  19.80920,   0.00000,   0.11060,   0.00000,  15.33140,   0.01180,   0.00000,   0.00000,   1.70710,   0.00000,   0.00000,   0.00000,   4.82110, 316.71399,1710.43518,  80.98040,   0.00000
   0.00000,  24.13270,   0.00000,   0.00000, 125.57350,   0.00000,   0.00000,   0.00000,   8.37470,   4.83710,   2.98850,  19.23520,  41.06500, 326.75220,   0.00020,   0.00000,   0.00000,   0.00000,   0.00000,  14.11430,  41.29370,   5.11610,   9.86540,   0.00000,   0.00660,   0.00000,   0.00000, 122.33770,   0.00220,   0.00000,  50.42810,   1.35460,  51.95100,   0.00000, 412.07220,   0.00000,  11.46310,   0.00000, 331.65421,   5.73670,   0.00000,   0.00380,  13.75130,   0.00000,   0.18950,   0.00000,  23.60240, 142.10139,1032.70667, 202.46460,   0.00000
   0.00000,  71.45140,  51.37910,   7.39300,  39.93370,   0.00800,   0.04680,   6.56250,  15.81500, 195.22639,   2.74230,  59.82660,  52.41240,2098.97852,   0.09340,   0.00000,   0.00000,   0.00000,   0.00000,  24.07160,  16.97930,   0.02050,   4.60360,   0.00010,   0.02790,   0.00000,   0.00000,  45.52250,   0.88980,   1.68510,  75.25920,  15.57500,  19.40900,   2.23300,  14.05880,  46.54740,  36.02520,   0.78410, 223.37920,  90.81170,  15.37030, 104.78000,  66.61920,   0.00140,   0.95370,   1.65740,   0.00000,  40.43970, 436.14859, 321.16110,   5.21970
   0.00180,  36.26590, 490.10840, 411.47180, 370.51971,   0.01120,   6.55790, 142.84689, 332.76941, 773.09619, 509.86551, 244.08650,  19.83050, 568.71210,   0.14750,  39.13980,   0.02710,   6.34610,   0.00000, 842.14331, 507.17020, 247.67490,1073.92444,  11.67230,   1.09490,   4.42360,  39.35330,  62.26280,   0.23890, 149.36951, 311.87701, 436.23999, 552.83423, 280.42999, 230.13780, 393.19299,  61.14610,  32.79070, 202.47240, 524.31061, 410.09979, 436.46381,1027.27173,  25.76600, 269.04019,  83.05100,  10.99980,1132.01892, 112.67680,  25.64040, 267.80600
  33.35030, 240.01680, 445.96060, 213.34920, 350.27039,  17.24910, 121.95340, 123.86230, 213.14500, 315.41879, 928.94269, 710.17682, 171.27330,  20.83160,  13.42020, 318.63699, 271.09271, 122.29220,   0.00000, 279.12460,1222.76404, 206.81461, 236.66000,  46.15460,   5.92560,  32.55050, 244.41341, 444.20139,   2.46720, 380.96210,  64.73330, 235.71780, 570.28003, 168.02240, 196.22940, 112.70360,  54.27540,  18.86570, 284.86990,  24.75570, 354.77649, 121.24360,  27.84190,  67.95140, 481.93109, 317.25061,  82.71540,1653.64697, 210.30099,   2.31780, 312.00110
 206.64310,  25.56060,   3.17350,  25.04670,  17.70550, 102.31660,  92.42630,   0.28130,   0.00060, 131.00591, 287.73889,  17.33490,  81.78950, 198.43539,  27.69410,   0.11360, 236.41710,  63.88550,   5.07360,   0.00000, 518.23010,  56.74170,  73.35370, 125.08740,  41.21040, 138.62480, 103.35860, 194.86259,  27.87510,   0.00710,   0.00040,  17.18160,  73.54580,   5.96050,  66.02480,   0.00060, 109.11680,   0.48270,  62.08900,  12.31350,   0.37080,   8.04980,  92.57270, 234.80060,  31.98010, 185.56239,  21.01000,1036.71826,   1.97550,   7.61460,   9.08140
  94.21820,  27.69830,   0.00000,   0.34640, 258.03140,  13.15300,   0.16100,   0.00000,   5.12400,  38.95730,   0.00060,  81.97930, 178.19040,  16.55450,   0.03140,   0.00000,   0.06850,  80.94760,  93.93340,   4.64030, 127.79980,   0.00000,  95.88590,  69.49980,  46.12770,  54.73310,   5.41240,  86.24440,  30.45530,   0.00000,   0.00000, 246.18410, 224.84779,   0.00000,  26.27980,   0.00000,   1.61700,   0.00190, 226.69040,  28.96890,   0.00000,   4.36010, 189.06790, 167.80701,   0.00000, 192.53909,   0.82040, 367.47440,  10.45490,   0.27110,   0.00000
   0.00000, 307.44800,   0.00000,   0.00000, 402.33139,   0.03860,   0.00010,   1.30470,  80.39420,   1.16820,   0.04940, 284.86230, 172.13470,   0.06750,   1.00380,   0.01070,   0.00630,   0.19900,  26.70580, 151.96710, 138.09760,   0.00290, 265.85309,   1.85200,   4.91830,   0.00360,   0.01270, 454.33521,   3.85890,   0.00000,   0.65570,   2.61810, 353.04279,   1.88530,   0.01170,  12.12500, 179.31171,   0.70340, 119.32310,   0.20300,   1.44660,  36.41050,   2.67570,   0.00340,   0.37040,   7.52580,   0.00030, 337.10580, 189.56351,   0.00250,   0.00000
   0.18270, 281.42621,   0.00310,   0.00360,   0.51410,   3.10790,   0.43950,  14.82750,   0.24030,   0.00000,   1.71740,  24.95420, 222.51790,   1.20980,  86.75930,   0.15990,   0.00090,   8.21100,   0.01830,   3.72290,  11.43420,   0.15540,   7.35990,   0.38890,  30.93160,   1.38190,   0.20120, 477.08450,   1.74380,   0.40170,   2.57700,   2.74550,   0.65200,   2.01610,   0.06720,   7.24250, 318.47269,   1.70160,   3.42630,   0.44150,   0.94090,   6.66260,   0.00000,   0.04010,  34.51900,  21.73260,   2.30630,   5.42640, 272.71021,  20.64660,   0.00000
   0.00000,   0.00000,   0.00000,   0.00000,   0.00000,   0.00000,   0.00000,   0.00000,   0.00000,   0.00000,   0.00000,   0.00000,   0.00000,   0.00000,   0.00000,   0.00000,   0.00000,   0.00000,   0.00000,   0.00000,   0.00000,   0.00000,   0.00000,   0.00000,   0.00000,   0.00000,   0.00000,   0.00000,   0.00000,   0.00000,   0.00000,   0.00000,   0.00000,   0.00000,   0.00000,   0.00000,   0.00000,   0.00000,   0.00000,   0.00000,   0.00000,   0.00000,   0.00000,   0.00000,   0.00000,   0.00000,   0.00000,   0.00000,   0.00000,   0.00000,   0.00000
   0.00000,   0.02320,   0.00000,   0.00000,   0.01750,   0.00690,   0.00000,   0.00000,   0.00000,   0.00000,   0.00000,   0.00040,   2.03440,   0.00020,   0.00000,   0.00000,   0.00000,   0.00000,   0.00000,   0.00000,   0.00410,   0.00000,   0.00000,   0.00000,   0.00000,   0.00000,   0.00000,   0.00010,   0.00000,   0.00000,   0.00000,   0.00000,   6.77240,   0.00000,   0.00000,   0.00000,   0.00000,   0.00000,   0.00180,   0.35030,   0.00000,   0.00000,   0.00000,   0.00000,   4.06670,   0.00000,   0.00000,   0.14390,   0.02640,   0.00000,   0.00000
   0.00000,   6.06170,   1.54830,   1.95670,  27.31550,   0.70540,   0.83160,   0.63010,   0.00000,   3.83650,   0.00000,  18.78300,  12.76880,  73.68820,   1.12930,   0.07480,   2.49510,   0.01430,   0.00000,   0.00000,  24.42060,   0.00050,  19.72480,   0.00000,   0.24360,   0.00000,   0.20910,   1.55620,   0.00000,   2.76010,  23.71460,  12.93710,   6.21170,   0.00950,   0.29040,   0.04280,  12.90900,   0.24800,  11.13550,  28.30880,   0.80960,   1.37280,   3.67380,   0.00000,  41.93440,   0.60460,   0.00000,   2.63030,   6.56630,   0.00000,   2.32920
   0.00000,  12.16980,   4.98330,   2.42570,  35.81090,   1.51950,  15.65300,   9.79110,   0.04620, 319.64609,   0.00000,  17.77370,  86.05830, 825.01501,   6.68900,   0.01290,   1.14630,   0.00000,   0.00000,   0.00000,  77.54040,   0.00640,  24.14320,   0.00000,   0.04920,   0.00030,   0.00000,  15.99340,   0.00000,   2.43150, 202.82040,  39.87900,  19.00320,   0.47890,  15.15130,   3.85670,  39.19350,   6.55020,  10.42500, 172.56010,   7.84260,   5.99250,  68.32380,   0.00000,   3.98880,   0.41820,   0.00000,  13.56100,  34.40920,   0.00000,   0.00000
   0.00000,   1.00380,   1.24630,   0.00020,   3.35920,   2.67790, 106.80220,  30.21770,   0.28870, 178.86710,   0.00000,   0.82480,  31.76420, 503.11969,  51.72450,   0.00000,  82.98340,   0.00000,   0.00000,   0.00000,   4.55470,   0.00030,   0.00300,   0.00000,   0.01330,   0.00030,   0.00200,   1.00940,   0.00000,   0.00000,  17.86430,  42.34180,  16.68710,   0.00000,  11.79680,   0.00000,  13.84740,   8.96170,   3.29300,  24.10340,   0.65350,   3.74980,  50.95530,   0.00710,   0.00000,   0.00000,   0.00000,   5.19140,   3.47670,   0.00000,   0.00000
   0.01470,   0.26980,   0.47870,   0.00010,   0.49400,   5.68150,  26.24710,  59.89300,   0.01920,  32.82090,   0.00000,   7.96540,   1.06270,  22.77910,  14.40520,   0.00000,  13.35110,   0.00000,   0.00000,   0.00000,   3.63270,   0.00000,   0.55220,   0.00000,  42.24920,   0.00000,  23.63420,   0.00020,   0.00000,   0.00070,   0.00800,  32.85270,   1.19180,   0.00000,   7.77020,   0.00000,   2.60780,   9.33920,   2.86190,   2.97060,   0.00070,   0.00000,  40.42120,   0.23990,   0.00000,  14.50620,   0.00000,   2.95790,   0.01590,   0.01860,   0.00000
 142.82111,  26.50790,   0.00000,   0.00000,   2.23860,   0.22870,   0.00040,   6.77580,   0.00000,  33.47730,   0.00000, 807.07520,  17.98600,  17.27310,   0.44260,   0.00000,   0.00290,  10.22100,  17.66660,   0.00000, 670.60059,   0.00000,   0.00350,  98.09600, 452.10800,  35.09890,1289.02820,   0.15190,   8.51740,   0.00840,   0.00020,  38.69280,  20.56420,   0.00000,   6.20110,   0.00000, 121.21890,   0.49120,1381.13074,   6.34250,   0.47560,   0.00000,  36.36710,  58.31210,  31.32690,1067.10645,  36.80710,   4.50910, 238.71240,  72.85950,  15.82460
 732.16217, 551.62360,   0.00000,   0.00000, 802.63580,   0.00780,   0.00000,   0.05570,   0.00000,  47.99490,   0.00000,5230.90186,   4.86270,  17.35370,   0.12540,   0.00000,   0.00000,  15.62220,  82.08980,   0.00000, 553.40662,   0.00000,  22.76020, 456.02161,3995.94360, 266.31641,3386.32007,   0.68240, 168.08681, 167.75470,   0.00000, 235.52930,  35.28300,   0.00000,  26.76700,   0.00000, 297.09610,   0.55970,2505.70679,   1.34230, 138.86771,   0.00890,  51.52390, 117.04620, 252.31599,2613.81567,   2.02380,   8.26370, 370.33359,  45.19340, 141.80290
1350.53015, 295.05719,  58.95220,  80.63110, 565.70508,  24.22370,   0.70200,  26.09810,   1.47020,  29.21160,   0.00580,1798.09143, 853.67151,  33.75370,   2.30920,   0.00000,   0.72590, 111.09720,  66.28210,   0.00060,2103.29150,   0.34950,  73.12250, 378.08578,4604.34277, 192.44389,2663.11768,   6.73770,1096.13599, 908.89429,   0.76860, 767.83911,  14.61390,   0.00000,  81.06360,   0.00000,  81.36570,   4.27180,2257.03809,  74.10050,1644.25879, 455.80389, 146.06760,  17.77840, 379.27911,5162.29053,   1.34610,   4.21870,  33.44900,   0.08470, 425.52969
  72.54010,  17.37820, 656.24738, 415.52280,  18.09150,  19.88180,  93.62690, 316.65179, 245.92239,  33.63560,   0.00000, 156.48830,1131.15039,  68.93050,  90.50630,   0.00000,  17.77890,   6.62510,   0.12540,   0.65850,3390.27051,   0.43430,   9.32420, 228.29469, 234.97340,  13.60470, 434.35959,   1.30820,   0.76860, 301.05881,  18.92470, 871.35522,  58.95610,   0.00000,  90.12770,   0.00000,  38.18750, 291.48730, 265.36319, 162.89290,3177.19092,2037.84802,  49.74560,  11.31720, 213.71860,1685.77502,   1.00550,   1.68370,   9.56750,   0.09950,  68.71400
 317.78830, 873.78497,   0.00130,   1.43890,  47.08270,   0.98310,   0.03050,   0.06530,   0.00000,   0.30620,   0.00010,  31.61040,1020.47021,   0.09830,   0.31470,   0.00000,   0.00000,  64.20310, 363.44940,   0.00000, 919.09882,   0.00140,   0.04920,  16.06650,  29.97340,  21.79600, 168.59050,   0.89370, 319.61801,   0.00090,   0.00000,   1.73270, 354.26761,   0.00670,   0.00000,   0.00000,1117.52771,   0.03920, 422.61621,   1.93900,   0.36410,   0.00200,   0.90810,   0.00000, 210.92430,  67.95700,   0.00000,   0.49160,   7.26610,   0.02300, 425.52969
 195.64120, 908.97333, 311.65601,  95.12600, 553.21521,   0.16860,   0.76970,  32.81890,   3.32330,  18.51250,   0.00020,1148.04004,1033.51428,  16.30450,  19.49930,   0.00000,   0.00180, 206.74110,  77.52130,   7.25190,2941.66064,   0.04330, 556.75378, 527.72949, 798.77368, 282.31549,1215.00366,  24.10720, 237.81709,   0.64270,  11.01000,  24.10200, 530.36823,   0.19890,   1.15500,   0.37360,1647.40479, 130.05760,1456.66516,  71.52240,  26.90440, 130.02521,  12.06500,   0.64380, 517.25140, 965.34741,   0.00350,  13.73970, 337.33139,  33.34440,  68.71400
   0.00000,  61.06870, 272.39780,   4.15680,  71.81440,  14.42720,   1.58080,   4.92160,   2.77000, 143.84509,   0.91950, 393.46121, 253.77499, 264.94620,   0.25500,   0.42960,   1.60100,   0.98620,   0.00000,   2.59140, 491.21320,   1.24510, 494.97620,   0.00370,  32.09250,   0.98120,  13.77880,  24.28670,   0.00000,  16.41010,   0.73470, 513.80481,  36.03430,   0.00000, 145.78059,   0.00040, 189.69370,  96.55640, 327.79581, 137.83839,  42.14570, 168.10831,  70.84390,   0.02280,   4.95730, 182.63460,   0.14960,  12.71350,  99.45130,   0.56570,   0.00000
   0.23090,   0.08640, 181.34509,   7.42880,   0.64250,   0.52360,   0.82980,   1.12980,   0.99490, 124.21460,   0.20030,  16.27640,  21.45460,  95.37910,   0.11960,   0.00000,   0.12730,   0.00000,   0.00000,   0.89640,   1.88900,   0.13510,   2.35540,   0.00000,   0.01080,   0.00000,   0.07190,   0.00140,   0.00000,  25.52660,   0.71830, 268.24939,   1.46530,   0.00000, 228.69740,   0.00000,   2.51870,   0.51230,   1.02730,  35.65080,  35.58500,  84.49110, 203.44270,   0.00000,   0.00000,   7.49520,   0.73210,   5.25010,   9.07040,   0.00000,   0.00000
   0.09750,   0.00110,  10.99760,   0.00000,   0.00000,   0.00210,   0.00020,  11.80080,   0.10620, 104.61160,   0.00020,   0.01240,  66.12690,   0.04170,   0.11070,   0.00000,   0.00000,   0.00000,   0.00000,   0.00060,   0.13350,   0.00000,   0.09060,   0.00000,   0.00000,   0.00000,   0.00000,   0.00000,   0.00000,   0.20740,   0.00160,   4.86110,   0.21880,   0.00000,   0.87280,   0.00000,   6.19910,   7.88260,   0.02800,   1.42040,   0.18470,  14.72440,  13.43690,   0.00000,   0.00000,   0.00000,   0.00000,   0.16730,  27.69210,   0.00400,   0.00000
   0.00070,   0.04120,   0.00000,   0.00000,   0.00000,   0.00000,   0.00000,   8.41390,   0.00000,   6.38250,   0.00000,   4.10080,  15.27900,   0.05450,   0.00180,   0.00000,   0.00000,   0.00000,   0.00000,   0.00000,   0.08090,   0.00000,   0.00000,   0.00000,   0.00580,   0.00000,   0.00000,   0.00000,   0.00000,   0.00000,   0.00490,  14.30990,   0.02900,   0.00000,   3.39700,   0.00000,   0.30600,   0.07720,   0.34850,   0.15500,   0.00000,   0.00000,   4.78080,   0.00000,   0.00000,  21.42480,   0.57190,   0.12950,   0.30450,  51.41890,   0.00000
  63.43770,   1.29640,   0.00000,   0.00000,   0.08880,   0.00000,   0.00000,   0.00000,   0.00000,   1.17220,   0.00000,   0.17270,  24.75480,   1.13120,   0.00000,   0.00000,   0.00000,   0.00000,   0.00000,   0.00000, 160.01370,   0.00000,   0.00000, 290.60599,  34.37190, 544.11072, 226.69490,   0.00000,   0.00220,   0.00000,   0.00000,  26.49040,   9.97340,   0.00000,   0.41650,   0.00000,  96.96600,   0.00000,   9.40850,   5.19630,   0.00000,   0.00000,   0.35480,   4.96520,  23.04090,  93.02870,  71.29260,   0.26290,  30.02810,1156.62720,   1.91120
 401.54160,   0.74850,   0.00000,   0.00000,   0.00000,   0.00000,   0.00000,   0.00000,   0.00000,   0.17590,   0.00000,   0.42480, 983.85071,   1.98750,   0.00000,   0.00000,   0.00000,   0.00000,   0.00000,   0.00000, 282.80850,   0.00000,   0.00000, 567.99152,   6.13280,  69.92810, 178.29280,   0.00000,   0.00100,  13.64690,   0.00000,  22.81730, 405.09039,   0.00000,   0.08190,   0.00000, 975.57593,   0.00280, 108.83130,   9.24170,   0.00000,   0.00000,   0.07230,   1.26030, 325.39221, 177.92760,   0.63690,   3.35810, 447.22321, 385.61880, 278.88220
   0.04120,   0.04500,   0.00000,   0.00000,  10.18930,   0.03370,   0.00000,   0.00000,   0.00000,   6.87260,   0.00000,  13.90190, 270.18979,  11.72910,   0.00000,   0.00000,   0.00000,   0.00000,   0.00000,   0.00000,  47.54940,   0.00000,   1.65250,   0.49330,  21.10240,   0.00100,   0.00000,   0.01360,   0.00000,   6.31510,   0.00000,  72.34220,  19.87280,   0.00000,  12.37190,   0.00000,  48.33350,   0.00150,  10.68930,  75.32520,   0.00000,   0.00000,  13.31190,   0.00000, 150.09860,   0.96360,   0.00000,   0.85200, 103.61380, 477.67749, 404.10480
   0.00000,   0.23070,   0.00000,   0.00000,  76.21270,   0.23020,   0.00010,   0.77380,   0.00010,  41.16430,   0.00110,  15.65720,  15.76000,  89.34070,   0.25200,   0.00040,   0.00000,   0.00000,   0.00000,   0.11050,  17.81240,   0.10110,  45.91770,  36.46900,   0.36320,   0.00190,   0.00000,   0.91980,   0.00000,   0.00000,   0.01070,  47.66440,  10.30040,   0.00000, 245.53590,   0.00010,   1.85370,   0.01050,   3.29070,  88.53980,   0.00000,   9.62910,  26.06150,   0.01580,  60.16640,   3.03670,   0.00000,   1.30230,  19.66070, 247.98100, 244.51770
 341.74100,  34.04320,   0.00000,   0.00000,   0.00000,   0.01770,   0.04880,   0.00000,   0.00000,   0.00000,   7.09290,   0.00000, 734.91101,   0.00000,   0.10470,   0.00000,   0.00000,   0.00000, 200.82820,   0.17040,   0.00000,   0.55560,   0.00000, 358.74619,   0.03000, 258.62189,   0.00000,   0.05090, 341.02460,   0.00000,   0.00000,   0.00430,   0.08610,   0.00830,   0.00000,   0.00000,   0.37190,   0.11870,   0.00000,   0.00000,   0.02010,   0.00000,   0.00000,   0.69580,   0.00000,   0.00000, 117.25400, 177.38110, 132.86440, 382.18359,   0.00000
   0.29740,  11.17200,   0.00970,   0.00000,   0.00000,   0.00000,   0.00000,   0.00000,   0.00000,   0.00000,   0.00000,   0.01750, 115.78630,   0.00000,   0.00000,   0.00000,   0.00000,   0.00000,   0.09290,   0.00000,   1.57170,   0.00000,   0.00000,   0.38570,   0.00000,   0.35190,   0.00000,   0.12420,   0.26580,   0.00000,   0.00000,   0.02480,   0.11520,   0.00000,   0.00000,   0.00000,   0.03880,   0.00000,   0.01490,   0.00000,   0.00000,   0.00000,   0.00000,   0.62010,   0.00000,   0.00000, 288.63669, 104.96170,   0.57730, 244.91769,   0.00000
   0.00000,   0.43650,   0.00000,   0.00000,   3.78030,   0.04560,   0.00000,   0.00000,   0.00000,   0.00380,   0.00000,   0.83140,   0.00870,   0.01420,   0.00000,   1.21260,   2.36700,   0.00000,   0.04570,   0.00000,  21.40890,   0.00000,   2.90260,   0.00000,   0.00540,   0.00000,   0.00000,   0.09610,   0.00000,   5.21130,   0.00000,  22.97560,   0.00000,   0.00000,   0.00000,   0.00000,   0.00000,   0.00000,   0.02570,   2.17330,   0.00000,   0.00000,   0.00000,   0.00120,   0.00000,   0.00000,   0.00000,   0.00000,   0.00000,   0.00000,   0.00000
   0.00000,   0.00260,   0.00000,   0.00000, 115.38300,   0.09750,   0.00000,   0.23280,   0.00000,   0.65450,   0.00000,  41.60920,   0.06200,   8.54360,   0.01370,   2.68710,   2.63480,   0.58700,   0.00020,   0.00000, 180.31090,   0.00000,  49.35060,   0.00000,   0.10260,   0.00000,  24.37120,   0.00000,   0.00000,   7.85460,   0.00110,  68.95000,   0.22940,   0.00000,   0.82980,   0.00000,   1.10280,   0.00520,  24.24870,   9.87270,   1.07800,   0.00370,   0.67250,   0.00000,   0.00040,  28.53080,   0.00000,   0.00000,   0.00000,   0.00000,   0.00000
   0.00000,   0.00000,   0.00000,   0.00000, 312.89130,   0.00000,   0.00000,   0.00000,   0.00010,   1.56880,   0.00000,  28.27940,   0.10490,  36.63220,   0.00590,   0.00020,   0.00000,   0.20370,   0.01430,   0.00140, 741.65662,   0.00000,1113.55896,   0.00000,   0.20000,   0.00000,   1.37630,   0.00000,   0.00000,   0.45960,   1.32290,   1.09840,   2.41460,   0.00000,   0.00080,   0.00000,  10.72280,   0.00000,  50.27010,   5.66660,   0.09860,   1.19590,   0.46750,   0.00000,   0.00170,  25.52330,   0.00000,   1.63180,   0.00000,   0.00000,   0.00000
  45.45960,   2.42660,   0.00000,   0.00000,  15.35390,   0.00000,   0.00000,   0.00000,   0.00000,   0.23900,   0.00000,  13.12230, 678.01080,   3.11670,   0.00000,   0.00000,   0.00000,   0.00000,   0.00720,   0.00000,  71.33460,   0.00000,  20.60330, 195.05690,   0.01540, 147.14059,   0.21970,   0.07800,   0.22470,   0.00000,   0.30610,   0.43930, 213.35060,   0.00000,   0.02240,   0.00000, 779.66711,   0.00000,  11.80140,   4.93280,   0.11230,   0.01940,   0.07390,  29.54910,   0.01720,  26.10190,  25.32720,  69.22860,   8.88250,  54.88060,   0.00000
   3.51370,   1.02290,   0.00000,   0.00000,   9.03860,   0.00000,   0.00000,   0.00000,   0.00000,   0.10670,   0.00000,   0.99460,1172.35461,   0.11200,   0.00000,   0.00000,   0.00000,   0.00000,   1.61460,   0.00000,   0.08020,   0.00000,   0.59300,  51.79130,   0.03460,  30.13770,   0.00000,   0.00080,   0.00000,   0.00000,   0.00010,   0.05230, 136.40320,   0.00000,   0.00040,   0.00000, 258.16821,   0.00000,   0.00330,   1.10690,   0.00000,   0.00000,   0.01740,  72.77220,   0.00000,   0.00000,  61.69480,  29.15580, 102.00890, 220.72530,   0.00000
   1.61300,   0.39580,   0.00000,   0.00000,   0.04330,   0.00000,   0.00000,   0.00000,   0.00000,   0.23320,   0.00000,   0.00950, 149.97459,   0.01190,   0.00000,   0.00000,   0.00000,   0.00000,   0.00000,   0.00000,   0.00540,   0.00000,   0.00350,   0.44230,   0.00760,   2.96380,   0.00000,   0.09520,   0.00000,   0.00000,   0.00000,   0.00020,  15.61200,   0.00000,   0.00000,   0.00000, 156.56720,   0.00000,   0.01620,   0.17430,   0.00000,   0.00000,   0.13900,   0.24860,   0.00000,   0.00000,   1.58290,   3.26610,   1.60820,  42.34450,   0.00000
   0.00000,   2.03260,   0.00000,   0.00000,   0.64820,   0.00000,   0.00000,   0.00000,   0.00000,   0.30780,   0.00000,   0.00000,   0.15060,   0.00160,   0.00000,   0.00000,   0.00000,   0.00000,   0.00000,   0.00000,   0.14110,   0.00000,   0.01480,   0.00000,   0.00050,   0.00000,   0.00000,   1.29380,   0.00000,   0.00000,   0.00000,   0.44980,   0.51780,   0.00000,   0.27370,   0.00000,   0.41360,   0.00000,   0.08400,   0.63670,   0.00000,   0.00000,   0.51780,   0.00000,   0.00000,   0.00000,   0.00000,   3.35160,   0.00230,   0.00000,   0.00000
   0.00000,   3.50810,   0.00000,   0.00000,   1.08170,   0.00040,   0.00000,   0.00000,   0.00000,   0.18730,   0.00000,   0.79020,   2.96800,   0.25650,   0.00000,   0.00000,   0.00000,   0.00000,   0.00000,   0.00000,   3.92270,   0.00000,   3.52710,   0.00000,   0.00000,   0.00000,   0.00000,   4.56080,   0.00000,   0.00000,   0.00000,   1.80610,  13.76940,   0.00000,   0.44810,   0.00000,   4.17210,   0.00000,   1.64760,   5.45340,   0.00000,   0.00000,   0.88770,   0.00000,   0.00000,   0.00000,   0.00000,  13.13100,   3.77610,   0.00000,   0.00000
