Y, X
1, 27, 381.8745738636364, 
1, 28, 787.5442023026316, 
1, 29, 589.9715494791667, 
1, 30, 993.2307291666667, 
1, 31, 451.38225911458335, 
1, 32, 361.6460286458333, 
1, 33, 277.90123697916664, 
1, 34, 245.24586588541666, 
1, 35, 253.95094401041666, 
1, 36, 126.236328125, 
1, 37, 34.97360711348684, 
1, 38, 27.597024851831897, 
1, 48, 36.71545624314693, 
1, 49, 123.44614594558189, 
1, 50, 576.2524496822034, 
1, 51, 189.80435646186442, 
1, 52, 201.59851694915255, 
1, 53, 228.203076171875, 
1, 54, 256.137744140625, 
1, 55, 651.2057942708333, 
1, 56, 442.03795572916664, 
1, 57, 236.94715169270833, 
1, 58, 251.80262044270833, 
1, 59, 208.18232593201753, 
1, 60, 260.05086543642244, 
2, 27, 287.56060112847223, 
2, 28, 454.6859580592105, 
2, 29, 419.17376302083335, 
2, 30, 737.5974609375, 
2, 31, 289.4933268229167, 
2, 32, 270.3566569010417, 
2, 33, 235.042431640625, 
2, 34, 174.00690104166668, 
2, 35, 174.31661783854167, 
2, 36, 81.79756673177083, 
2, 37, 28.43536587419181, 
2, 38, 51.36465505826271, 
2, 39, 32.325653076171875, 
2, 48, 124.72167141154661, 
2, 49, 243.90328720868644, 
2, 50, 255.88087592690678, 
2, 51, 150.66228841145832, 
2, 52, 93.44554036458334, 
2, 53, 74.67213541666666, 
2, 54, 192.304150390625, 
2, 55, 265.46287434895834, 
2, 56, 327.4477621822034, 
2, 57, 244.841943359375, 
2, 58, 132.38824869791668, 
2, 59, 93.15507980872844, 
2, 60, 71.1002347176535, 
3, 27, 228.93447818396226, 
3, 28, 233.4471001059322, 
3, 29, 541.8806966145834, 
3, 30, 376.28981119791666, 
3, 31, 209.549853515625, 
3, 32, 146.30535481770832, 
3, 33, 210.83372395833334, 
3, 34, 163.80900065104166, 
3, 35, 133.05252278645833, 
3, 36, 46.0486328125, 
3, 37, 55.886011155985166, 
3, 38, 31.63730265299479, 
3, 39, 90.36786295572917, 
3, 48, 97.47638870497882, 
3, 49, 152.0847757273707, 
3, 50, 170.52113079202587, 
3, 51, 172.6903469279661, 
3, 52, 80.97916942531779, 
3, 53, 115.65521550582628, 
3, 54, 193.462646484375, 
3, 55, 161.77976888020834, 
3, 56, 175.741359904661, 
3, 57, 59.35134361530172, 
3, 58, 71.96375132415254, 
3, 59, 69.45337327860169, 
3, 60, 125.7453827439693, 
3, 61, 70.2456799523305, 
4, 25, 145.9635991115196, 
4, 26, 166.09806941105768, 
4, 27, 195.52819133254718, 
4, 28, 223.75958355402543, 
4, 29, 521.3949615995763, 
4, 30, 446.7178561970339, 
4, 31, 201.57731119791666, 
4, 32, 291.8359375, 
4, 33, 509.05035807291665, 
4, 34, 212.241357421875, 
4, 35, 193.74601236979166, 
4, 36, 190.13097330729167, 
4, 37, 134.92674126059322, 
4, 38, 64.83365478515626, 
4, 39, 159.77320963541666, 
4, 40, 280.363671875, 
4, 48, 34.879200902478445, 
4, 49, 65.67578981633773, 
4, 50, 94.34435163225446, 
4, 51, 143.8843715734649, 
4, 52, 73.41279468201755, 
4, 53, 62.253816303453945, 
4, 54, 70.59304654396186, 
4, 55, 126.5844298245614, 
4, 56, 77.96782670454546, 
4, 57, 46.72174589512712, 
4, 58, 45.559739969544495, 
4, 59, 63.924974344544495, 
4, 60, 61.418051509533896, 
4, 61, 43.989942278180806, 
4, 62, 39.79803902762277, 
5, 24, 170.65559895833334, 
5, 25, 118.87872199292453, 
5, 26, 218.07912034254807, 
5, 27, 632.9264204545455, 
5, 28, 663.0934709821429, 
5, 29, 742.0875264830509, 
5, 30, 507.6189751059322, 
5, 31, 304.68336588541666, 
5, 32, 477.2673828125, 
5, 33, 1001.3332682291667, 
5, 34, 344.35706380208336, 
5, 35, 162.21043294270834, 
5, 36, 144.12747395833333, 
5, 37, 167.51044921875, 
5, 38, 155.71243489583333, 
5, 39, 205.291357421875, 
5, 40, 275.09514036016947, 
5, 41, 213.4973185911017, 
5, 42, 165.4359375, 
5, 43, 78.2363037109375, 
5, 44, 60.75110677083333, 
5, 45, 62.272779561705505, 
5, 47, 32.980085701778016, 
5, 48, 30.964366367885045, 
5, 49, 42.24582143930289, 
5, 50, 27.185961042131698, 
5, 51, 78.76204427083333, 
5, 52, 78.46099175347223, 
5, 53, 115.78678385416667, 
5, 54, 72.66515677315849, 
5, 55, 99.60264850484914, 
5, 56, 101.96711678340517, 
5, 57, 35.227187584186424, 
5, 58, 57.97841796875, 
5, 59, 130.92925715042372, 
5, 60, 38.52096298993644, 
5, 61, 38.648011288400426, 
5, 62, 47.82805879237288, 
6, 24, 178.91500076593138, 
6, 25, 146.2522663620283, 
6, 26, 376.50184044471155, 
6, 27, 780.3916193181818, 
6, 28, 920.1459263392857, 
6, 29, 688.6217105263158, 
6, 30, 480.10537109375, 
6, 31, 306.51295572916666, 
6, 32, 374.4016927083333, 
6, 33, 332.58636067708335, 
6, 34, 291.573391154661, 
6, 35, 176.31620762711864, 
6, 36, 179.16708984375, 
6, 37, 89.25677897135417, 
6, 38, 314.5528971354167, 
6, 39, 337.26097005208334, 
6, 40, 294.3494466145833, 
6, 41, 236.27867838541667, 
6, 42, 121.41289876302083, 
6, 43, 95.3242431640625, 
6, 44, 67.55323079427083, 
6, 45, 63.48989092293432, 
6, 46, 65.56979475350215, 
6, 47, 60.297868399784484, 
6, 48, 75.93501420454545, 
6, 49, 56.04893867924528, 
6, 50, 37.69071528596698, 
6, 51, 37.42234450120192, 
6, 52, 159.140625, 
6, 53, 149.22426060267858, 
6, 54, 180.24008018092104, 
6, 55, 434.8853945974576, 
6, 56, 163.16212592690678, 
6, 57, 28.55519816080729, 
6, 58, 26.958308919270834, 
6, 59, 39.030131022135414, 
6, 60, 23.29086045087394, 
6, 61, 37.29531656901042, 
6, 62, 57.663814290364584, 
7, 23, 209.90030751329786, 
7, 24, 230.4757199754902, 
7, 25, 278.4233306308962, 
7, 26, 541.3894826061321, 
7, 27, 780.1825086805555, 
7, 28, 780.2780539772727, 
7, 29, 464.45218331473217, 
7, 30, 282.1269856770833, 
7, 31, 218.87771809895833, 
7, 32, 281.37021484375, 
7, 33, 438.58587239583335, 
7, 34, 372.05247395833334, 
7, 35, 465.6947265625, 
7, 36, 528.7851888020833, 
7, 37, 415.43935546875, 
7, 38, 375.39283854166666, 
7, 39, 724.0522786458333, 
7, 40, 347.08046875, 
7, 41, 209.65172526041667, 
7, 42, 164.317041015625, 
7, 43, 155.49168294270834, 
7, 44, 84.27146809895834, 
7, 45, 119.16199351165254, 
7, 46, 100.54102419133773, 
7, 47, 108.88111592955508, 
7, 48, 100.52033648574562, 
7, 49, 127.30427024147727, 
7, 50, 60.53419377253606, 
7, 51, 15.742470070167824, 
7, 52, 74.8086259949882, 
7, 53, 146.97599431818182, 
7, 54, 371.18856534090907, 
7, 55, 330.7767376077586, 
7, 56, 151.144921875, 
7, 57, 63.48699137369792, 
7, 58, 53.60118408203125, 
7, 59, 61.47207845052083, 
7, 60, 52.6844482421875, 
7, 61, 65.00415445963542, 
7, 62, 71.20218912760417, 
8, 21, 259.2683771306818, 
8, 22, 308.7701056985294, 
8, 23, 213.4904254415761, 
8, 24, 121.0098828125, 
8, 25, 396.95752910539215, 
8, 26, 801.48953125, 
8, 27, 947.6231617647059, 
8, 28, 679.1009232954545, 
8, 29, 299.6239406779661, 
8, 30, 121.15314127604167, 
8, 31, 293.07802734375, 
8, 32, 327.26975911458334, 
8, 33, 381.4232421875, 
8, 34, 421.4529296875, 
8, 35, 467.3837565104167, 
8, 36, 568.9479817708333, 
8, 37, 657.8376953125, 
8, 38, 592.9767578125, 
8, 39, 632.3131510416666, 
8, 40, 768.8606770833334, 
8, 41, 410.1451171875, 
8, 42, 341.9643229166667, 
8, 43, 265.73229166666664, 
8, 44, 208.84967447916668, 
8, 45, 167.4001679002193, 
8, 46, 199.00287642045456, 
8, 47, 139.711181640625, 
8, 48, 168.31764914772728, 
8, 49, 113.38619429976852, 
8, 50, 78.9671750536152, 
8, 51, 36.66894775390625, 
8, 52, 27.11033083357901, 
8, 53, 150.6705322265625, 
8, 54, 359.8764559659091, 
8, 55, 200.8486328125, 
8, 56, 117.73428239493535, 
8, 57, 45.62984913793103, 
8, 58, 90.99864274364407, 
8, 59, 71.88782159213362, 
8, 60, 82.94450973252118, 
8, 61, 43.17611490885417, 
8, 62, 39.95049235026042, 
9, 19, 107.78356040396342, 
9, 20, 189.38460286458334, 
9, 21, 270.5028036794355, 
9, 22, 182.37197536892361, 
9, 23, 208.88834195523648, 
9, 24, 176.26750382133153, 
9, 25, 332.09630568484044, 
9, 26, 566.8987109375, 
9, 27, 690.76296875, 
9, 28, 342.74207899305554, 
9, 29, 174.44398834745763, 
9, 30, 159.06253255208333, 
9, 31, 315.7196940104167, 
9, 32, 287.9806315104167, 
9, 33, 419.51591796875, 
9, 34, 420.3393880208333, 
9, 35, 406.8769856770833, 
9, 36, 482.96259765625, 
9, 37, 641.9100911458333, 
9, 38, 648.8817708333333, 
9, 39, 410.1977864583333, 
9, 40, 502.51868489583336, 
9, 41, 340.9254557291667, 
9, 42, 327.8490234375, 
9, 43, 260.6120279947917, 
9, 44, 162.96158854166666, 
9, 45, 159.31819100215517, 
9, 46, 180.6890293337264, 
9, 47, 177.195703125, 
9, 48, 124.89338030133929, 
9, 49, 36.572315889246326, 
9, 50, 122.75426228841145, 
9, 51, 129.47995057397958, 
9, 52, 98.70424719024123, 
9, 53, 268.3873224431818, 
9, 54, 282.5021449497768, 
9, 55, 147.94114467075892, 
9, 56, 95.414794921875, 
9, 57, 83.61237203663794, 
9, 58, 45.28996196546053, 
9, 59, 24.817599592537714, 
9, 60, 31.534503805226294, 
9, 61, 29.549365662691887, 
10, 12, 0.519492714493363, 
10, 13, 1.506791251046317, 
10, 19, 59.333089192708336, 
10, 20, 235.18209740423387, 
10, 21, 118.74521956905242, 
10, 22, 99.40151872306035, 
10, 23, 121.28175147804055, 
10, 24, 223.18356870993588, 
10, 25, 304.08264444040697, 
10, 26, 437.369805518617, 
10, 27, 376.45736291273585, 
10, 28, 302.40561079545455, 
10, 29, 223.64503636853448, 
10, 30, 176.97800251588984, 
10, 31, 220.02573821504237, 
10, 32, 450.9751302083333, 
10, 33, 395.32477213541665, 
10, 34, 448.83117461622805, 
10, 35, 449.86175130208335, 
10, 36, 411.0164388020833, 
10, 37, 583.2783203125, 
10, 38, 847.8391276041667, 
10, 39, 601.2518880208333, 
10, 40, 375.8735026041667, 
10, 41, 350.87451171875, 
10, 42, 236.99169921875, 
10, 43, 219.22146809895833, 
10, 44, 225.22843424479166, 
10, 45, 81.94845377604166, 
10, 46, 140.14067731584822, 
10, 47, 154.64374314692984, 
10, 48, 110.70195661272321, 
10, 49, 98.97525084252452, 
10, 50, 103.30682373046875, 
10, 51, 68.32114165683963, 
10, 52, 193.2528440241228, 
10, 53, 239.34046875, 
10, 54, 226.43422022405662, 
10, 55, 135.85408528645834, 
10, 56, 154.38389559659092, 
10, 57, 50.030710320723685, 
10, 58, 27.348716334292764, 
10, 59, 19.838567365679825, 
10, 60, 21.18301552220395, 
10, 61, 25.43396222149884, 
11, 11, 5.373653017241379, 
11, 12, 5.239670325969827, 
11, 13, 3.577960444431679, 
11, 14, 0.45484969490452815, 
11, 17, 0.5078370052835216, 
11, 18, 6.78275322191643, 
11, 19, 67.11123477711396, 
11, 20, 114.43799767127403, 
11, 21, 51.2111669921875, 
11, 22, 167.7874710648148, 
11, 23, 85.39805094401042, 
11, 24, 127.51933361235119, 
11, 25, 210.12484809027777, 
11, 26, 343.6678873697917, 
11, 27, 176.42525390625, 
11, 28, 258.3327682783019, 
11, 29, 394.3123553240741, 
11, 30, 337.79049246651783, 
11, 31, 206.7093716325431, 
11, 32, 316.0554956896552, 
11, 33, 335.009765625, 
11, 34, 385.1039870689655, 
11, 35, 379.80091366525426, 
11, 36, 223.063818359375, 
11, 37, 396.3092447916667, 
11, 38, 565.3103515625, 
11, 39, 520.1607747395833, 
11, 40, 651.9025390625, 
11, 41, 389.08069661458336, 
11, 42, 92.47562662760417, 
11, 43, 91.73435872395834, 
11, 44, 146.4251953125, 
11, 45, 222.36813095868644, 
11, 46, 233.36237203663794, 
11, 47, 214.33897569444446, 
11, 48, 105.14598737444196, 
11, 49, 201.87592230902777, 
11, 50, 116.81088423295455, 
11, 51, 108.32229989035088, 
11, 52, 172.77224864130434, 
11, 53, 138.98456846992926, 
11, 54, 238.41774019281914, 
11, 55, 127.55522365196079, 
11, 56, 262.3303034855769, 
11, 57, 47.606698665978776, 
11, 58, 27.98070384837963, 
11, 59, 16.09925759055398, 
11, 60, 18.18390118634259, 
12, 11, 9.274379797149123, 
12, 12, 4.1544239132903344, 
12, 13, 2.488087632921007, 
12, 14, 3.0280548095703126, 
12, 15, 2.2261023888221154, 
12, 16, 0.8401276043483189, 
12, 17, 0.4299599647521973, 
12, 18, 10.442948966190732, 
12, 19, 22.096773274739583, 
12, 20, 80.18204929517663, 
12, 21, 227.64646484375, 
12, 22, 168.48821004231772, 
12, 23, 113.2760986328125, 
12, 24, 170.69749348958334, 
12, 25, 149.2116758765244, 
12, 26, 130.22682291666666, 
12, 27, 167.04533743351064, 
12, 28, 310.40708414713544, 
12, 29, 420.83976403061223, 
12, 30, 356.95665564903845, 
12, 31, 399.2522615131579, 
12, 32, 470.48268670550846, 
12, 33, 323.6638969809322, 
12, 34, 197.09548795021186, 
12, 35, 326.74582435344826, 
12, 36, 264.92241379310343, 
12, 37, 385.32125538793105, 
12, 38, 377.00877251059325, 
12, 39, 535.5243815104167, 
12, 40, 476.2182291666667, 
12, 41, 506.262109375, 
12, 42, 122.34781901041667, 
12, 43, 142.97962239583333, 
12, 44, 162.25667317708334, 
12, 45, 218.68922139830508, 
12, 46, 238.71669407894737, 
12, 47, 162.71126883370536, 
12, 48, 226.02776988636364, 
12, 49, 83.38745615433673, 
12, 50, 171.71525213068182, 
12, 51, 316.4420240752551, 
12, 52, 380.9411892361111, 
12, 53, 141.47572544642858, 
12, 54, 162.05757279829547, 
12, 55, 376.8541666666667, 
12, 56, 254.5645548502604, 
12, 57, 186.5869140625, 
12, 58, 40.02430635340073, 
12, 59, 31.89678955078125, 
12, 60, 18.981475254274763, 
13, 8, 7.053860699688947, 
13, 11, 1.2069657773387676, 
13, 12, 1.051419165826613, 
13, 13, 0.975390625, 
13, 14, 1.6119308471679688, 
13, 15, 3.037389373779297, 
13, 16, 1.3089445659092493, 
13, 17, 0.18405401005464442, 
13, 18, 10.64946044921875, 
13, 19, 42.060395893297695, 
13, 20, 120.64252263849431, 
13, 21, 56.04647972470238, 
13, 22, 71.53480360243056, 
13, 23, 58.470499674479164, 
13, 24, 103.50892333984375, 
13, 25, 56.0799072265625, 
13, 26, 101.99587799781976, 
13, 27, 257.83702256944446, 
13, 28, 675.5095920138889, 
13, 29, 614.4183349609375, 
13, 30, 850.1192602040817, 
13, 31, 636.5784143518518, 
13, 32, 477.07034560381356, 
13, 33, 406.41144729872883, 
13, 34, 294.5193326271187, 
13, 35, 272.80561355064657, 
13, 36, 297.3426724137931, 
13, 37, 335.3475191885965, 
13, 38, 300.55577992584745, 
13, 39, 326.244968220339, 
13, 40, 445.5088718220339, 
13, 41, 497.52638373940675, 
13, 42, 187.46229475635593, 
13, 43, 93.84065479343221, 
13, 44, 114.82529462394068, 
13, 45, 187.78268229166667, 
13, 46, 84.35850979989036, 
13, 47, 138.0609441207627, 
13, 48, 193.36599576271186, 
13, 49, 159.356796875, 
13, 50, 147.74154974489795, 
13, 51, 273.3948160807292, 
13, 52, 203.46658203125, 
13, 53, 186.28197763480392, 
13, 54, 116.5273104580966, 
13, 55, 319.2828706781915, 
13, 56, 173.87472098214286, 
13, 57, 58.89922472895408, 
13, 58, 31.17384455754207, 
13, 59, 22.173850319602273, 
13, 60, 25.631935248940678, 
14, 8, 9.026304456922743, 
14, 9, 6.878460383011123, 
14, 10, 1.8279712153416054, 
14, 11, 1.0376181168989702, 
14, 12, 0.8449778455369016, 
14, 13, 0.3342921998765733, 
14, 14, 0.03378985144875266, 
14, 15, 0.0779091775417328, 
14, 16, 0.9454634739802434, 
14, 17, 0.9176492691040039, 
14, 18, 4.141530890213816, 
14, 19, 41.715050591362846, 
14, 20, 193.44245256696428, 
14, 21, 59.619510904947916, 
14, 22, 28.007491402004074, 
14, 23, 60.045133023648646, 
14, 24, 91.56878847064394, 
14, 25, 53.123681640625, 
14, 26, 87.78261400305706, 
14, 27, 265.53611061789775, 
14, 28, 567.9348201308139, 
14, 29, 863.5157948369565, 
14, 30, 884.3028157552084, 
14, 31, 914.9750306372549, 
14, 32, 788.6085668103449, 
14, 33, 509.99510063559325, 
14, 34, 491.760063559322, 
14, 35, 262.1789095603813, 
14, 36, 230.76995218211206, 
14, 37, 249.28934388241527, 
14, 38, 256.0047481142241, 
14, 39, 410.73440867456895, 
14, 40, 406.63797669491527, 
14, 41, 470.4364224137931, 
14, 42, 209.95827720905172, 
14, 43, 227.05310872395833, 
14, 44, 260.9879557291667, 
14, 45, 202.6372980667373, 
14, 46, 209.1181640625, 
14, 47, 231.32992393092104, 
14, 48, 168.1421840734649, 
14, 49, 82.7333233173077, 
14, 50, 72.09742132222877, 
14, 51, 112.719296875, 
14, 52, 107.20828812210648, 
14, 53, 129.69471366450472, 
14, 54, 253.5883029513889, 
14, 55, 279.282545440051, 
14, 56, 98.60364460495283, 
14, 57, 27.298846550707548, 
14, 58, 12.714786105685764, 
14, 59, 12.378551817776865, 
15, 6, 11.03877197265625, 
15, 7, 11.10464058670343, 
15, 8, 8.526539393833705, 
15, 9, 5.277888857085129, 
15, 10, 4.102980422973633, 
15, 11, 1.4651673358419668, 
15, 12, 1.6403341090425532, 
15, 13, 0.8291423034667968, 
15, 14, 0.05260430682789196, 
15, 15, 0.1533915162086487, 
15, 16, 0.6088458299636841, 
15, 17, 3.133339352077908, 
15, 18, 14.902522495814733, 
15, 19, 48.854878743489586, 
15, 20, 81.73705240885417, 
15, 21, 78.03014766808712, 
15, 22, 20.078572118005088, 
15, 23, 61.24966032608695, 
15, 24, 41.43749060997596, 
15, 25, 31.24420808490954, 
15, 26, 49.634678431919646, 
15, 27, 186.0467041015625, 
15, 28, 427.2570979420732, 
15, 29, 870.7315588662791, 
15, 30, 1117.0333729619565, 
15, 31, 966.4287683823529, 
15, 32, 880.789207175926, 
15, 33, 776.8913225446429, 
15, 34, 726.8773572198276, 
15, 35, 592.5493861607143, 
15, 36, 323.62013373940675, 
15, 37, 379.18836069915255, 
15, 38, 334.2706761853448, 
15, 39, 506.7853246228448, 
15, 40, 385.416563870614, 
15, 41, 328.64237253289474, 
15, 42, 260.25130789620533, 
15, 43, 230.95007745150863, 
15, 44, 341.4234577047414, 
15, 45, 342.44269729872883, 
15, 46, 312.2430630387931, 
15, 47, 252.87906319754464, 
15, 48, 220.20167759486608, 
15, 49, 115.86629231770833, 
15, 50, 100.58156139445755, 
15, 51, 101.5023944561298, 
15, 52, 99.77041207107843, 
15, 53, 162.71260892427884, 
15, 54, 120.8475267059949, 
15, 55, 258.91946231617646, 
15, 56, 152.0284107349537, 
15, 57, 69.4569241707785, 
15, 58, 8.921418288658405, 
15, 59, 9.129820667613636, 
15, 60, 9.719711303710938, 
16, 5, 9.211868851273149, 
16, 6, 13.605630727914663, 
16, 7, 12.637332622821514, 
16, 8, 12.212362016950335, 
16, 9, 9.336691337719298, 
16, 10, 4.163854108537946, 
16, 11, 0.3887688896872781, 
16, 12, 0.36185667514801023, 
16, 13, 0.42384176784091526, 
16, 14, 0.1211550419147198, 
16, 15, 1.0757156372070313, 
16, 16, 0.27842508951822914, 
16, 17, 12.87314224243164, 
16, 18, 9.819069310238486, 
16, 19, 43.78054717092803, 
16, 20, 88.42880991342905, 
16, 21, 150.17432996961804, 
16, 22, 48.92465077275815, 
16, 23, 39.45079803466797, 
16, 24, 28.12017822265625, 
16, 25, 19.22006300019055, 
16, 26, 24.42378270348837, 
16, 27, 69.19093540736607, 
16, 28, 344.4637044270833, 
16, 29, 330.479052734375, 
16, 30, 532.7309027777778, 
16, 31, 622.301513671875, 
16, 32, 716.8158903301887, 
16, 33, 733.5772405660377, 
16, 34, 582.3462171052631, 
16, 35, 465.26733826754383, 
16, 36, 513.9356792902543, 
16, 37, 393.23742055084745, 
16, 38, 464.20481770833334, 
16, 39, 484.8201104525862, 
16, 40, 328.88843201754383, 
16, 41, 334.4535435267857, 
16, 42, 276.82371303013394, 
16, 43, 229.84948944627192, 
16, 44, 168.28247912176724, 
16, 45, 227.9293002424569, 
16, 46, 177.10803865131578, 
16, 47, 215.08197893415178, 
16, 48, 297.25534345518867, 
16, 49, 163.11456524884258, 
16, 50, 68.23652787642045, 
16, 51, 110.14488002232143, 
16, 52, 222.34046875, 
16, 53, 181.16420200892858, 
16, 54, 71.36036538178067, 
16, 55, 113.021787109375, 
16, 56, 221.57502629206732, 
16, 57, 55.585495521282326, 
16, 58, 11.694027549342104, 
16, 59, 7.315849849155971, 
16, 60, 8.81489692300053, 
16, 61, 10.313142420881885, 
16, 62, 12.661715232719809, 
17, 5, 9.046260764382103, 
17, 6, 12.389869839537377, 
17, 7, 9.00335360440341, 
17, 8, 14.061780657087054, 
17, 9, 10.895676491477273, 
17, 10, 2.115387616838728, 
17, 11, 0.21301373568448154, 
17, 12, 2.0385044642857144, 
17, 13, 0.41077761216597125, 
17, 14, 0.8402669770377023, 
17, 15, 2.0800584157307944, 
17, 16, 1.5704325800356658, 
17, 17, 5.762416010317595, 
17, 18, 2.9378780018199575, 
17, 19, 28.073373189786587, 
17, 20, 71.2135721842448, 
17, 21, 74.93845663265306, 
17, 22, 47.10709481869104, 
17, 23, 47.171089920343135, 
17, 24, 24.887241097383722, 
17, 25, 21.210108980219413, 
17, 26, 40.25213114420573, 
17, 27, 110.98612837357955, 
17, 28, 391.15079126602564, 
17, 29, 502.8120349702381, 
17, 30, 390.9298573369565, 
17, 31, 486.3851841517857, 
17, 32, 623.6428172831633, 
17, 33, 522.6340144230769, 
17, 34, 629.6421440972222, 
17, 35, 591.5725497159091, 
17, 36, 450.6581688596491, 
17, 37, 384.7171875, 
17, 38, 431.03469279661016, 
17, 39, 488.8733552631579, 
17, 40, 364.9723423549107, 
17, 41, 341.3189630681818, 
17, 42, 214.77324904057016, 
17, 43, 153.91066935911016, 
17, 44, 231.0386652542373, 
17, 45, 280.1158340186403, 
17, 46, 360.302460252193, 
17, 47, 330.72555226293105, 
17, 48, 289.0195845170455, 
17, 49, 210.4840731534091, 
17, 50, 93.11349051339286, 
17, 51, 67.5432761863426, 
17, 52, 182.4275811887255, 
17, 53, 317.1062890625, 
17, 54, 128.91026088169642, 
17, 55, 147.50504557291666, 
17, 56, 85.1883425245098, 
17, 57, 72.10797991071429, 
17, 58, 63.83125171326754, 
17, 59, 46.8405119243421, 
17, 60, 13.797030744881466, 
17, 61, 8.212295264528509, 
17, 62, 8.711344751818427, 
18, 4, 11.076787580523575, 
18, 5, 8.467401872601425, 
18, 6, 8.788231482872597, 
18, 7, 6.576579793294271, 
18, 8, 15.434554036458334, 
18, 9, 22.71830087337854, 
18, 10, 3.144717979431152, 
18, 11, 17.71975590632512, 
18, 12, 68.05940551757813, 
18, 13, 70.73701615767045, 
18, 14, 15.506846110026041, 
18, 15, 42.799967447916664, 
18, 16, 32.21885681152344, 
18, 17, 3.680976249076225, 
18, 18, 16.36543836091694, 
18, 19, 10.859234896573154, 
18, 20, 24.0885693359375, 
18, 21, 44.10043202275815, 
18, 22, 35.011085792824076, 
18, 23, 19.39094599971065, 
18, 24, 51.73797171456473, 
18, 25, 60.69798422759434, 
18, 26, 110.16311357606132, 
18, 27, 170.46436564127603, 
18, 28, 462.2424723307292, 
18, 29, 499.7061228197674, 
18, 30, 527.6964409722223, 
18, 31, 562.0677897135416, 
18, 32, 561.483154296875, 
18, 33, 482.63484534438777, 
18, 34, 497.9608664772727, 
18, 35, 430.0546164772727, 
18, 36, 569.7770070043103, 
18, 37, 620.8173993644068, 
18, 38, 523.9262115995763, 
18, 39, 482.2531524122807, 
18, 40, 546.3303865131579, 
18, 41, 373.7051491477273, 
18, 42, 337.5835389254386, 
18, 43, 241.01582704741378, 
18, 44, 291.70958024364404, 
18, 45, 224.63688712284483, 
18, 46, 155.03160978618422, 
18, 47, 199.35715247844828, 
18, 48, 312.3801858836207, 
18, 49, 259.5561440677966, 
18, 50, 202.00104277012713, 
18, 51, 119.1723204495614, 
18, 52, 92.96131243024554, 
18, 53, 395.6174715909091, 
18, 54, 334.2127130681818, 
18, 55, 242.34198533442984, 
18, 56, 144.19340376420453, 
18, 57, 69.0065056295956, 
18, 58, 92.06268845942982, 
18, 59, 63.79655354817708, 
18, 60, 28.218657394935345, 
18, 61, 16.65486546566612, 
18, 62, 13.642281668526786, 
19, 2, 14.616032041352371, 
19, 3, 12.25536681058114, 
19, 4, 9.213186329808728, 
19, 5, 6.884520374644886, 
19, 6, 5.1501617431640625, 
19, 7, 10.848460896809895, 
19, 8, 28.14590047200521, 
19, 9, 74.1085366303066, 
19, 10, 13.346602376302084, 
19, 11, 33.64434814453125, 
19, 12, 11.336218939887154, 
19, 13, 11.87595694405692, 
19, 14, 11.72684537447416, 
19, 15, 39.80809261924342, 
19, 16, 26.907178925304876, 
19, 17, 25.461794969512194, 
19, 18, 31.606126573350693, 
19, 19, 34.008602061170215, 
19, 20, 40.141016123246175, 
19, 21, 27.14149331146816, 
19, 22, 21.080926303205818, 
19, 23, 39.86294352213542, 
19, 24, 92.21227606411638, 
19, 25, 146.83948396381578, 
19, 26, 285.5198813384434, 
19, 27, 403.5670823317308, 
19, 28, 821.2386532738095, 
19, 29, 679.0636160714286, 
19, 30, 310.9978693181818, 
19, 31, 516.4078291223404, 
19, 32, 427.9405924479167, 
19, 33, 438.3045769457547, 
19, 34, 689.9997788915094, 
19, 35, 564.1615767045455, 
19, 36, 518.856689453125, 
19, 37, 616.0620888157895, 
19, 38, 591.5659348060345, 
19, 39, 493.16101694915255, 
19, 40, 615.367735745614, 
19, 41, 469.2668185763889, 
19, 42, 393.26303205818965, 
19, 43, 394.3996367872807, 
19, 44, 419.6691196986607, 
19, 45, 259.7980998411017, 
19, 46, 191.52912850215517, 
19, 47, 104.93754069010417, 
19, 48, 190.89919888771186, 
19, 49, 232.33570177801724, 
19, 50, 184.16578776041666, 
19, 51, 171.725830078125, 
19, 52, 235.68928475215517, 
19, 53, 360.1362390350877, 
19, 54, 644.2350027901786, 
19, 55, 451.9311691810345, 
19, 56, 173.32334872159092, 
19, 57, 58.737030029296875, 
19, 58, 109.50590376420455, 
19, 59, 115.17072711074562, 
19, 60, 68.84909583782327, 
19, 61, 52.27886962890625, 
19, 62, 25.685501098632812, 
19, 63, 16.37306184588738, 
20, 2, 14.38446872517214, 
20, 3, 14.37481475294682, 
20, 4, 13.467492889939694, 
20, 5, 7.497691966869213, 
20, 6, 6.115547309487553, 
20, 7, 13.754921468098958, 
20, 8, 22.432157244001115, 
20, 9, 10.47227046174823, 
20, 10, 0.6862605412801107, 
20, 11, 1.6783805515455164, 
20, 12, 1.9804709752400715, 
20, 13, 19.059395625673492, 
20, 14, 21.968136436060856, 
20, 15, 67.41410632011218, 
20, 16, 65.4683254076087, 
20, 17, 70.7733839081555, 
20, 18, 45.28014846075149, 
20, 19, 59.66596476236979, 
20, 20, 42.40787575461648, 
20, 21, 38.86015724649235, 
20, 22, 69.21737938596492, 
20, 23, 97.20314127604166, 
20, 24, 146.07779396186442, 
20, 25, 237.19474712171052, 
20, 26, 379.4513972355769, 
20, 27, 434.52144281914894, 
20, 28, 385.88349184782606, 
20, 29, 406.080078125, 
20, 30, 193.28080610795453, 
20, 31, 715.7739701704545, 
20, 32, 754.3766741071429, 
20, 33, 573.1747494103773, 
20, 34, 763.6341145833334, 
20, 35, 783.5793108258929, 
20, 36, 645.4192483836207, 
20, 37, 705.1563173491379, 
20, 38, 739.3143538135594, 
20, 39, 695.4336588541667, 
20, 40, 698.4057203389831, 
20, 41, 688.1453993055555, 
20, 42, 634.75341796875, 
20, 43, 655.2093612938596, 
20, 44, 406.17508606991527, 
20, 45, 357.65711069915255, 
20, 46, 316.3600039724576, 
20, 47, 180.81718418961864, 
20, 48, 200.31749867584745, 
20, 49, 236.63361002604168, 
20, 50, 198.52639973958333, 
20, 51, 189.31290690104166, 
20, 52, 264.95178429555085, 
20, 53, 346.1803042763158, 
20, 54, 285.3834228515625, 
20, 55, 423.01084681919644, 
20, 56, 304.82987253289474, 
20, 57, 117.67356178977273, 
20, 58, 52.08572762472588, 
20, 59, 212.81536233836206, 
20, 60, 122.13813920454545, 
20, 61, 118.96711382949562, 
20, 62, 44.078037806919646, 
20, 63, 12.338042658025568, 
21, 2, 19.262977337015087, 
21, 3, 15.390162417763158, 
21, 4, 13.668127877371651, 
21, 5, 10.391062591035487, 
21, 6, 13.34556450278072, 
21, 7, 24.900087890625, 
21, 8, 14.261064118030024, 
21, 9, 5.952775612855569, 
21, 10, 4.257836177431304, 
21, 11, 4.870581970214844, 
21, 12, 2.6600412222055287, 
21, 13, 4.1064314665617765, 
21, 14, 7.433427764148247, 
21, 15, 56.549853515625, 
21, 16, 53.64864366319444, 
21, 17, 99.12557983398438, 
21, 18, 59.83665161132812, 
21, 19, 74.75547572544643, 
21, 20, 64.93260657269022, 
21, 21, 114.130029296875, 
21, 22, 170.8839545815678, 
21, 23, 111.50986328125, 
21, 24, 168.86551106770833, 
21, 25, 158.11592470366378, 
21, 26, 301.65972222222223, 
21, 27, 213.0093359375, 
21, 28, 283.7279296875, 
21, 29, 365.87285539215685, 
21, 30, 269.96261160714283, 
21, 31, 401.9013671875, 
21, 32, 790.9830197704082, 
21, 33, 1190.6811224489795, 
21, 34, 951.614140625, 
21, 35, 580.5756392045455, 
21, 36, 829.2004045758929, 
21, 37, 801.9881465517242, 
21, 38, 854.3392269736842, 
21, 39, 779.4638020833333, 
21, 40, 791.3932291666666, 
21, 41, 948.326953125, 
21, 42, 777.1953125, 
21, 43, 855.6682997881356, 
21, 44, 588.8224369517544, 
21, 45, 479.9609375, 
21, 46, 407.74410695043105, 
21, 47, 290.37195444915255, 
21, 48, 346.1759496228448, 
21, 49, 262.06099377648303, 
21, 50, 234.3304919226695, 
21, 51, 213.4754849137931, 
21, 52, 264.4155016447368, 
21, 53, 383.9274313038793, 
21, 54, 252.26811872209822, 
21, 55, 272.1223415798611, 
21, 56, 345.20106907894734, 
21, 57, 321.1964699074074, 
21, 58, 194.35558143028845, 
21, 59, 137.7671786221591, 
21, 60, 229.65426136363635, 
21, 61, 91.19295099431818, 
21, 62, 13.929942539760045, 
21, 63, 10.655322265625, 
22, 2, 23.48968716325431, 
22, 3, 17.76338169030976, 
22, 4, 15.482553582442435, 
22, 5, 14.75073347420528, 
22, 6, 14.066656042028356, 
22, 7, 7.2167106628417965, 
22, 8, 19.24777533083546, 
22, 9, 21.921952311197916, 
22, 10, 11.782809526492388, 
22, 11, 1.8775980207655165, 
22, 12, 8.864757884632457, 
22, 13, 30.299873120857008, 
22, 14, 49.18002241085737, 
22, 15, 71.97343306107955, 
22, 16, 39.538744608561196, 
22, 17, 70.28239121547965, 
22, 18, 64.93248901367187, 
22, 19, 112.8747265625, 
22, 20, 232.74379053655662, 
22, 21, 222.717529296875, 
22, 22, 188.39580078125, 
22, 23, 155.68609308792372, 
22, 24, 150.40568033854166, 
22, 25, 162.19529441550927, 
22, 26, 140.63099756780662, 
22, 27, 131.27516951650944, 
22, 28, 165.74896240234375, 
22, 29, 305.88540338010205, 
22, 30, 277.46617353723406, 
22, 31, 378.02281416223406, 
22, 32, 421.70304840686276, 
22, 33, 1036.052890625, 
22, 34, 1055.04296875, 
22, 35, 925.3183225235849, 
22, 36, 724.0369318181819, 
22, 37, 795.2747628348214, 
22, 38, 593.3331567796611, 
22, 39, 729.8442134533898, 
22, 40, 786.5961588541667, 
22, 41, 894.4651041666667, 
22, 42, 983.7746292372881, 
22, 43, 767.3787006578947, 
22, 44, 809.3105811403509, 
22, 45, 588.6024693080357, 
22, 46, 406.508056640625, 
22, 47, 512.923828125, 
22, 48, 292.2544028072034, 
22, 49, 277.62080078125, 
22, 50, 280.6228515625, 
22, 51, 257.3728352864583, 
22, 52, 216.86730336334745, 
22, 53, 233.2003608315678, 
22, 54, 356.13804408482144, 
22, 55, 164.99030539772727, 
22, 56, 174.22911658653845, 
22, 57, 251.21592494419642, 
22, 58, 268.0126242897727, 
22, 59, 102.50399885506465, 
22, 60, 275.8025357521187, 
22, 61, 137.21580347521552, 
22, 62, 61.167807368908896, 
22, 63, 16.77135914769666, 
23, 1, 33.23393637447034, 
23, 2, 23.355325633081897, 
23, 3, 20.672205431707972, 
23, 4, 25.828021871632544, 
23, 5, 37.463094075520836, 
23, 6, 14.961316622220552, 
23, 7, 11.691554260253906, 
23, 8, 77.3349181058114, 
23, 9, 61.82277916217672, 
23, 10, 8.199126414763622, 
23, 11, 6.138897705078125, 
23, 12, 39.203062315244935, 
23, 13, 48.26943887246622, 
23, 14, 127.43877210115132, 
23, 15, 158.8716579861111, 
23, 16, 104.975634765625, 
23, 17, 106.97681568287037, 
23, 18, 125.01647665334302, 
23, 19, 158.05641084558823, 
23, 20, 171.04593599759616, 
23, 21, 316.0693855932203, 
23, 22, 235.70413466631356, 
23, 23, 210.48058268229167, 
23, 24, 175.567138671875, 
23, 25, 211.7249112215909, 
23, 26, 221.4903938137755, 
23, 27, 232.0613987699468, 
23, 28, 187.55828125, 
23, 29, 239.4136328125, 
23, 30, 449.3972981770833, 
23, 31, 574.1626455269608, 
23, 32, 611.08015625, 
23, 33, 795.9791932397959, 
23, 34, 1187.9507506127452, 
23, 35, 906.9244318181818, 
23, 36, 879.3263888888889, 
23, 37, 908.0873325892857, 
23, 38, 966.1225328947369, 
23, 39, 716.5160290948276, 
23, 40, 685.4912760416667, 
23, 41, 762.9978515625, 
23, 42, 575.9821614583333, 
23, 43, 667.0251302083333, 
23, 44, 555.1137190193965, 
23, 45, 766.6941266741071, 
23, 46, 533.0381373355264, 
23, 47, 537.857528409091, 
23, 48, 506.25519729872883, 
23, 49, 395.05992838541664, 
23, 50, 376.47530455508473, 
23, 51, 285.2780720338983, 
23, 52, 241.36845703125, 
23, 53, 275.9756716008772, 
23, 54, 279.45017722800924, 
23, 55, 257.4699616608796, 
23, 56, 164.53322155070754, 
23, 57, 162.7841796875, 
23, 58, 155.30698327850877, 
23, 59, 67.90476255063658, 
23, 60, 134.7438232421875, 
23, 61, 292.1923828125, 
23, 62, 145.7876953125, 
24, 1, 43.8185248940678, 
24, 2, 35.840576171875, 
24, 3, 29.03159907826206, 
24, 4, 35.72854459083686, 
24, 5, 38.01953938802083, 
24, 6, 15.660670689174108, 
24, 7, 51.48202291349085, 
24, 8, 161.29633246527777, 
24, 9, 90.9364406779661, 
24, 10, 11.44671630859375, 
24, 11, 25.483687551398027, 
24, 12, 53.73728682355183, 
24, 13, 65.32654121594551, 
24, 14, 201.22080592105263, 
24, 15, 225.53633840460526, 
24, 16, 214.10283387382074, 
24, 17, 128.56929072627315, 
24, 18, 100.82238238790761, 
24, 19, 141.91607306985293, 
24, 20, 165.3513229658019, 
24, 21, 230.57058189655172, 
24, 22, 392.8887044270833, 
24, 23, 220.39231329449152, 
24, 24, 233.550048828125, 
24, 25, 187.30450324292454, 
24, 26, 133.71168009440103, 
24, 27, 224.08634440104166, 
24, 28, 204.4916015625, 
24, 29, 277.4791092218137, 
24, 30, 516.3556281887755, 
24, 31, 741.4065563725491, 
24, 32, 1127.881893382353, 
24, 33, 922.3243781887755, 
24, 34, 1016.8968431122449, 
24, 35, 1254.0306490384614, 
24, 36, 1243.628125, 
24, 37, 803.7229989035088, 
24, 38, 626.9045367324561, 
24, 39, 594.7394067796611, 
24, 40, 569.8983072916667, 
24, 41, 481.9397786458333, 
24, 42, 458.96735026041665, 
24, 43, 566.9654498922414, 
24, 44, 592.4568292025862, 
24, 45, 663.9635881696429, 
24, 46, 610.567416487069, 
24, 47, 500.25070716594826, 
24, 48, 540.5242396763393, 
24, 49, 467.4237607758621, 
24, 50, 419.39514973958336, 
24, 51, 426.9208658854167, 
24, 52, 365.232421875, 
24, 53, 347.6439022775424, 
24, 54, 346.56802262931035, 
24, 55, 202.93528891509433, 
24, 56, 115.55053267045454, 
24, 57, 162.0896585398707, 
24, 58, 169.20151548032408, 
24, 59, 66.40221477004717, 
24, 60, 104.89056285511364, 
24, 61, 273.0284030720339, 
24, 62, 215.14734700520833, 
24, 63, 125.0087890625, 
25, 1, 55.96859004579741, 
25, 2, 44.093918372844826, 
25, 3, 40.453259698275865, 
25, 4, 67.82030422404661, 
25, 5, 64.48977457682291, 
25, 6, 31.62941808867873, 
25, 7, 85.17074525122548, 
25, 8, 254.71109169407896, 
25, 9, 39.776598249162944, 
25, 10, 10.153532608695652, 
25, 11, 18.804800669352215, 
25, 12, 57.92905591881794, 
25, 13, 57.539726789607556, 
25, 14, 135.15287358710106, 
25, 15, 169.06657270951703, 
25, 16, 296.5717881944444, 
25, 17, 293.08809621710526, 
25, 18, 102.52440502025463, 
25, 19, 242.94050071022727, 
25, 20, 288.66129261363636, 
25, 21, 275.87696967690675, 
25, 22, 328.99284957627117, 
25, 23, 338.17369791666664, 
25, 24, 209.26426774364407, 
25, 25, 221.86364976415095, 
25, 26, 140.60067562181123, 
25, 27, 224.7776896158854, 
25, 28, 257.20439453125, 
25, 29, 290.89462890625, 
25, 30, 576.5037815824468, 
25, 31, 842.2394205729166, 
25, 32, 1013.2277018229166, 
25, 33, 1184.2941080729167, 
25, 34, 1032.174296875, 
25, 35, 1173.566774764151, 
25, 36, 799.2796737938596, 
25, 37, 415.91951778017244, 
25, 38, 562.2788665254237, 
25, 39, 577.3427568855932, 
25, 40, 646.9179025423729, 
25, 41, 522.9327799479166, 
25, 42, 376.4912434895833, 
25, 43, 435.3268008474576, 
25, 44, 635.2349137931035, 
25, 45, 415.99281529017856, 
25, 46, 574.5589706688596, 
25, 47, 464.5970394736842, 
25, 48, 412.150634765625, 
25, 49, 441.6656960227273, 
25, 50, 358.68630826271186, 
25, 51, 341.15720942982455, 
25, 52, 239.6752019332627, 
25, 53, 244.88092672413794, 
25, 54, 253.98586554276315, 
25, 55, 268.6286190257353, 
25, 56, 188.36915870949073, 
25, 57, 182.67789417613636, 
25, 58, 233.96059283088235, 
25, 59, 185.41179049744898, 
25, 60, 115.45049012382076, 
25, 61, 188.19889884159483, 
25, 62, 208.28538411458334, 
25, 63, 147.697998046875, 
26, 1, 68.32178148172669, 
26, 2, 47.02155058262712, 
26, 3, 45.62903673895474, 
26, 4, 70.65953555349576, 
26, 5, 60.90801188151042, 
26, 6, 62.56049714265046, 
26, 7, 170.3860554245283, 
26, 8, 206.13796014300848, 
26, 9, 25.82629604997306, 
26, 10, 21.39742869251179, 
26, 11, 62.2990625, 
26, 12, 44.239501953125, 
26, 13, 80.30252907492898, 
26, 14, 189.05909199617346, 
26, 15, 140.08019002278647, 
26, 16, 150.81606223366478, 
26, 17, 196.16767939814815, 
26, 18, 179.20073993389423, 
26, 19, 238.73083726415095, 
26, 20, 298.1829364483173, 
26, 21, 305.32125538793105, 
26, 22, 424.06494140625, 
26, 23, 385.28323622881356, 
26, 24, 253.52823893229166, 
26, 25, 390.38694852941177, 
26, 26, 190.09241661658655, 
26, 27, 326.2153125, 
26, 28, 256.0565972222222, 
26, 29, 392.9961768617021, 
26, 30, 699.4481770833333, 
26, 31, 741.1147801598837, 
26, 32, 757.4831012228261, 
26, 33, 1047.6284075797873, 
26, 34, 961.117265625, 
26, 35, 855.5936789772727, 
26, 36, 476.5130429025424, 
26, 37, 443.2892645474138, 
26, 38, 325.81576643318965, 
26, 39, 456.91052039194915, 
26, 40, 494.02288411458335, 
26, 41, 432.6197265625, 
26, 42, 306.74440545550846, 
26, 43, 296.8069716631356, 
26, 44, 444.90951643318965, 
26, 45, 398.6543311403509, 
26, 46, 444.5125, 
26, 47, 391.8353794642857, 
26, 48, 458.6932528409091, 
26, 49, 408.2133696933962, 
26, 50, 360.87977818080356, 
26, 51, 295.16091974431816, 
26, 52, 326.3706223060345, 
26, 53, 310.9637815241228, 
26, 54, 322.3532902644231, 
26, 55, 226.74330078125, 
26, 56, 174.39637382075472, 
26, 57, 136.45806206597223, 
26, 58, 154.1644287109375, 
26, 59, 177.96321614583334, 
26, 60, 138.28065321180554, 
26, 61, 276.97133091517856, 
26, 62, 335.94534560381356, 
26, 63, 214.61595837823276, 
26, 64, 133.67905852754237, 
27, 1, 72.21572100105932, 
27, 2, 59.150924423993644, 
27, 3, 70.26064287605932, 
27, 4, 86.2675048828125, 
27, 5, 74.15625827595339, 
27, 6, 71.38644409179688, 
27, 7, 243.44484299879807, 
27, 8, 117.40662241790254, 
27, 9, 26.74737774884259, 
27, 10, 43.1615283203125, 
27, 11, 107.2911402925532, 
27, 12, 145.90133666992188, 
27, 13, 61.21010044642857, 
27, 14, 181.2996800199468, 
27, 15, 129.348876953125, 
27, 16, 104.46478630514706, 
27, 17, 226.47894394188597, 
27, 18, 327.18127893518516, 
27, 19, 678.2169921875, 
27, 20, 484.4254781788793, 
27, 21, 341.19638119103774, 
27, 22, 489.94876534598217, 
27, 23, 397.28753255208335, 
27, 24, 354.95617461622805, 
27, 25, 429.12471064814815, 
27, 26, 299.0968605324074, 
27, 27, 287.2833909254808, 
27, 28, 310.7326088763298, 
27, 29, 478.8953208111702, 
27, 30, 463.2744565217391, 
27, 31, 720.4257378472222, 
27, 32, 781.0635416666667, 
27, 33, 1107.2217420212767, 
27, 34, 900.4201899509804, 
27, 35, 818.109743514151, 
27, 36, 433.22213309151783, 
27, 37, 317.12252371651783, 
27, 38, 282.54500906808033, 
27, 39, 344.4426846590909, 
27, 40, 288.6062225877193, 
27, 41, 364.4838784427966, 
27, 42, 276.58727213541664, 
27, 43, 307.9321203399123, 
27, 44, 298.47211745689657, 
27, 45, 294.6256626674107, 
27, 46, 461.61373465401783, 
27, 47, 417.9348842075893, 
27, 48, 409.82472511574076, 
27, 49, 297.6397194602273, 
27, 50, 211.54943181818183, 
27, 51, 197.01493778935185, 
27, 52, 259.20380675117923, 
27, 53, 312.41733022836536, 
27, 54, 354.300703125, 
27, 55, 232.95079787234042, 
27, 56, 190.30658428485577, 
27, 57, 126.737431640625, 
27, 58, 135.53239558293268, 
27, 59, 143.47030639648438, 
27, 60, 131.21379206730768, 
27, 61, 166.00529119318182, 
27, 62, 234.64951869419642, 
27, 63, 459.71703259698273, 
27, 64, 512.9445842161017, 
28, 1, 83.52583821614583, 
28, 2, 69.47560248940678, 
28, 3, 91.68890691207628, 
28, 4, 140.7574980137712, 
28, 5, 88.4465087890625, 
28, 6, 45.470162527901785, 
28, 7, 223.15760522959184, 
28, 8, 86.11610991379311, 
28, 9, 50.290700461647724, 
28, 10, 70.56481424967448, 
28, 11, 66.71645923371011, 
28, 12, 125.08088846409575, 
28, 13, 130.83076808763587, 
28, 14, 121.61012776692708, 
28, 15, 50.01419302133414, 
28, 16, 80.32941750919117, 
28, 17, 147.85930524553572, 
28, 18, 243.01365379050927, 
28, 19, 620.6252790178571, 
28, 20, 585.2407045717592, 
28, 21, 458.2501953125, 
28, 22, 520.9358915441177, 
28, 23, 491.5984375, 
28, 24, 533.7014666863207, 
28, 25, 612.9890919811321, 
28, 26, 427.23267983490564, 
28, 27, 359.5572385204082, 
28, 28, 426.5369762073864, 
28, 29, 590.6138717296511, 
28, 30, 636.7593315972222, 
28, 31, 808.1372282608696, 
28, 32, 476.6601128472222, 
28, 33, 683.4640625, 
28, 34, 699.313137755102, 
28, 35, 741.1229319852941, 
28, 36, 514.5530237268518, 
28, 37, 300.97310965401783, 
28, 38, 270.62142508370533, 
28, 39, 278.2328844572368, 
28, 40, 259.8163234904661, 
28, 41, 254.80081380208333, 
28, 42, 225.13154970366378, 
28, 43, 282.4984375, 
28, 44, 209.56074892241378, 
28, 45, 220.51335797991072, 
28, 46, 267.94309779575894, 
28, 47, 268.07833426339283, 
28, 48, 285.9251953125, 
28, 49, 161.10420093201753, 
28, 50, 184.7702237215909, 
28, 51, 165.69710286458334, 
28, 52, 215.78014197716345, 
28, 53, 245.7875037560096, 
28, 54, 180.0624609375, 
28, 55, 153.8359736689815, 
28, 56, 153.92551491477272, 
28, 57, 164.904921875, 
28, 58, 140.15430726396278, 
28, 59, 125.81095703125, 
28, 60, 113.83637595663265, 
28, 61, 167.4393627025463, 
28, 62, 201.0262767650463, 
28, 63, 348.19462528935185, 
28, 64, 449.0561691810345, 
28, 65, 287.77274231991527, 
29, 1, 80.08587856950432, 
29, 2, 62.003537970074156, 
29, 3, 85.50178475215517, 
29, 4, 170.00135725635593, 
29, 5, 185.16815082097457, 
29, 6, 134.6015713778409, 
29, 7, 198.2005931712963, 
29, 8, 87.1964699074074, 
29, 9, 42.99586397058823, 
29, 10, 25.138541843580164, 
29, 11, 54.836979166666666, 
29, 12, 168.76688058035714, 
29, 13, 116.46422446646342, 
29, 14, 87.35267130533855, 
29, 15, 113.39815699800532, 
29, 16, 100.20145596590909, 
29, 17, 158.96651922487746, 
29, 18, 202.77453399122808, 
29, 19, 524.4928267045455, 
29, 20, 492.05139612268516, 
29, 21, 334.02880859375, 
29, 22, 325.20511568509613, 
29, 23, 514.4859459918479, 
29, 24, 770.8510465801887, 
29, 25, 670.6639914772727, 
29, 26, 365.2312109375, 
29, 27, 292.12022986778845, 
29, 28, 451.6757405598958, 
29, 29, 577.1221127717391, 
29, 30, 588.4956597222222, 
29, 31, 603.9474927325581, 
29, 32, 437.2621758643617, 
29, 33, 356.3795041454082, 
29, 34, 534.7984295280612, 
29, 35, 570.880221619898, 
29, 36, 502.80287642045454, 
29, 37, 277.7876674107143, 
29, 38, 189.05128636853448, 
29, 39, 189.94465584590517, 
29, 40, 233.80601764547413, 
29, 41, 235.57180217161016, 
29, 42, 194.28913103070175, 
29, 43, 216.46343887061403, 
29, 44, 283.3743489583333, 
29, 45, 162.4315549616228, 
29, 46, 204.9796697443182, 
29, 47, 254.24650969328704, 
29, 48, 221.499609375, 
29, 49, 163.53547014508928, 
29, 50, 107.17041015625, 
29, 51, 130.89209826239224, 
29, 52, 175.81603338068183, 
29, 53, 163.31234019886364, 
29, 54, 167.33451872051887, 
29, 55, 138.65476740056818, 
29, 56, 114.77488391804245, 
29, 57, 150.8014775028935, 
29, 58, 148.9232385023585, 
29, 59, 133.37126315369898, 
29, 60, 90.57132735906863, 
29, 61, 74.19737897600446, 
29, 62, 165.42735460069446, 
29, 63, 216.37874930245536, 
29, 64, 309.5636650219298, 
29, 65, 361.3297697368421, 
30, 1, 67.46272786458333, 
30, 2, 50.617610677083334, 
30, 3, 94.79699913930085, 
30, 4, 93.011572265625, 
30, 5, 184.17596028645832, 
30, 6, 171.31688625529662, 
30, 7, 207.06030701754386, 
30, 8, 121.54852830317982, 
30, 9, 50.763626663773145, 
30, 10, 88.55049226721938, 
30, 11, 45.59683159722222, 
30, 12, 93.28355514171511, 
30, 13, 80.9682033372962, 
30, 14, 106.83924449573864, 
30, 15, 146.12008666992188, 
30, 16, 161.0364200367647, 
30, 17, 203.00528492647058, 
30, 18, 163.45445514547413, 
30, 19, 418.19295528017244, 
30, 20, 400.78717447916665, 
30, 21, 246.66022359913794, 
30, 22, 197.81834129050927, 
30, 23, 374.00693167892155, 
30, 24, 638.8891059027778, 
30, 25, 579.778977997449, 
30, 26, 241.1082741477273, 
30, 27, 423.7521339699074, 
30, 28, 537.2485830269608, 
30, 29, 311.30977006392044, 
30, 30, 301.06538529829544, 
30, 31, 255.60307928856383, 
30, 32, 240.50112847222223, 
30, 33, 310.66326171875, 
30, 34, 297.676438934949, 
30, 35, 392.49305138221155, 
30, 36, 357.33823939732144, 
30, 37, 279.84007947198273, 
30, 38, 241.23935712394066, 
30, 39, 140.58529197563558, 
30, 40, 166.88731839364036, 
30, 41, 171.30754983836206, 
30, 42, 170.22895159040178, 
30, 43, 149.8012784090909, 
30, 44, 133.78379603794642, 
30, 45, 114.14490366790254, 
30, 46, 240.07615344929246, 
30, 47, 217.29715670072116, 
30, 48, 181.4111328125, 
30, 49, 106.50172183388158, 
30, 50, 113.33977521929825, 
30, 51, 139.95209792564654, 
30, 52, 138.2962384905134, 
30, 53, 144.0299094460227, 
30, 54, 129.84312352594338, 
30, 55, 137.59956498579547, 
30, 56, 119.93956853693182, 
30, 57, 166.5498985877404, 
30, 58, 175.23846905048077, 
30, 59, 162.12845284598214, 
30, 60, 107.42244318181818, 
30, 61, 64.54954246238425, 
30, 62, 74.6166015625, 
30, 63, 108.69578394396552, 
30, 64, 182.2293551260965, 
30, 65, 315.38221958705356, 
31, 1, 81.29711100260417, 
31, 2, 76.83456217447916, 
31, 3, 103.86381918697033, 
31, 4, 81.1140625, 
31, 5, 208.83098958333332, 
31, 6, 288.60911458333334, 
31, 7, 158.88329250529662, 
31, 8, 99.25659640330188, 
31, 9, 175.08415020636792, 
31, 10, 108.1365458170573, 
31, 11, 67.47647758152173, 
31, 12, 47.7702803178267, 
31, 13, 74.56257556733631, 
31, 14, 54.78631301153274, 
31, 15, 82.75458984375, 
31, 16, 102.44662150930851, 
31, 17, 143.00237567608173, 
31, 18, 156.76438360699152, 
31, 19, 240.60890299479166, 
31, 20, 255.57413736979166, 
31, 21, 235.90296223958333, 
31, 22, 99.26581682477679, 
31, 23, 337.48252650669644, 
31, 24, 344.37918526785717, 
31, 25, 275.4521296574519, 
31, 26, 203.42015269886363, 
31, 27, 225.6756569602273, 
31, 28, 302.8828699448529, 
31, 29, 244.4976806640625, 
31, 30, 213.90292503720238, 
31, 31, 162.69449869791666, 
31, 32, 147.05721382472825, 
31, 33, 147.40433843085106, 
31, 34, 213.5549638856132, 
31, 35, 302.6222330729167, 
31, 36, 351.07761863425924, 
31, 37, 358.2490931919643, 
31, 38, 200.65285773026315, 
31, 39, 118.14991947642544, 
31, 40, 134.7829900568182, 
31, 41, 113.54436257102273, 
31, 42, 247.15321377840908, 
31, 43, 182.12568530701753, 
31, 44, 188.19279875578704, 
31, 45, 133.19354926215277, 
31, 46, 178.07694575471697, 
31, 47, 225.79946203399123, 
31, 48, 177.24983162715517, 
31, 49, 147.84479758522727, 
31, 50, 162.442529296875, 
31, 51, 175.84625137061403, 
31, 52, 119.65020027807203, 
31, 53, 149.682919921875, 
31, 54, 141.84677542892157, 
31, 55, 135.04055498231133, 
31, 56, 141.1405236586085, 
31, 57, 132.120849609375, 
31, 58, 147.60541015625, 
31, 59, 148.02845982142858, 
31, 60, 130.73003098060346, 
31, 61, 116.93086965460526, 
31, 62, 56.29217862215909, 
31, 63, 47.350450788225444, 
31, 64, 66.70056366502193, 
31, 65, 169.41756766183036, 
32, 1, 128.90224609375, 
32, 2, 120.38446451822917, 
32, 3, 92.91775716145834, 
32, 4, 88.75518902277543, 
32, 5, 263.578662109375, 
32, 6, 194.47892252604166, 
32, 7, 128.97465988685346, 
32, 8, 112.20233034620098, 
32, 9, 157.36941073803192, 
32, 10, 92.63901909722222, 
32, 11, 95.36290147569444, 
32, 12, 57.71588134765625, 
32, 13, 24.122161865234375, 
32, 14, 79.65743355129077, 
32, 15, 107.70365934551887, 
32, 16, 115.88097272600446, 
32, 17, 117.5713955965909, 
32, 18, 120.38548962823276, 
32, 19, 216.01092122395832, 
32, 20, 248.47058919270833, 
32, 21, 196.01171875, 
32, 22, 77.44206832627118, 
32, 23, 199.64137369791666, 
32, 24, 166.53438895089286, 
32, 25, 196.6238702512255, 
32, 26, 145.69466760023585, 
32, 27, 173.81614332932693, 
32, 28, 231.63901068239795, 
32, 29, 184.28509391622342, 
32, 30, 191.380859375, 
32, 31, 251.69497903963415, 
32, 32, 59.27334872159091, 
32, 33, 87.88689379422169, 
32, 34, 121.63546987680289, 
32, 35, 245.43578197337962, 
32, 36, 269.7711158608491, 
32, 37, 192.7649616745283, 
32, 38, 96.50845739976415, 
32, 39, 141.42008770636792, 
32, 40, 122.34699616608796, 
32, 41, 115.47508877840909, 
32, 42, 179.34495326450892, 
32, 43, 123.76169349407327, 
32, 44, 161.31498747051887, 
32, 45, 167.47019675925927, 
32, 46, 164.7250390625, 
32, 47, 235.86521724232455, 
32, 48, 230.51625279017858, 
32, 49, 233.786796875, 
32, 50, 260.26157633463544, 
32, 51, 269.53003771551727, 
32, 52, 228.21006373355263, 
32, 53, 255.56576102120536, 
32, 54, 189.26360085227273, 
32, 55, 165.2655362215909, 
32, 56, 158.5036667158019, 
32, 57, 114.8810283954327, 
32, 58, 135.331484375, 
32, 59, 91.81694240196079, 
32, 60, 104.61521724232456, 
32, 61, 87.82591532044492, 
32, 62, 106.23857770647321, 
32, 63, 56.295056573275865, 
32, 64, 71.47030639648438, 
33, 1, 123.25287272135417, 
33, 2, 142.13976236979167, 
33, 3, 160.420849609375, 
33, 4, 154.45506099232455, 
33, 5, 280.8119140625, 
33, 6, 218.78038736979167, 
33, 7, 237.63716264204547, 
33, 8, 102.40208217075893, 
33, 9, 71.86044546274039, 
33, 10, 86.08067737926136, 
33, 11, 80.56831781914893, 
33, 12, 77.59890407986111, 
33, 13, 36.180833770007624, 
33, 14, 95.21239653087798, 
33, 15, 173.60997755984042, 
33, 16, 199.196484375, 
33, 17, 204.66496672453704, 
33, 18, 148.39823545258622, 
33, 19, 199.658203125, 
33, 20, 213.1466796875, 
33, 21, 147.56232096354168, 
33, 22, 160.08961202330508, 
33, 23, 126.66709681919643, 
33, 24, 90.49508231026786, 
33, 25, 134.6058349609375, 
33, 26, 114.46804355053192, 
33, 27, 159.86012300531914, 
33, 28, 152.78056196732953, 
33, 29, 123.28733723958334, 
33, 30, 188.14687045784885, 
33, 31, 137.25267444957387, 
33, 32, 70.44010925292969, 
33, 33, 48.323038736979164, 
33, 34, 55.6164119944853, 
33, 35, 164.609375, 
33, 36, 129.29283977004718, 
33, 37, 88.44463074882076, 
33, 38, 88.41100622106481, 
33, 39, 108.29243525752315, 
33, 40, 118.94564098011364, 
33, 41, 78.18289987664474, 
33, 42, 125.36099679129464, 
33, 43, 141.35737136314654, 
33, 44, 119.77226200810185, 
33, 45, 136.328369140625, 
33, 46, 227.2813517252604, 
33, 47, 211.96116832386363, 
33, 48, 253.99558327414772, 
33, 49, 182.13274629237287, 
33, 50, 220.73245554956895, 
33, 51, 232.69947670990567, 
33, 52, 185.82777491155662, 
33, 53, 139.35028611567984, 
33, 54, 153.3236394332627, 
33, 55, 169.41291461074562, 
33, 56, 174.32802925857843, 
33, 57, 167.53145168138587, 
33, 58, 174.97837611607142, 
33, 59, 144.04111891526443, 
33, 60, 99.12216454221492, 
33, 61, 90.79746462264151, 
33, 62, 104.83779471261161, 
33, 63, 125.11702473958333, 
33, 64, 124.32229929956897, 
34, 1, 132.45913899739583, 
34, 2, 142.69484049479166, 
34, 3, 150.42635091145834, 
34, 4, 126.680419921875, 
34, 5, 157.1988049523305, 
34, 6, 245.85209216101694, 
34, 7, 369.76993534482756, 
34, 8, 163.25246710526315, 
34, 9, 87.26769353693182, 
34, 10, 139.50283022280092, 
34, 11, 167.93310546875, 
34, 12, 121.5309549967448, 
34, 13, 50.88307291666667, 
34, 14, 85.55897983284883, 
34, 15, 146.95710100446428, 
34, 16, 156.96824178890307, 
34, 17, 168.73877874410377, 
34, 18, 199.564453125, 
34, 19, 253.532077595339, 
34, 20, 305.86474609375, 
34, 21, 174.47369902012713, 
34, 22, 152.98050362723214, 
34, 23, 146.56367003242926, 
34, 24, 82.44563494988208, 
34, 25, 121.68612007472827, 
34, 26, 134.2346746271307, 
34, 27, 148.60580221036585, 
34, 28, 135.4643310546875, 
34, 29, 181.1735328851744, 
34, 30, 141.73465711805557, 
34, 31, 112.40780834441489, 
34, 32, 43.9506591796875, 
34, 33, 52.3953662109375, 
34, 34, 59.27707741477273, 
34, 35, 47.83043323863637, 
34, 36, 52.05475408380682, 
34, 37, 36.38764819764254, 
34, 38, 53.70411783854167, 
34, 39, 130.27316439353814, 
34, 40, 158.93241514008622, 
34, 41, 100.53435407366071, 
34, 42, 140.33005242598685, 
34, 43, 140.8011950476695, 
34, 44, 96.73394886363636, 
34, 45, 228.10646275111608, 
34, 46, 204.1770710495283, 
34, 47, 128.74849759615384, 
34, 48, 151.5222833806818, 
34, 49, 129.3642316545759, 
34, 50, 124.00105365953948, 
34, 51, 117.01003279775944, 
34, 52, 165.5097101384943, 
34, 53, 243.0517216435185, 
34, 54, 158.205078125, 
34, 55, 210.42043887867646, 
34, 56, 194.04676231971155, 
34, 57, 146.1927734375, 
34, 58, 191.98018973214286, 
34, 59, 194.79208431603774, 
34, 60, 178.8775838216146, 
34, 61, 129.65303257533483, 
34, 62, 116.3228515625, 
34, 63, 144.8469279661017, 
34, 64, 192.88787738347457, 
34, 65, 191.66111626059322, 
35, 1, 144.63011067708334, 
35, 4, 90.2233642578125, 
35, 5, 117.37438151041667, 
35, 6, 175.4019465042373, 
35, 7, 244.41966931573276, 
35, 8, 266.0506802262931, 
35, 9, 110.13558238636364, 
35, 10, 131.0820957399764, 
35, 11, 138.214052734375, 
35, 12, 124.98007621017157, 
35, 13, 128.255322265625, 
35, 14, 167.98521650598406, 
35, 15, 229.35050455729166, 
35, 16, 203.55830891927084, 
35, 17, 156.54505333533655, 
35, 18, 156.29879056490384, 
35, 19, 91.72577628442797, 
35, 20, 228.5012248411017, 
35, 21, 132.88802635063558, 
35, 22, 129.95363206129807, 
35, 23, 92.17791374362245, 
35, 24, 128.27378472222222, 
35, 25, 135.7063839934593, 
35, 26, 121.13918585526316, 
35, 27, 129.33470569957387, 
35, 28, 187.5619873046875, 
35, 29, 122.97465376420455, 
35, 30, 62.728786892361114, 
35, 31, 45.417201450892854, 
35, 32, 56.91927396334135, 
35, 33, 45.56065784801137, 
35, 34, 54.98242623465402, 
35, 35, 56.16436434659091, 
35, 36, 42.486947518807874, 
35, 37, 39.031941731770836, 
35, 38, 67.5572509765625, 
35, 39, 106.05332196769068, 
35, 40, 118.56835095635776, 
35, 41, 109.69162142478814, 
35, 42, 87.47979329427083, 
35, 43, 92.077783203125, 
35, 44, 102.8822414592161, 
35, 45, 112.8556396484375, 
35, 46, 159.39201274671052, 
35, 47, 96.07601815682871, 
35, 48, 135.185820997807, 
35, 49, 125.50179317079741, 
35, 50, 49.31566961880388, 
35, 51, 82.39678565492021, 
35, 52, 101.53378530649039, 
35, 53, 148.67933485243054, 
35, 54, 134.5330810546875, 
35, 55, 129.67463566706732, 
35, 56, 146.83488723466982, 
35, 57, 97.44354128370098, 
35, 58, 184.51447941706732, 
35, 59, 195.95682466947116, 
35, 60, 136.67051547181373, 
35, 61, 96.49772135416667, 
35, 62, 106.5109130859375, 
35, 63, 119.02737630208334, 
35, 64, 176.23945643538136, 
36, 2, 132.3216552734375, 
36, 3, 112.46752115885417, 
36, 4, 97.13667805989583, 
36, 5, 114.36346028645833, 
36, 6, 142.326320842161, 
36, 7, 196.5360486260776, 
36, 8, 237.70142443426724, 
36, 9, 109.40700954861111, 
36, 10, 105.40890066964286, 
36, 11, 144.11628861860797, 
36, 12, 108.10976753982843, 
36, 13, 115.92738715277778, 
36, 14, 146.59771050347223, 
36, 15, 210.77583821614584, 
36, 16, 172.2996053890306, 
36, 17, 152.84240234375, 
36, 18, 126.07315767728366, 
36, 19, 130.23772443804825, 
36, 20, 129.1861572265625, 
36, 21, 158.95545247395833, 
36, 22, 144.6330827985491, 
36, 23, 61.5669384765625, 
36, 24, 357.4419571314103, 
36, 25, 234.20024809966216, 
36, 26, 139.72455797697367, 
36, 27, 152.94956752232142, 
36, 28, 105.22822265625, 
36, 29, 66.82747749660327, 
36, 30, 42.70630900065104, 
36, 31, 40.84616376768868, 
36, 32, 25.871308503327548, 
36, 33, 43.48194715711806, 
36, 34, 40.40318714488637, 
36, 35, 23.27827510127315, 
36, 36, 28.41512888782429, 
36, 37, 36.12369868440448, 
36, 38, 74.50208237591912, 
36, 39, 107.42776100852272, 
36, 40, 80.28087308114036, 
36, 41, 119.1000548245614, 
36, 42, 143.1148703835227, 
36, 43, 88.87541614879261, 
36, 44, 159.92384690504807, 
36, 45, 104.401171875, 
36, 46, 133.08777872721353, 
36, 47, 93.98747114701705, 
36, 48, 129.52201807776163, 
36, 49, 135.07530062806373, 
36, 50, 56.44305419921875, 
36, 51, 29.65574789946934, 
36, 52, 71.04636368661556, 
36, 53, 128.82080078125, 
36, 54, 145.87311789772727, 
36, 55, 90.54736328125, 
36, 56, 121.68154296875, 
36, 57, 141.92609291888297, 
36, 58, 116.4236309344952, 
36, 59, 127.770751953125, 
36, 60, 67.62411665482955, 
36, 61, 65.25675612229567, 
36, 62, 69.64489531935307, 
36, 63, 81.84426443917411, 
36, 64, 115.86159752155173, 
36, 65, 132.239013671875, 
37, 2, 149.58453776041668, 
37, 3, 121.19950358072917, 
37, 4, 94.65445149739584, 
37, 5, 99.4697265625, 
37, 6, 105.60849609375, 
37, 7, 171.35206705729166, 
37, 8, 179.24864651864036, 
37, 9, 98.23251610471492, 
37, 10, 94.20684678819444, 
37, 11, 63.32513427734375, 
37, 12, 59.622670200892856, 
37, 13, 131.88019581330127, 
37, 14, 140.12947401889534, 
37, 15, 202.16271193484042, 
37, 16, 175.15775390625, 
37, 17, 161.63600510817307, 
37, 18, 158.09582305372808, 
37, 19, 282.48616832386364, 
37, 20, 181.59587149784483, 
37, 21, 142.21479409427965, 
37, 22, 218.66481795400944, 
37, 23, 218.10279482886904, 
37, 24, 510.71506569602275, 
37, 25, 282.5985076121795, 
37, 26, 186.5025056537829, 
37, 27, 94.82577078683036, 
37, 28, 64.64697785073139, 
37, 29, 38.424295278695915, 
37, 30, 26.947005361880898, 
37, 31, 23.8326257776331, 
37, 32, 55.407177734375, 
37, 33, 35.75012885199653, 
37, 34, 13.60382080078125, 
37, 35, 18.05996436403509, 
37, 36, 20.750425947473403, 
37, 37, 41.33085666232639, 
37, 38, 78.78690279447116, 
37, 39, 89.962890625, 
37, 40, 89.27392578125, 
37, 41, 112.8521335407839, 
37, 42, 101.87432981004902, 
37, 43, 64.56271063112744, 
37, 44, 106.57700774629237, 
37, 45, 64.23636300223214, 
37, 46, 109.43083052201705, 
37, 47, 56.058349609375, 
37, 48, 73.12663130326705, 
37, 49, 80.90610139266305, 
37, 50, 123.83610983455883, 
37, 51, 57.181308178191486, 
37, 52, 46.56031334918478, 
37, 53, 51.71240234375, 
37, 54, 110.45811110276442, 
37, 55, 137.70941521139707, 
37, 56, 138.71948720894608, 
37, 57, 174.8387140012255, 
37, 58, 118.584423828125, 
37, 59, 116.7936689268868, 
37, 60, 71.65938387784091, 
37, 61, 59.03140024038461, 
37, 62, 64.7307958984375, 
37, 63, 47.16937725360577, 
37, 64, 81.95953776041667, 
37, 65, 96.26668146306818, 
38, 1, 154.47893880208332, 
38, 2, 149.83873697916667, 
38, 3, 134.6808837890625, 
38, 4, 105.0955810546875, 
38, 5, 95.1608642578125, 
38, 6, 87.3745849609375, 
38, 7, 131.98174641927082, 
38, 8, 190.86622721354166, 
38, 9, 170.85860048491378, 
38, 10, 83.07800523290095, 
38, 11, 45.13230829653533, 
38, 12, 52.260365513392856, 
38, 13, 66.06900185032895, 
38, 14, 64.33629125478316, 
38, 15, 149.38817362882654, 
38, 16, 228.01349609375, 
38, 17, 207.65446820175438, 
38, 18, 196.07162642045455, 
38, 19, 150.91370891702587, 
38, 20, 109.16812870420259, 
38, 21, 208.84990234375, 
38, 22, 271.07979910714283, 
38, 23, 295.1529513888889, 
38, 24, 359.67085301598837, 
38, 25, 178.30533854166666, 
38, 26, 133.5211550690407, 
38, 27, 35.24345596976902, 
38, 28, 26.569743704288562, 
38, 29, 34.86096670113358, 
38, 30, 31.218614366319443, 
38, 31, 57.24974149816177, 
38, 32, 79.83009588068182, 
38, 33, 35.44219752720424, 
38, 34, 38.99597389914773, 
38, 35, 25.71888706140351, 
38, 36, 41.50969780815972, 
38, 37, 49.39954911901596, 
38, 38, 30.084742954799108, 
38, 39, 80.25474039713542, 
38, 40, 102.88914388020834, 
38, 41, 98.46197102864583, 
38, 42, 93.33596567007211, 
38, 43, 62.142519350405095, 
38, 44, 70.33292820142663, 
38, 45, 98.83449647484755, 
38, 46, 42.70330168071546, 
38, 47, 112.69410241168478, 
38, 48, 56.814359624335104, 
38, 49, 45.9183837890625, 
38, 50, 90.517265625, 
38, 51, 182.98098575367646, 
38, 52, 62.24557557397959, 
38, 53, 110.34242942116477, 
38, 54, 132.2079296875, 
38, 55, 177.1817165798611, 
38, 56, 242.5687255859375, 
38, 57, 64.10829380580357, 
38, 58, 74.43797956194196, 
38, 59, 127.60414341517857, 
38, 60, 79.51552734375, 
38, 61, 133.63520784198113, 
38, 62, 129.06527709960938, 
38, 63, 75.98467441774764, 
38, 64, 70.79441731770834, 
38, 65, 56.670600503177965, 
39, 1, 150.48723958333332, 
39, 2, 155.03865559895834, 
39, 3, 139.58839518229166, 
39, 4, 105.1063720703125, 
39, 5, 52.860050455729166, 
39, 6, 67.01294759114583, 
39, 7, 83.32918294270833, 
39, 8, 88.18420831088362, 
39, 9, 164.50243283991227, 
39, 10, 156.24921526227678, 
39, 11, 35.25629783163265, 
39, 12, 39.27004632717225, 
39, 13, 31.944303551498724, 
39, 14, 157.951796875, 
39, 15, 179.7822627314815, 
39, 16, 234.43361217570754, 
39, 17, 227.71330180921052, 
39, 18, 302.4667306673729, 
39, 19, 216.91664953399123, 
39, 20, 232.20315867456895, 
39, 21, 213.35231795400944, 
39, 22, 308.8718510841837, 
39, 23, 183.1353298611111, 
39, 24, 148.76630028257978, 
39, 25, 174.85251828457447, 
39, 26, 152.94759114583334, 
39, 27, 54.39999667080966, 
39, 28, 32.7979541015625, 
39, 29, 80.47288355334052, 
39, 30, 44.824231828962056, 
39, 31, 106.44916240985577, 
39, 32, 76.65144566127232, 
39, 33, 61.70800360317888, 
39, 34, 55.381266276041664, 
39, 35, 51.38932480922965, 
39, 36, 59.53924440870098, 
39, 37, 24.268904622395834, 
39, 38, 25.158241271972656, 
39, 39, 91.85371398925781, 
39, 40, 97.31755719866071, 
39, 41, 91.28103515625, 
39, 42, 86.81846245659722, 
39, 43, 67.94965277777777, 
39, 44, 73.68710809004934, 
39, 45, 131.34969701522436, 
39, 46, 169.03314634811048, 
39, 47, 60.1858642578125, 
39, 48, 138.88977922712053, 
39, 49, 127.16566975911458, 
39, 50, 160.1818698182398, 
39, 51, 100.4071520789195, 
39, 52, 139.5046064268868, 
39, 53, 173.67649147727272, 
39, 54, 200.96169211647728, 
39, 55, 144.84571351396278, 
39, 56, 148.216064453125, 
39, 57, 184.52430752840908, 
39, 58, 142.7767544450431, 
39, 59, 116.35953161851415, 
39, 60, 86.6397480867347, 
39, 61, 148.70404924665178, 
39, 62, 139.8633203125, 
39, 63, 166.09255826271186, 
39, 64, 96.138037109375, 
39, 65, 48.87806396484375, 
40, 1, 171.574169921875, 
40, 2, 175.318505859375, 
40, 3, 148.822802734375, 
40, 4, 126.95218154131356, 
40, 5, 52.12396029768319, 
40, 6, 64.42396647135416, 
40, 7, 103.36025390625, 
40, 8, 183.81181640625, 
40, 9, 144.43489583333334, 
40, 10, 183.36713698814654, 
40, 11, 155.71540912828948, 
40, 12, 62.85273253242924, 
40, 13, 77.68441369398585, 
40, 14, 92.23871527777777, 
40, 15, 173.31455592105263, 
40, 16, 318.00453404017856, 
40, 17, 421.7105605811403, 
40, 18, 324.7076171875, 
40, 19, 208.90155901227678, 
40, 20, 298.25774739583335, 
40, 21, 237.62096354166667, 
40, 22, 445.94130345394734, 
40, 23, 325.4160907451923, 
40, 24, 121.83521569293478, 
40, 25, 138.365234375, 
40, 26, 108.80055779925847, 
40, 27, 64.56560110538564, 
40, 28, 38.67743896484375, 
40, 29, 131.09934895833334, 
40, 30, 127.57579752604167, 
40, 31, 135.31188092912947, 
40, 32, 90.673583984375, 
40, 33, 86.36704799107143, 
40, 34, 65.27836470170455, 
40, 35, 70.78794737119932, 
40, 36, 65.34400073902027, 
40, 37, 70.30546489514802, 
40, 38, 54.3270751953125, 
40, 39, 103.46357807360198, 
40, 40, 106.92192150297619, 
40, 41, 101.898798828125, 
40, 42, 68.29737519054878, 
40, 43, 95.96614797491776, 
40, 44, 72.2215511924342, 
40, 45, 89.7442882449128, 
40, 46, 107.89483252992021, 
40, 47, 191.41431568287038, 
40, 48, 116.39968637319711, 
40, 49, 103.46893310546875, 
40, 50, 149.377158203125, 
40, 51, 130.40776909722223, 
40, 52, 107.01951282429245, 
40, 53, 260.1438166920732, 
40, 54, 247.6466921542553, 
40, 55, 131.20030492665816, 
40, 56, 562.875390625, 
40, 57, 401.2399088541667, 
40, 58, 219.80338541666666, 
40, 59, 188.7127663352273, 
40, 60, 125.38044211647727, 
40, 61, 160.80242047991072, 
40, 62, 194.88796164772728, 
40, 63, 113.464990234375, 
40, 64, 81.86455763432018, 
40, 65, 58.13477419133772, 
41, 1, 136.43126627604167, 
41, 2, 157.16124674479167, 
41, 3, 148.30564778645834, 
41, 4, 133.74032389322917, 
41, 5, 95.87238180226294, 
41, 6, 63.086049225370765, 
41, 7, 72.28897298177084, 
41, 8, 95.28595377604167, 
41, 9, 64.60284830729167, 
41, 10, 160.697509765625, 
41, 11, 204.24700296336206, 
41, 12, 122.5145739539195, 
41, 13, 162.54331634004237, 
41, 14, 154.31395656779662, 
41, 15, 269.5276299838362, 
41, 16, 407.70810546875, 
41, 17, 668.5674479166667, 
41, 18, 338.4858315677966, 
41, 19, 221.67311789772728, 
41, 20, 338.43414713541665, 
41, 21, 288.6532706567797, 
41, 22, 329.08965226715685, 
41, 23, 284.93716032608694, 
41, 24, 150.73653875612746, 
41, 25, 134.5583203125, 
41, 26, 112.46439453125, 
41, 27, 75.0969875169837, 
41, 28, 92.61263352997449, 
41, 29, 91.70049579326923, 
41, 30, 88.38446160082547, 
41, 31, 122.3005048643868, 
41, 32, 95.58047087296195, 
41, 33, 58.6629443359375, 
41, 34, 82.46013694585756, 
41, 35, 102.70887974330357, 
41, 36, 69.25386352539063, 
41, 37, 106.9050352515244, 
41, 38, 78.96845592151989, 
41, 39, 116.92570176235465, 
41, 40, 115.53766578851744, 
41, 41, 130.56801060267858, 
41, 42, 97.52895972842262, 
41, 44, 80.50376998546511, 
41, 45, 48.31844905931123, 
41, 46, 118.576171875, 
41, 47, 29.66838623046875, 
41, 48, 45.86045619419643, 
41, 49, 79.75801086425781, 
41, 50, 86.45169771634616, 
41, 51, 82.1421875, 
41, 52, 136.35711669921875, 
41, 53, 267.78350694444447, 
41, 54, 291.32236735026044, 
41, 55, 170.83946940104167, 
41, 56, 167.37371419270832, 
41, 57, 186.344921875, 
41, 58, 203.77237955729166, 
41, 59, 212.68175455729167, 
41, 60, 161.37762044270832, 
41, 61, 160.085986328125, 
41, 62, 159.742529296875, 
41, 63, 112.09662737165179, 
41, 64, 103.93795340401786, 
41, 65, 70.49078886387711, 
42, 2, 143.867529296875, 
42, 3, 151.926416015625, 
42, 4, 143.51876627604167, 
42, 5, 150.94711408943965, 
42, 6, 104.02749794407895, 
42, 7, 84.058203125, 
42, 8, 96.53072102864583, 
42, 9, 153.72589518229168, 
42, 10, 140.70948893229166, 
42, 11, 150.61326441271552, 
42, 12, 132.02233072916667, 
42, 13, 97.03296712239583, 
42, 14, 122.31793619791667, 
42, 15, 254.48059895833333, 
42, 16, 421.52392578125, 
42, 17, 766.0711588541667, 
42, 18, 275.5537434895833, 
42, 19, 70.70985514322916, 
42, 20, 143.939453125, 
42, 21, 217.73683518629807, 
42, 22, 215.44232647235577, 
42, 23, 216.55146484375, 
42, 24, 334.2458451704546, 
42, 25, 207.45216652199073, 
42, 26, 130.958642578125, 
42, 27, 95.65919921875, 
42, 28, 52.342998046875, 
42, 29, 74.88249176623775, 
42, 30, 176.46805513822116, 
42, 31, 156.2495308670343, 
42, 32, 110.37237215909092, 
42, 33, 100.07368259803921, 
42, 34, 156.24272017045453, 
42, 35, 209.30538504464286, 
42, 36, 178.19933752111487, 
42, 37, 136.55843892911585, 
42, 38, 152.17475274268617, 
42, 39, 200.12432861328125, 
42, 45, 63.4672181372549, 
42, 46, 44.72942176231971, 
42, 47, 25.20234058521412, 
42, 48, 33.213161892361114, 
42, 49, 72.09167010967548, 
42, 50, 134.18246771364795, 
42, 51, 166.05267578125, 
42, 52, 241.70119180484693, 
42, 53, 232.45935997596155, 
42, 54, 250.56420419730392, 
42, 55, 254.65542084316039, 
42, 56, 170.66468394886363, 
42, 57, 219.19962993421052, 
42, 58, 352.86012369791666, 
42, 59, 703.8610677083333, 
42, 60, 636.4421223958333, 
42, 61, 742.8392578125, 
42, 62, 225.63357747395833, 
42, 63, 201.44462890625, 
42, 64, 109.6271728515625, 
42, 65, 94.23642914870689, 
43, 3, 157.130078125, 
43, 4, 164.339208984375, 
43, 5, 190.06921600877192, 
43, 6, 127.49932325932018, 
43, 7, 155.39112955729166, 
43, 8, 77.76507975260417, 
43, 9, 157.855810546875, 
43, 10, 265.64744466145834, 
43, 11, 169.98631184895834, 
43, 12, 138.4658203125, 
43, 13, 90.38077799479167, 
43, 14, 129.40662434895833, 
43, 15, 266.02486096398303, 
43, 16, 348.22789713541664, 
43, 17, 378.9223307291667, 
43, 18, 95.03165690104167, 
43, 19, 29.76155146846065, 
43, 20, 58.94688585069444, 
43, 21, 57.89829300860969, 
43, 22, 126.43818567154256, 
43, 23, 150.6294615502451, 
43, 24, 193.0363810911017, 
43, 25, 262.1947813870614, 
43, 26, 86.21423791956019, 
43, 27, 62.67378888811384, 
43, 28, 63.76074654715402, 
43, 29, 89.96550707547169, 
43, 30, 93.69849076704546, 
43, 31, 129.11139665570175, 
43, 32, 128.71637712445175, 
43, 33, 131.76322428385416, 
43, 46, 57.90048452524039, 
43, 47, 39.53623560855263, 
43, 48, 46.52150656960227, 
43, 55, 297.53560014204544, 
43, 56, 316.3082741477273, 
43, 57, 211.24579729352678, 
43, 58, 301.79548463983053, 
43, 59, 475.36845703125, 
43, 60, 880.6034505208333, 
43, 61, 480.76259765625, 
43, 62, 264.66180013020835, 
43, 63, 275.00319010416666, 
43, 64, 174.073828125, 
43, 65, 128.13668619791667, 
44, 3, 145.84326171875, 
44, 4, 190.5757746292373, 
44, 5, 192.7491061970339, 
44, 6, 147.24293619791666, 
44, 7, 145.52766365840517, 
44, 8, 93.97117513020834, 
44, 9, 226.08345471398306, 
44, 10, 276.13935546875, 
44, 11, 166.1793002424569, 
44, 12, 170.92933990995763, 
44, 13, 185.82877052436442, 
44, 14, 148.0967624470339, 
44, 15, 181.18502604166667, 
44, 16, 307.8710611979167, 
44, 17, 179.51828985699152, 
44, 18, 45.431373452240564, 
44, 19, 23.521496831154337, 
44, 20, 34.95834748641305, 
44, 21, 49.40195100203805, 
44, 22, 51.06403237200798, 
44, 23, 87.95591001157408, 
44, 24, 97.31785365513393, 
44, 25, 185.67230113636364, 
44, 26, 65.48944561298077, 
44, 27, 63.02432839912281, 
44, 56, 313.38741629464283, 
44, 57, 277.573391154661, 
44, 58, 331.4620768229167, 
44, 59, 273.38544921875, 
44, 60, 506.2667643229167, 
44, 61, 173.14944661458333, 
44, 62, 240.82957356770834, 
44, 63, 187.76110026041667, 
