   0.00000,   0.00000,   0.00000,   0.00080,   0.00010,   0.00000,   0.00000,   0.00000,   0.04110,   0.59120,   0.01910,   0.00370,   0.24790,   0.00360,   0.04930,   0.00000,   0.00000,   0.00000,   0.02630,   0.00000,   0.00000,   0.00000,   0.00200,   0.00480,   0.00000
   0.00000,   0.00150,   0.00100,   0.00040,   0.00000,   0.00420,   0.00000,   0.00000,   0.00000,   0.44830,   0.00340,   0.00000,   0.00060,   0.12420,   0.00000,   0.00000,   0.00000,   0.00000,   0.00000,   0.00000,   0.00000,   0.00000,   0.00000,   0.00000,   0.00000
   0.09830,   0.11650,   0.07190,  42.42640,   6.75520,   0.03180,   0.00000,   0.00000,   0.00000,  12.64730,   0.15240,   0.00000,   0.11000,  25.13740,   0.00010,   0.00000,   0.00000,   0.02790,   0.00000,   0.00000,   0.00000,   0.00000,   5.79020,   0.00020,   0.00000
 717.86511,   0.13680,   0.04310, 902.38373,  31.45120,   0.03260,   6.85230,   0.01490,   0.00000, 156.74290,   2.83330,   0.59140,   0.22940, 577.33142,   9.35290,   0.00000,   0.00000,  57.51850,   0.15960,   0.06360,   0.00000,   0.00000, 653.41028,  20.65060,   0.00000
1133.96375,   0.12420,   0.05890, 877.83557,   2.11490,   0.03830,  62.39930,  13.68490,   0.00210, 689.91321,  22.40310, 130.12770,   0.26140,1047.14282, 101.97140,   0.00000,   0.00000, 480.49539,   1.89520,  31.91540,   0.00000,   0.00000,1284.38586,  81.09540,   0.00000
  15.74500,   0.00000,   0.00000, 704.85498,   9.29100,   0.00000, 111.47940,  60.15570,   0.13230, 875.71509,  12.38300, 100.14930,   0.40150,1044.11694,  97.55880,   0.00000,   0.00070, 429.68530,   5.04060, 118.15590,   0.00000,   0.00000, 755.20099, 134.48180,   0.00000
  44.75060,   0.00000,   0.01410, 329.10950,  40.48460,   0.01740,   0.09590,  13.22810,   1.10990,  39.39660,   0.36920,  26.72680,   0.80560, 308.28281,  90.13440,   0.00000,   1.26740, 122.45710,   4.00130, 143.42059,   0.00000,   0.00000, 165.43860,  74.29960,   0.00000
  27.80240,   5.25760,   0.05280,   0.04140,  62.55280, 134.92230,   0.01750,  93.03470,   1.38760,   2.72520,   0.67380,   8.53880,  13.36350,  44.61970,  49.74000,   0.51040,   2.51790,   0.11950,   1.47240,  64.68390,  42.10470,   0.02560,  61.06700,  61.11560,   4.08110
   1.28490, 154.84270, 200.84061,   2.49220,   2.18360, 259.27991,   0.02900,  51.90950,   1.56070, 138.65460,  73.93470, 102.51010, 585.85730,  99.96780,   0.10370, 309.66861,  10.17290, 353.89780,  66.45640, 565.23792, 320.42719, 286.25671, 221.76920,   6.45440, 386.39359
   0.00000, 195.16541, 773.15369,   0.00000,   3.66630, 715.46161,   1.35990,   6.88200,   0.00000, 101.26580, 226.12990,   4.25780, 288.05170,   4.35590,   9.15880,  30.87670,   0.00000, 103.06590, 240.50980, 187.53461,  32.53060, 131.41350,   0.00000,   0.95600,   1.51920
   1.28490,   0.00000,   0.00000,   0.00000,   0.00000,   0.00000,   0.00000,   1.63930,   9.60070,  24.00970,   4.85490,  13.93790,  21.97170,   2.60360,   3.66290,   0.30100,   2.54460,   8.30840,   0.44570,   2.83020,   0.16690,   4.56410,   0.18930,   2.51440,   0.31160
   0.00000,  10.38240,   0.00050,   0.00000,   0.00790,   0.00000,   0.15200,   1.70010,   0.00270,  15.42600,  31.95290,   1.25140,  27.64770,   0.29990,   0.11430,   0.30000,   0.20320,   4.09240,   9.61620,   1.01970,  14.85370,   7.38350,   0.02870,   2.70180,   0.43050
   0.70700,   0.00000,   0.01610,   0.00000,   0.00990,   0.00000,   0.01130,   0.00000,   0.00000,   0.61480,   0.04680,   0.00000,   3.46160,   0.00490,   0.00750,   0.00000,   0.00000,   0.01360,   0.00000,   0.00000,   0.00050,   0.19960,   0.00000,   0.00130,   0.00000
  39.15430,   0.04520,   0.41690,   0.08470,   0.51120,   0.25450,   0.19560,   0.00000,   0.00000,   0.72320,   0.01890,   0.34900,   8.29520,   0.00000,   7.16510,   0.00000,   0.00000,   0.13750,   0.00000,   0.00030,   0.00000,   3.16120,   0.00000,   0.09390,   0.00000
  59.98850,   0.36470, 123.50390,   0.14700,   0.36410,   3.22800,   0.27720,   0.03210,   0.00000,   0.03420,   0.00010,   7.62450,  22.02320,   0.00000,  19.70970,   0.01400,   0.00000,   0.00000,   0.00000,   1.46760,   3.55960,   0.85510,   0.00000,   3.61070,   0.00060
 114.98430,   1.25630,  14.48750,   0.37590,   0.00180,   6.12190,   0.00550,   5.83830,   3.17150,   0.00000,   0.00000,  55.44980,   3.00740,   0.04260,  10.99290,   0.00570,  11.14080,   0.00000,   0.00000,  24.02590,   8.57550,   5.70540,   0.89610,   1.73650,   0.00010
 405.70490,  63.20920,1016.69458, 217.64149, 437.67740, 178.09641, 211.79710, 258.40869, 345.05301,   7.63220,  62.00340, 812.82422,1686.94458, 313.53079, 269.89001,  16.14640, 357.99640,  22.05460,  33.53850, 183.32860, 293.29031, 884.06482, 278.36221, 210.11740,  16.19830
   1.59540, 151.85870,  53.49190,  93.25100, 468.34000, 122.07840,1190.48584,1112.36865,  46.26780,  50.38200, 476.08380, 492.16599, 255.49780, 350.07779, 634.77722, 168.65221,  77.59540,  10.34350, 203.42329, 159.87560, 603.18042, 824.68903, 351.72729, 233.27020, 265.88760
   0.01810, 246.44321,   6.67450, 135.90680,   9.15540,  69.29420, 339.00620, 163.10980,  19.37280,  35.48620, 180.87050,  27.50060,  24.81210, 137.37910,  87.69120,  70.69200,  12.43590,   6.66130, 221.92360, 107.72990, 364.09119,  53.77730,  79.99280,  40.87490, 179.22189
   0.00000,  25.63340,   4.28530,   7.76470,   0.25070,  26.03240,   0.28460,   4.17680,   0.00000,   0.03720,   0.00380,   0.00000,   5.34670,   0.03590,  14.09210,   0.37180,   0.00000,   0.08530,   0.00010,   6.28920,  40.73600,   1.76400,   3.18770,   3.53690,   4.11020
   0.01810,   1.32380,  23.38100,   4.49100,   7.07570,   4.30520,   3.72890,   0.71920,   4.26550,   1.78230,   8.14430,   0.84170,   2.34220,   2.01290,   0.43170,   0.00060,   1.78210,   0.05300,   3.71280,   0.00780,   0.77260,   0.22420,   0.66770,   0.00260,   0.16410
   0.00000,   2.90410,  15.28040,  65.11350,  24.17670,  17.32960,  14.74410,   1.43610,   2.81050,   0.14470,   7.71070,   0.66740,   0.06500,   3.38600,   3.38860,   0.07940,   4.83730,   2.88250,   5.19170,   0.89040,   0.06790,   0.97160,   1.25710,   2.06830,   0.36990
   0.00000,   0.02120,   0.09750,   0.00000,   0.00440,   0.00000,   0.02080,   0.00000,   0.00000,   0.00000,   0.00000,   0.00000,   0.00000,   0.00000,   0.00000,   0.00000,   0.00000,   0.00000,   0.00000,   0.00000,   0.00000,   0.00000,   0.00000,   0.00000,   0.00000
   0.00000,   0.15270,   0.16160,   0.52180,   0.21600,   0.02300,   0.25670,   0.00000,   0.00000,   0.00000,   0.00000,   0.00000,   0.00000,   0.00000,   0.00000,   0.00000,   0.00000,   0.00000,   0.00000,   0.00000,   0.00000,   0.00000,   0.00000,   0.00000,   0.00000
   0.00000,   0.14290,   0.14720,   0.00550,   0.00030,   1.57500,   0.03060,   0.00000,   0.00000,   0.00000,   0.00000,   0.00000,   0.00000,   0.00000,   0.00000,   0.00000,   0.00000,   0.00000,   0.00000,   0.00000,   0.00000,   0.00000,   0.00000,   0.00000,   0.00000
   0.00000,   0.00000,   0.00000,   0.00000,   0.00220,   0.00000,   0.00000,   0.00000,   0.00000,   0.00000,   0.00000,   0.00000,   0.00000,   0.00000,   0.00000,   0.00000,   0.00000,   0.00000,   0.00000,   0.00000,   0.00000,   0.00000,   0.00000,   0.00000,   0.00000
   0.00000,   0.00000,   0.00000,   0.00000,   0.00000,   0.00000,   0.00000,   0.00000,   0.00000,   0.00000,   0.00000,   0.00000,   0.00000,   0.00000,   0.00000,   0.00000,   0.00000,   0.00000,   0.00000,   0.00000,   0.00000,   0.00000,   0.00000,   0.00000,   0.00000
   0.00000,   0.00000,   0.00000,   0.00000,   0.00000,   0.00000,   0.00000,   0.00000,   0.00000,   0.00000,   0.00000,   0.00000,   0.00000,   0.00000,   0.00000,   0.00000,   0.00000,   0.00000,   0.00000,   0.00000,   0.00000,   0.00000,   0.00000,   0.00000,   0.00000
   0.00000,   0.00000,   0.00000,   0.00000,   0.00000,   0.00000,   0.00000,   0.00000,   0.00000,   0.00000,   0.00000,   0.00000,   0.00000,   0.00000,   0.00000,   0.00000,   0.00000,   0.00000,   0.00000,   0.00000,   0.00000,   0.00000,   0.00000,   0.00000,   0.00000
   0.00500,   0.00000,   0.00000,   0.00000,   0.00000,   0.00000,   0.00000,   0.00000,   0.00000,   0.00000,   0.00000,   0.00000,   0.00000,   0.00000,   0.00000,   0.00000,   0.00000,   0.00000,   0.00000,   0.00000,   0.00000,   0.00000,   0.00000,   0.00000,   0.00000
   0.00000,   0.00000,   0.00000,   0.00000,   0.00000,   0.00000,   0.00000,   0.00000,   0.00000,   0.00000,   0.00000,   0.00000,   0.00000,   0.00000,   0.00000,   0.00000,   0.00000,   0.00000,   0.00000,   0.00000,   0.00000,   0.00000,   0.00000,   0.00000,   0.00000
   0.00500,   0.00000,   0.00000,   0.00000,   0.00000,   0.00000,   0.00000,   0.00000,   0.00000,   0.00000,   0.00000,   0.00000,   0.00000,   0.00000,   0.00000,   0.00000,   0.00000,   0.00000,   0.00000,   0.00000,   0.00000,   0.00000,   0.00000,   0.00000,   0.00000
   0.16580,   0.00060,   0.00000,   0.00000,   0.02510,   0.00000,   0.00000,   0.00000,   0.00000,   0.00000,   0.00000,   0.00000,   0.00000,   0.00000,   0.00000,   0.00000,   0.00000,   0.00000,   0.00000,   0.00000,   0.00000,   0.00000,   0.00000,   0.00000,   0.00000
   0.17920,   0.00800,   0.00010,   0.00050,   0.00900,   0.00020,   0.00580,   0.00000,   0.00000,   0.00000,   0.00000,   0.00000,   0.00000,   0.00000,   0.00000,   0.00000,   0.00000,   0.00000,   0.00000,   0.00000,   0.00000,   0.00000,   0.00000,   0.00000,   0.00000
   0.00000,   0.00000,   0.00110,   0.00100,   0.00580,   0.00000,   0.02520,   0.00000,   0.00000,   0.00000,   0.00000,   0.00000,   0.00000,   0.00000,   0.00000,   0.00000,   0.00000,   0.00000,   0.00000,   0.00000,   0.00000,   0.00000,   0.00000,   0.00000,   0.00000
   0.00000,   0.00000,   0.00000,   0.00000,   0.00000,   0.00000,   0.00000,   0.00000,   0.00000,   0.00000,   0.00000,   0.00000,   0.00000,   0.00000,   0.00000,   0.00000,   0.00000,   0.00000,   0.00000,   0.00000,   0.00000,   0.00000,   0.00000,   0.00000,   0.00000
   0.00000,   0.00000,   0.00000,   0.00000,   0.00000,   0.00000,   0.00000,   0.00000,   0.00000,   0.00020,   0.01580,   0.00000,   0.00000,   0.00000,   0.00000,   0.00000,   0.00000,   0.00000,   0.00000,   0.00000,   0.00000,   0.00000,   0.00000,   0.00000,   0.00000
   0.00000,   0.57860,   0.00350,   0.00000,   0.00000,   0.00000,   0.16960,   0.67560,   5.54770,   1.27820,  44.30000,   9.43160,   0.42760,   0.08010,   0.38780,  15.06870,   0.00070,  22.62590,  11.98180,  36.03150,  58.57460,   0.00890,   0.00000,   0.00040,  16.25870
   0.00000,   0.50230,   0.16650,   0.00000,   0.00000,   0.00000,  13.42090, 209.32339,  21.96720, 110.76020, 377.90741, 116.40020,   3.06810,   7.75650,  13.08040, 144.24940, 116.80700, 312.58621, 213.45551, 181.47791, 253.22929,   7.26040,   6.69340,   0.18180, 233.67551
   0.00000,   0.00000,   0.00000,   0.00000,   0.00000,   0.00000,   0.00000,   0.00890,   1.54320,  11.32970,   1.49320,   0.24870,   0.21560,   1.37850,   5.92370,   7.47580,   0.25690,   0.00000,   0.01150,   0.16900,   0.00000,   0.00820,   0.08830,   0.14700,   0.00720
   0.00000,   0.00000,   0.00000,   0.00000,   0.00000,   0.00000,   0.00000,   0.00000,   1.56000,   0.10970,   5.30600,   0.20990,   0.03540,   0.37390,   0.10040,   0.00080,   0.00090,   0.00000,   0.02610,   0.00000,   0.00030,   0.00000,   0.00140,   0.00000,   0.00120
   0.03670,   0.00000,   0.00000,   0.00000,   0.67010,   0.00000,   0.00000,   0.00010,   0.12780,   0.36640,   2.90580,   0.00000,   0.08180,   0.00410,   0.00250,   0.00000,   0.00000,   0.00130,   0.00680,   0.00000,   0.00000,   0.00000,   0.00000,   0.00000,   0.00000
   0.05360,   0.00000,   0.00000,   0.00000,   0.00000,   0.06800,   0.00000,   0.00000,   0.00000,   0.13480,   0.00510,   0.00000,   1.08740,   0.26850,   0.00000,   0.00000,   0.00000,   0.00000,   0.00000,   0.00000,   0.00000,   0.00000,   0.00000,   0.00000,   0.00000
   0.00000,   0.86980,   0.00000,   0.00020,   0.30570,   0.24000,   0.32570,   0.00000,   0.13440,   9.37960,   1.56320,   0.27060,  13.75640,   4.35950,   0.03660,   0.00000,   0.00000,   0.00000,   0.00000,   0.00260,   0.00000,   0.00000,   0.00000,   0.00000,   0.00000
   0.00000,   0.07390,   0.00000,   0.00050,   0.32790,   0.05280,   0.21840,   0.00000,   0.00000,   5.45800,   0.01330,   0.00000,   0.47390,   0.89710,   0.00000,   0.00000,   0.00000,   0.00000,   0.00000,   0.00000,   0.00000,   0.00000,   0.00000,   0.00000,   0.00000
   0.00000,   0.00000,   0.00000,   0.00000,   0.00000,   0.00000,   0.00000,   0.00000,   0.00000,   0.00000,   0.00000,   0.00000,   0.00000,   0.00000,   0.00000,   0.00000,   0.00000,   0.00000,   0.00000,   0.00000,   0.00000,   0.00000,   0.00000,   0.00000,   0.00000
   0.00000,   0.00000,   0.00000,   0.00000,   0.00000,   0.00990,   0.00000,   0.00000,   0.00000,   0.00000,   0.00000,   0.00000,   0.00000,   0.00000,   0.00000,   0.00000,   0.00000,   0.00000,   0.00000,   0.00000,   0.00000,   0.00000,   0.00000,   0.00000,   0.00000
   0.00000,   0.00000,   0.00000,   0.00000,   0.00000,   0.00000,   0.00000,   0.00000,   0.00020,   0.00000,   0.01210,   0.00000,   0.00450,   0.25680,   0.19650,   0.00020,   0.00000,   0.00000,   0.49510,   0.00000,   0.00000,   0.00030,   0.00040,   0.00000,   3.76620
  73.18240,   0.00000,   0.00000,   0.00000,   0.00000,   0.00000,   0.00000,  50.70850,  18.76740,   3.21080, 493.75009,   0.00000,  27.54590,   0.53450,   0.05880,   3.31870,   5.35410,   6.95360, 100.93770,   4.42410,  10.38130, 101.49190,   0.28140,   0.46920,  43.08760
 708.55518,   0.00000,   0.00000,   0.00000,   0.00000,   0.00000,   0.92480,   1.77230,  52.38740,  32.80720, 256.64081,   4.37740,  11.42630,   0.00260,   0.00940,   0.15180,  13.03570,  17.87050,  73.69080,  37.44460,  49.16950,  22.40840,   0.00000,   0.04810,   5.50410
  73.18240,   0.01800,  14.92870, 133.29491,  21.12850,   5.30440, 683.78619,  10.22270,  42.60380,  79.70120, 441.58191,   0.05790,   6.36690, 109.48770,  75.56680,   0.19650,   1.63320,  14.97120, 105.87820,   0.00000,   0.00000,   0.66530,  16.54710,   6.83510,   1.48710
 708.55518, 653.57257, 455.71231, 522.22882, 619.13342, 477.93109,3701.37769, 154.01500, 336.61639, 122.85450,1797.65845, 372.63400, 689.52838, 981.48322,1186.87183,  21.99540,  85.41490, 186.74170, 650.27557, 155.09590, 155.71049, 345.78549, 340.24619, 333.48270, 194.34770
   0.00000,  76.59330,1099.44775, 345.27469,  53.69270,1177.80420, 371.72000, 717.15460,2478.29150,  51.07660,2228.75146,1983.19055,1241.42749,1311.56885, 788.51617,  13.45980,1477.88904, 317.89810, 733.21252,1411.28601, 314.91901,1600.05444,1208.87500, 592.94299,1722.13196
 299.90530, 107.08360,   7.26100,   0.05180, 914.87433,  20.79950,   8.56890,   0.00000,  22.14740,   0.00440, 465.41840,   0.04790,   0.55150,   0.65340,  50.82400,   0.00000,  14.71950,   0.00160, 292.15329,   1.11050,  57.39840,   0.00230,   1.63900,  15.64710,   0.00000
 382.92160,  14.99730,  20.34650,   0.46480,  78.59470,   0.07080,   1.03460,   0.01210,   0.16880,   0.00000,   4.43130,   0.00000,   1.24110,   1.00800,  75.64590,   0.00000,   5.88330,   0.00000,   0.02600,   0.00010,  40.16060,   0.00000,   0.30560, 140.95461,   0.00220
   0.00000,   0.00000,   0.00110,   0.00900,   0.00000,   0.00040,   0.00000,   0.00000,   0.54440,   0.00050,   1.80270,   0.00000,   0.00370,   0.02090,   4.34400,   0.00000,   0.89580,   0.00000,   0.00010,   9.92100,   0.00050,   0.04400,   0.11440,   0.16560,   0.00170
  16.60970, 444.13220, 157.25200, 459.26031, 544.13641, 255.85210, 276.80051,  27.29960, 563.61511,   8.44420, 503.20270,   0.11600,   3.42900, 436.09259,1482.45435,   2.29940, 175.74440,   1.52720, 245.76401,  31.26520, 264.33060, 180.78050,  58.63950, 322.09891,  25.02120
   3.77150, 437.60080,1075.66663,3156.67773,3821.36206,2817.31445,1978.29614,3285.12329,2479.68140, 604.27972, 511.72101,   6.04610, 232.86720,1526.47681,4252.80811,   5.32590,1427.55066,1308.84875, 366.72919,1470.25037, 467.38501,1039.24463,2520.70410,2928.01733,1155.03027
   1.43780, 128.34140, 480.40579, 365.07220, 378.78922,1149.63257, 640.03839, 334.26151, 182.33760,1586.42749,  38.02570, 549.32190,  29.85220, 475.56720, 325.59299,1447.71362, 734.29358, 593.63220,   0.13760,2752.12451,  30.21590,  11.34450, 313.23120, 683.83582,2074.26855
   0.00000,   2.08570,   4.68770,  47.16820,   1.01910,  43.22620,   6.25680,  58.01450,   2.75730,  92.81760,   3.13740,  14.88300,   0.07720, 185.09129,   0.00010,1805.72742,  29.38500,  51.49350,   0.00200, 905.12769,   0.00000,   8.45180, 317.03021,   0.01950,  12.78080
   1.43780,   0.00000,   0.00080,   0.07710,   0.16190,   0.05210,   0.02320,   0.40760,   0.05010,   1.52930,   3.64920,   0.01660,   7.16080,   0.28380,   0.02950,   0.64460,   0.47240,   0.45430,   0.46370,   0.48010,   0.24770,   0.75580,   0.27270,   0.35490,   0.64410
   0.00000,  12.91720,  15.59360,  19.03610,  13.32700,   1.98210,  12.18470,   0.00140,   0.00020,   2.45730,   0.18520,   0.01640,   0.07790,   0.63950,   0.41510,   0.20780,   0.00000,   0.25870,   0.00020,   0.00100,   0.00000,   0.00000,   0.34210,   0.69780,   0.63540
   0.66660,  74.60130,  37.72290, 105.68960,  38.20690,  19.70460,  68.62750,  40.30800,   0.00000,   6.51160,   0.00490,   0.00000,   1.03240,  40.09670,   0.05710,   1.41550,   0.00100,  15.31010,   0.00000,   0.18920,  55.17410,   0.03340,  66.52390,   0.34010,   0.19320
   0.00000,   5.33870,   9.19370,   1.43090,   2.30280,   7.80850,  11.54240,   2.16440,   0.85010,  15.22880,   8.55840,   0.00000,   4.40070,   9.15640,   0.00000,  19.42380,   0.82120,   5.73120,   4.89040,   0.25520,  13.68710,   4.64940,   4.60180,   0.09430,   4.52520
   0.00000,   0.09270,   0.36120,   0.81260,   0.07040,   0.42910,   0.05700,   0.00360,   0.00000,   0.10980,   0.92420,   0.00000,   0.01870,   0.00000,   0.00000,   0.01240,   0.00000,   0.00540,   1.21240,   0.00000,   0.00040,   0.00100,   0.00020,   0.00000,   0.01360
   0.00000,   0.00000,   0.00000,   0.00000,   0.00000,   0.00000,   0.00000,   0.00000,   0.00000,   0.00390,   0.08030,   0.00000,   0.00420,   0.28910,   5.99010,   0.00000,   0.00000,   0.14580,   0.00000,   0.00000,   0.00000,   0.00000,   0.00000,   0.04340,   0.00000
   0.14800,   0.17380,   1.28150,   0.05410,   2.39420,   2.56360,   6.66680,  43.58440,  20.55760,  33.35970,  55.80890,   0.00000,  11.45400,  40.02840, 255.52760,   0.01720,  25.38890,  28.61070,  25.80160,   0.00020,  14.64150,  75.33440,   6.57780,  23.48710,   0.07380
   0.00000,   0.30920,   2.17510,   0.28290,   1.43150,   5.51830,   5.79410,  33.52080,  80.96880,  10.46390,  37.65510,   1.32210,   6.97420,  13.64070, 125.35520,   2.06470,  14.78090,  13.26320,  15.70330,   0.88850,  18.42520,  24.94580,   9.90150,  39.35890,   0.25580
   0.27830,   0.22080,   1.65490,   0.61510,  20.28000,   1.86580,   6.32650,   8.70740,   2.39600,   4.48020,   4.57350,   0.22080,   0.30430,   0.35110,   3.06600,   0.67470,   2.93300,   1.54670,   1.99050,   0.48160,   0.05230,   0.18730,   8.29520,   8.15130,   1.45890
   0.00000,   0.36110,   1.57000,   3.42450,   4.34220,   1.85320,  10.31400,   3.12480,   0.00000,   0.31930,   4.80700,   0.00000,   0.00000,   4.58530,   0.05090,   5.74490,   1.37230,   2.72710,   1.22950,   0.91360,  20.09960,   0.00000,   8.38500,   1.23530,  10.59930
   0.27830,   6.64120,  24.64040,  15.42590,  45.55000,  17.92260,  19.48270,  44.14600, 115.44970,  14.84390,  19.16020, 144.17540,  40.07330,  41.87330,  59.60260,  23.26970,  87.23160,  16.54850,  15.61210,  75.44980,  20.91130,  45.56800,  33.91110,  43.30300,  19.14280
   0.00000,  90.76660, 183.20520,  72.86120, 161.84090,  26.55620, 348.83801,  63.14550,  20.87350,  58.32680,  14.60920,  59.74630,  34.78640,  20.80500,   5.23580,  19.39350,  27.39710, 169.74080,  12.14440, 131.85159,  63.35750,  60.02060,  14.12110,  68.23740,  10.90990
   2.03120,  43.82460,  71.54560,  56.44670,  27.58580, 100.00660, 201.16721,  89.81590,  33.12890,  60.22060,  48.93740,   6.41610, 136.21040,  39.95260,   5.49590,  32.17980,  56.70350,  69.21090,  17.10700, 147.57010,  33.34470,  91.17160,  27.91760,  62.95540,  43.35700
   0.00000,  74.32680,  31.66070, 115.08070,  47.01310,  58.57010, 241.37050,  61.88990,  80.28930, 250.71030,  59.75020,  18.43900,  44.46060, 281.23911,  13.71650,  82.41670,  76.19140,  86.12390,  37.66680,  68.61950,  96.79420,  50.72500, 238.77040,  56.23360,  82.99300
   0.00000, 264.95419, 407.95599, 157.48500, 173.84460, 297.01700, 554.78918, 232.81329, 347.53760, 235.45979, 292.55560,  53.40730, 140.23830, 161.12030,  28.39760, 253.04919, 462.81699, 331.56140, 242.72800, 149.23560, 208.61839, 130.78439, 304.24210,  67.94150, 237.11200
 650.47729, 198.29050, 887.73120, 108.63720, 146.61340, 469.03619, 195.36349, 117.21330,  12.70530,1015.64471,  36.03380,   3.04860, 339.85880,  24.08070,   0.26790, 921.65118, 139.42500, 843.44427,  85.33840,  39.99760,  55.97160, 265.27820, 134.90311,  18.99070, 639.61768
  27.33270,  88.84470, 163.69960, 218.60201, 135.20340, 156.55119, 196.73869, 137.76649,   1.05310, 672.38391, 111.21320,   2.01350,  60.44030,  28.49740,   9.34870, 828.92010,  61.33040,1242.89124, 236.05099,  82.49580,  22.14510,  54.99700, 136.46890, 120.41630, 541.78778
   0.00000,  47.58870,  46.78150, 146.08510,  60.68510, 136.49139, 147.61760, 131.48770,  13.69680, 424.18271,  68.60050,  11.78350,  43.23060, 167.11099,  52.90840, 126.30390,  92.75270, 118.63260,  67.77640,  19.06860,  21.25600,  22.47570, 224.27020,  98.93020, 133.22240
   0.00000, 190.41740, 169.36440, 156.72771, 220.55870, 169.51221, 150.14610, 538.07062, 638.26819,1423.38171, 729.41058, 102.26100, 382.71219,1175.81653, 527.52960,1074.87378, 384.53900, 798.65619, 620.56921, 425.12479, 222.47971,  91.46060, 962.53259, 362.44479,1002.35571
  48.22630,1198.56970,1681.44446, 464.17981, 357.81870, 346.26740,2153.77734,2903.88232,2853.63184,1541.71936,3048.44922, 177.59200, 771.84369,1420.33594, 265.89740, 919.19672,3156.17090,1654.79858,4471.95801, 624.98761,1203.71411, 947.75500,2960.71265, 819.54291, 930.71619
   0.00000,   0.32360,   1.02400,   9.23350,   2.40680,   1.09390,   1.57450,   2.43520,   5.62930,   7.32910,   7.98760,   2.38310,   6.44120,   1.29350,  11.35740,   0.26370,   2.30990,   8.66220,   7.66290,   0.61510,   0.00790,   2.32160,   2.20860,  11.68470,   0.36040
  48.22630,  53.79930, 345.19360,  63.28940,  55.55390, 464.59161, 356.39740, 123.15660,  15.90510, 582.36298, 295.96539,   7.23380,  90.09990, 142.37810,   0.00210, 594.83038,  57.28960, 531.87183, 356.90979,  27.56790,   7.15030,  68.49030, 223.17661,   1.07140, 531.83521
1319.94714, 676.57300,1964.57825,1533.16138, 914.03082,2283.08350,2381.24194, 963.38232, 658.86768,1241.74414,1269.69983, 108.86010, 445.21280,1375.94531,  58.19260,1175.98706, 712.94458,1267.65002,1792.84521, 161.50290,  44.27230, 341.78470,1770.87366, 118.11350,1350.41431
2143.60596,1123.07324, 918.80957,2575.17627,1752.94165,1326.78162,1292.86133,1434.04712, 695.81439,2037.81165, 575.57941,1148.15381,1144.88281,1180.11951, 330.65948,1654.63184, 818.32678,1651.28882, 917.30463, 913.92920, 372.51599,1118.02368,1525.89917, 559.42249,1992.65417
 795.44019,1326.20044,1365.24292,1340.05811,1836.08398, 881.11249,1891.15576,2062.01953,2313.96826,1119.95166,1733.83875,2283.01172,1039.00049,1951.02124,1502.31360,1114.74890,1636.13391,1032.47559,1690.81860,1981.23035,1007.16663,1884.96777,2612.74707,1252.66638,2089.02148
2436.80737,1533.26721,1187.16418, 741.01721,1766.85522,1829.84265,1035.44775,1973.14282,1516.17834, 718.44562,1758.28076, 942.64111,1777.95874,2140.96387,1425.98267,1887.32056,1786.33936,1768.91956,1688.78418,1744.11401,1863.96936,1941.91174,2976.25146,1525.30127,1988.21863
2626.69141,1807.18298,2173.40332,1737.50085,1047.77722,3378.66089,2223.96826,1116.59253,3301.80371,1932.02783,1700.82861,2547.42090,1790.61621,1014.04810,1190.74170,1203.09937,1928.07483,1518.87939,1998.96460,2005.83057,1772.33997,1189.20654,1142.48059,1972.77722,1553.06799
1296.55176,2154.44067,2349.29541,1406.49121,1543.95386,3928.61035, 939.90149, 383.07819, 856.06311, 851.76349, 335.25870,1200.26685, 427.31219, 169.03101, 378.98920, 782.84290,1522.07947, 620.34601, 245.65710,1518.49341, 522.70740, 815.55823, 194.84109, 793.00140,1759.85205
 664.26520,1735.84277,1658.65112,1247.58667,1528.42261,2780.96143,1098.53833, 225.71220, 335.21661, 250.00121,  82.05040,  57.93990, 225.30930, 104.75460, 405.69421,  21.98560, 263.12949, 301.54431,  58.46040, 456.64481, 660.62531, 331.46329, 162.66029, 258.74710, 113.57920
1062.87280,2273.14478,1267.99707,1147.59558,1709.28577,2130.45459,1964.29663,  92.67990, 572.97583, 320.63861,  24.68920,  11.87290,  42.11140,  10.65890,  51.53890,  26.53290, 162.27319,  75.46080,  62.82160, 120.63450, 172.31630, 209.46780,  22.96620, 666.74683, 102.89320
   0.00000,   0.00010,   0.00000,   0.06620,   0.01310,   0.00030,   0.00050,   0.00000,   0.45540,   0.25130,   0.04310,   0.07700,   0.12090,   0.10820,   0.24760,   0.00000,   0.00000,   0.00000,   0.00530,   0.00000,   0.00000,   0.00000,   0.01710,   0.01570,   0.00000
   0.00000,   0.00000,   0.00000,   5.02220,   0.00530,   0.00000,   0.00830,   0.00000,   0.00000,   0.00010,   0.00200,   0.00000,   0.00000,   0.00000,   0.00020,   0.00000,   0.00000,   0.00000,   0.00000,   0.00000,   0.00000,   0.00000,   0.00000,   0.00000,   0.00000
   0.00000,   0.00000,   0.00000,   4.14690,   0.00000,   0.00000,   0.00000,   0.00000,   0.00000,   0.00000,   0.00000,   0.00000,   0.00000,   0.00000,   0.00000,   0.00000,   0.00000,   0.00000,   0.00000,   0.00000,   0.00000,   0.00000,   0.00000,   0.00000,   0.00000
   0.00000,   0.10790,   0.11590,   0.12900,   0.00010,   0.00050,   0.00000,   0.00000,   0.00000,   0.00000,   0.00000,   0.00000,   0.00000,   0.00000,   0.00000,   0.00000,   0.00000,   0.00000,   0.00000,   0.00000,   0.00000,   0.00000,   0.00000,   0.00000,   0.00000
   0.00000,   0.12320,   0.11230,   0.00010,   0.00020,   0.01350,   0.00000,   0.00000,   0.00000,   0.00000,   0.00000,   0.00000,   0.00000,   0.00000,   0.00000,   0.00000,   0.00000,   0.00000,   0.00000,   0.00000,   0.00000,   0.00000,   0.00000,   0.00000,   0.00000
   0.00000,   0.00000,   0.00000,   0.00000,   0.00000,   0.00000,   0.00000,   0.00000,   0.00000,   0.00000,   0.00000,   0.00000,   0.00000,   0.00000,   0.00000,   0.00000,   0.00000,   0.00000,   0.00000,   0.00000,   0.00000,   0.00000,   0.00000,   0.00000,   0.00000
   0.03320,   0.00000,   0.00000,   0.00000,   0.00000,   0.00000,   0.00000,   0.00000,   0.00000,   0.00000,   0.00000,   0.00000,   0.00000,   0.00000,   0.00000,   0.00000,   0.00000,   0.00000,   0.00000,   0.00000,   0.00000,   0.00000,   0.00000,   0.00000,   0.00000
   0.00000,   0.00000,   0.00000,   0.00000,   0.31070,   0.00000,   0.00000,   0.00000,   0.00000,   0.00000,   0.38860,   0.00000,   0.00000,   0.00000,   0.09240,   0.00000,   0.00000,   0.00000,   0.00900,   0.00000,   0.00000,   0.00000,   0.00000,   0.00000,   0.00000
   0.00000,   1.40350,   0.00000,   0.00000,   0.09700,   0.00000,   0.00000,   0.00000,   0.00000,   0.00000,  17.86860,   0.00000,   0.00380,   0.00000,   1.65360,   0.00000,   0.00000,   0.00000,   0.23810,   0.00000,   0.51250,   0.00000,   0.00000,   0.00270,   0.00000
   0.00000,   3.76150,   0.00000,   0.00000,  22.13980,   0.00000,   0.00000,   0.15690,   3.37200,   0.04660, 119.96440,   0.00000,   0.05010,   0.00000,  31.95270,   0.00000,   0.00240,   0.02050,  24.55920,   0.00000, 117.77100,   0.00000,   0.00000,  12.15030,   0.00000
   0.00000,   0.00000,   0.00000,   0.00000,   0.00040,   0.00000,   0.00000,   0.00000,   0.04800,   0.00010,   0.69080,   0.00000,   0.04640,   0.00000,   0.42910,   0.00000,   0.00000,   0.00000,   0.00230,   0.00000,   0.00000,   0.00000,   0.00000,   0.00010,   0.00000
   0.00000,   2.18840,   0.00000,   0.00000,   0.19180,   0.06730,   0.02690,   0.00000,   0.64000,   0.00380,   4.43840,   0.00000,   0.02730,   0.00020,   3.00230,   0.00000,   0.00000,   0.00000,   0.67880,   0.00000,   0.55020,   0.00220,   0.00000,   0.38200,   0.00000
   0.36550,   1.46390,   0.04640,   0.02700,   0.00430,   0.30270,   0.30050,   0.00000,   0.00000,   0.00060,   0.03570,   0.00000,   0.00270,   0.00570,   0.00760,   0.00000,   0.00000,   1.00720,   0.00000,   0.00000,   0.00720,   0.01120,   0.00000,   0.21780,   0.00000
   0.05350,  15.21990,  12.71040,   1.22820,   2.82130,  64.36010,   2.70730,   1.39050,   0.00000,  11.59160, 112.70690,   0.00000,   0.06830,   0.09810,   3.36510,   0.00000,   0.11370,  53.98560,  14.91430,   0.00000,   0.03220,   2.50560,   0.68240,   4.49140,   0.00000
   0.00000,   0.02560,   0.30140,   2.73660,   0.55300,   3.65370,   0.11390,   0.00000,   0.00000,   0.03250,  14.98880,   0.00000,   0.00000,   0.07290,   0.00000,   0.00000,   0.00000,   0.00700,   1.90110,   0.00000,   0.00000,   0.00000,   0.00000,   0.00000,   0.00000
   0.00000,   0.00000,   0.02530,   0.00000,   0.01190,   0.00000,   0.00000,   0.00000,   0.00000,   0.00000,   0.00000,   0.00000,   0.00000,   0.00000,   0.00000,   0.00000,   0.00000,   0.00000,   0.00000,   0.00000,   0.00000,   0.00000,   0.00000,   0.00000,   0.00000
   0.02520,   0.00000,   0.00000,   0.00000,   0.00000,   0.00000,   0.00000,   0.00000,   0.00000,   0.00000,   0.00000,   0.00000,   0.00000,   0.00000,   0.00000,   0.00000,   0.00000,   0.00000,   0.00000,   0.00000,   0.00000,   0.00000,   0.00000,   0.00000,   0.00000
   0.00000,   0.00000,   0.00000,   0.00000,   0.00000,   0.00000,   0.00000,   0.00000,   0.00000,   0.00000,   0.00000,   0.00000,   0.00000,   0.00000,   0.00000,   0.00000,   0.00000,   0.00000,   0.00000,   0.00000,   0.00000,   0.00000,   0.00000,   0.00000,   0.00000
   0.00000,   0.00000,   0.00000,   0.00000,   0.00000,   0.00000,   0.00000,   0.00000,   0.00000,   0.00000,   0.00000,   0.00000,   0.00000,   0.00000,   0.00000,   0.00000,   0.00000,   0.00000,   0.00000,   0.00000,   0.00000,   0.00000,   0.00000,   0.00000,   0.00000
   0.00000,   0.00000,   0.00000,   0.00000,   0.00000,   0.00000,   0.00000,   0.00000,   0.00000,   0.00000,   0.00000,   0.00000,   0.00000,   0.00000,   0.00000,   0.00000,   0.00000,   0.00000,   0.00000,   0.00000,   0.00000,   0.00000,   0.00000,   0.00000,   0.00000
   0.00000,   0.00000,   0.00000,   0.00000,   0.00000,   0.00000,   0.00000,   0.00000,   0.00000,   0.00000,   0.00000,   0.00000,   0.00000,   0.00000,   0.00000,   0.00000,   0.00000,   0.00000,   0.00000,   0.00000,   0.00000,   0.00000,   0.00000,   0.00000,   0.00000
   0.00000,   0.00000,   0.00000,   0.00000,   0.00000,   0.00000,   0.00000,   0.00000,   0.00000,   0.00000,   0.00000,   0.00000,   0.00000,   0.00000,   0.00000,   0.00000,   0.00000,   0.00000,   0.00000,   0.00000,   0.00000,   0.00000,   0.00000,   0.00000,   0.00000
   0.00000,   0.00000,   0.03160,   0.00780,   0.00860,   0.00000,   0.00100,   0.00000,   0.00000,   0.00000,   0.00000,   0.00000,   0.00000,   0.00000,   0.00000,   0.00000,   0.00000,   0.00000,   0.00000,   0.00000,   0.00000,   0.00000,   0.00000,   0.00000,   0.00000
   0.00000,   0.00470,   0.75590,   0.40320,   0.30100,   0.18370,   0.34010,   0.00000,   0.00000,   0.00000,   0.00000,   0.00000,   0.00000,   0.00000,   0.00000,   0.00000,   0.00000,   0.00000,   0.00000,   0.00000,   0.00000,   0.00000,   0.00000,   0.00000,   0.00000
   0.00000,   0.01080,   0.32020,   0.17020,   0.21480,   0.14520,   0.12280,   0.00000,   0.00000,   0.00000,   0.00000,   0.00000,   0.00000,   0.00000,   0.00000,   0.00000,   0.00000,   0.00000,   0.00000,   0.00000,   0.00000,   0.00000,   0.00000,   0.00000,   0.00000
   0.00000,   0.00000,   0.00000,   0.00000,   0.00000,   0.00000,   0.00000,   0.00000,   0.00000,   0.00000,   0.00000,   0.00000,   0.00000,   0.00000,   0.00000,   0.00000,   0.00000,   0.00000,   0.00000,   0.00000,   0.00000,   0.00000,   0.00000,   0.00000,   0.00000
   0.00000,   0.00000,   0.00000,   0.00000,   0.00000,   0.00000,   0.00000,   0.00000,   0.00000,   0.00000,   0.00000,   0.00000,   0.00000,   0.00000,   0.00000,   0.00000,   0.00000,   0.00000,   0.00000,   0.00000,   0.00000,   0.00000,   0.00000,   0.00000,   0.00000
   0.00000,   0.00000,   0.00000,   0.00000,   0.00000,   0.00000,   0.00000,   0.00000,   0.00000,   0.00000,   0.00000,   0.00000,   0.00000,   0.00000,   0.00000,   0.00000,   0.00000,   0.00000,   0.00000,   0.00000,   0.00000,   0.00000,   0.00000,   0.00000,   0.00000
   0.00000,   0.00000,   0.00000,   0.00000,   0.00000,   0.00000,   0.00000,   0.00000,   0.00000,   0.00000,   0.00000,   0.00000,   0.00000,   0.00000,   0.00000,   0.00000,   0.00000,   0.00000,   0.00000,   0.00000,   0.00000,   0.01170,   0.00000,   0.00000,   0.00000
   0.30740,   0.00000,   0.00000,   0.00000,   0.00000,   0.00000,   0.00000,   0.00000,   0.00000,   0.00460,   0.00000,   0.00000,   0.00040,   0.00000,   0.00000,   0.00000,   0.00000,   0.00000,   0.00000,   0.00000,   0.00000,   0.00360,   0.00000,   0.00000,   0.00000
   0.00000,   0.00000,   0.00010,   0.00000,   0.00000,   0.00000,   0.00000,   0.75020,   0.27150,   0.04310,   0.02340,   1.86120,   3.06710,   0.26940,   0.51060,   0.21770,   0.01170,   0.04430,   0.00000,   0.02890,   3.06930,   3.80740,   0.00000,   0.14460,   0.08880
   0.30740,   0.00030,   0.03280,   0.00000,   0.00000,   0.00000,   0.00000,   0.61290,   0.01990,   0.82980,   0.02990,   0.47110,   1.83960,   0.11320,   0.02670,   1.67770,   0.00000,   0.05950,   0.00000,   0.01100,   1.97520,   1.66400,   0.00000,   0.00000,   2.07710
   1.48520,   0.00000,   0.00000,   0.00000,   0.00010,   0.00000,   0.03310,   0.00000,   0.00000,   0.00000,   0.00000,   0.00000,   0.00000,   0.00000,   0.00000,   0.00000,   0.00000,   0.00000,   0.00000,   0.00000,   0.00000,   0.00000,   0.00000,   0.00000,   0.00000
   0.92840,   0.18440,   0.22050,   0.05820,   0.27430,   0.25060,   0.13840,   0.00000,   0.00000,   0.00000,   0.00000,   0.00000,   0.00000,   0.00000,   0.00000,   0.00000,   0.00000,   0.00000,   0.00000,   0.00000,   0.00000,   0.00000,   0.00000,   0.00000,   0.00000
   0.00000,   0.08050,   0.08190,   0.10890,   0.13410,   0.11490,   0.17270,   0.00000,   0.00000,   0.00000,   0.00000,   0.00000,   0.00000,   0.00000,   0.00000,   0.00000,   0.00000,   0.00000,   0.00000,   0.00000,   0.00000,   0.00000,   0.00000,   0.00000,   0.00000
   0.00000,   0.00000,   0.00000,   0.00000,   0.00000,   0.00000,   0.00000,   0.00000,   0.00000,   0.00000,   0.00000,   0.00000,   0.00000,   0.00000,   0.00000,   0.00000,   0.00000,   0.00000,   0.00000,   0.00000,   0.00000,   0.00000,   0.00000,   0.00000,   0.00000
   0.00000,   0.00000,   0.00000,   0.00000,   0.00000,   0.00000,   0.00000,   0.00000,   0.00000,   0.00000,   0.00000,   0.00000,   0.00000,   0.00000,   0.00000,   0.00000,   0.00000,   0.00000,   0.00000,   0.00000,   0.00000,   0.00000,   0.00000,   0.00000,   0.00000
   0.34200,   0.00000,   0.00000,   0.00000,   0.00000,   0.00000,   0.00000,   0.00000,   0.00000,   0.00000,   0.00000,   0.00000,   0.00000,   0.00000,   0.00000,   0.00000,   0.00000,   0.00000,   0.00000,   0.00000,   0.00000,   0.00000,   0.00000,   0.00000,   0.00000
   0.00000,   0.00000,   0.00000,   0.00000,   0.00000,   0.00000,   0.00000,   0.00000,   0.00000,   0.00000,   0.00000,   0.00000,   0.00000,   0.31300,   0.00000,   0.00000,   0.00000,   0.00000,   0.00000,   0.00000,   0.00000,   0.00000,   0.00000,   0.00000,   0.00000
   0.07220,   0.00000,   0.00000,   0.00000,   0.00000,   0.00000,   0.00000,   0.00000,   0.00000,   0.00000,   0.00000,   0.00000,   0.00000,   0.02290,   0.00000,   0.00000,   0.00000,   0.00000,   0.00000,   0.00000,   0.00000,   0.00000,   0.00000,   0.00000,   0.00000
   0.00000,  94.91330,   0.00000,  62.29080,   0.01910,   0.00000,  91.90570,  62.78580, 325.95001,  44.21300, 333.55450, 113.84540, 138.74910, 226.90759, 164.87460,  74.01890,  90.41980,  42.21020, 116.74950,  22.05290,  77.70970,  38.10410,  88.25530,  44.74560,  75.35920
   0.07220,  12.24410,   0.00000,  20.69680,   0.00000,   0.00000,   6.46350,  32.80930, 254.35620,  19.67920, 292.53860,  26.13530,  53.47140,  20.31710,  31.07910,  81.47570, 101.10070,  16.66070, 244.95720,   1.08710,  15.48780,  31.76030,  25.20030,   8.31530,  74.22410
   0.21150,   0.00000,   0.00000,   0.00000,   0.00000,   0.00000,   0.00000,   1.28700,  23.35810,   0.04180,   0.66600,  34.44360,   0.82800,  11.35650,   1.18270,  49.51660,   0.01930,   0.01880,   0.58450,   1.56860,   0.02510,   0.06920,   1.59840,   0.00000,  45.56970
   0.00000,   0.02050,   0.04940,   0.26630,   0.72800,   0.46490,   0.37430,   1.03400,  58.35620,   0.52330,   0.26910,  60.77040,   8.32270,   0.22710,  16.02300,   0.00000,   0.00050,   0.64050,   0.00360,   0.08430,   0.04380,   0.00730,   0.00000,   0.80430,   0.00000
   0.00000,   0.06460,   0.60740,   0.53870,   2.32290,   0.61240,   0.72580,   0.00570,   7.64580,   0.28680,   6.25020,   6.06470,   1.75570,   0.02660,   5.83530,   0.00000,   0.18910,   0.01510,   0.00000,   0.19540,   0.00000,   0.07090,   0.00000,   0.19890,   0.00000
   0.00000,   0.00000,   0.00000,   0.00000,   0.00000,   0.00000,   0.00000,   0.00420,   3.56590,   0.08930,   0.57520,  12.50220,   1.40550,   0.00770,   0.00010,   4.36510,   0.03340,   0.00000,   0.00000,   0.40220,   0.00170,   0.10170,   0.00000,   0.00000,   4.83060
  16.47040,   3.50170,  81.69250, 108.10130,   0.85530,   1.53320,  16.61120,  15.10640, 288.86771, 131.30070, 133.97321, 315.41159, 207.05881,   1.69610,   0.00010,  55.83350,  41.31560,   1.56430,  17.96740,  25.34130,   0.70770, 174.45390,   5.76620,  11.07860,  18.62860
 471.53580,   0.00010,   0.31730,   7.03130,   0.01330,   8.00680,   0.00000,  29.02980,1356.38892,   3.12380,  15.40860, 944.01202,  18.42570,  18.39160,  63.86290,  14.53960, 157.22650,  53.95840, 115.08260, 142.01840,  32.25610,  78.02440,   8.64150,  65.15520,  39.19510
  10.99270,   0.56670,   0.00000,   0.00000,   0.22180,  15.94010,   0.00000,  11.04090,  57.94080,  23.39110, 460.20081, 320.69501,  60.32500,   7.06640,  21.77630,   0.00060,  15.30010,  34.99200, 290.58380, 262.22690,  26.22170,  16.39810,  63.83500,  21.72040,   0.00000
   0.00000,  44.92330,   0.00000,   2.33620,  81.42100,   0.00000,   0.00000,   0.00000, 144.96001,   1.60760, 358.29379, 461.59460,   0.00000,   0.13590, 360.67941,   0.00000,  64.41540,  29.93070, 306.74561, 112.82780,   3.87390,   0.00870,   4.89520, 153.60510,   0.00000
 103.14170,   8.88280,   0.81140,   0.00010,   0.92040,   0.00000, 290.23859, 156.33479, 537.98969, 304.30820, 202.46930, 406.11401, 567.32458, 248.24760, 450.15500,  93.96650, 206.58920,  86.26100, 112.60900, 208.83839,  96.57910, 202.66820, 117.62640, 267.22739,  93.85830
   0.20510,  56.83390,   5.57100,   2.51960, 148.99020,   1.19350,  15.99620,  32.33710, 132.20799,  50.23050,  78.88460,  46.23760, 217.78799,  18.81100,  53.54370,  22.59810, 143.64590,  12.02610,  40.83450,  34.63650,  23.18160,  43.58720,   9.66340,  56.33970,  22.07540
   3.16780,   0.11890,   0.00000,   0.00000,   0.03030,   7.40880,   0.74000,  38.07220,  77.12320,  14.93180,  84.19730,  46.10400,  55.40700, 111.07610, 179.43730,  33.35590,  39.80570,   2.30130,  10.00580,  34.31120,  35.36380,   3.34620,  15.65390,  34.31390,  63.95700
 610.33209,   0.58250,   0.40580,   7.01100,  12.36570,   0.00850,  70.93020,  28.96630,   7.47060, 201.71581, 180.26920,  87.87370, 340.17749, 225.04860, 217.49741,   7.67580,   2.63320,  12.72980,  21.68490, 135.12410,  46.89040,  66.24450,   9.39730, 108.94970,   5.86920
   0.00000,   0.24370,   0.08160,   0.28490,   0.16170,   0.00010,   0.09040,   0.10530,   0.71690,  38.48340,   2.04870,   1.40680,  14.08230,   2.24850, 104.11580,   0.00000,   3.70090,   0.88600,   1.95660,   1.70850,  18.35060,   8.96400,   0.01950,  36.61620,   0.34840
   0.00000,   0.00000,   0.00000,   0.00000,   0.00000,   0.72780,   0.00000,   0.71280,   2.01300,   0.01310,   0.89830,   0.00000,   0.00080,   0.11040,   0.00000,   0.37810,   2.78260,   3.01740,   0.06670,   0.00100,   0.13820,   0.55730,   0.76560,   0.00000,   1.36810
   0.00000,   8.69800,   0.29130,   0.00000,  77.14200,  13.25500,   0.08370,  85.13650, 628.44238,   0.98500,   6.06160,  13.15080,   1.71960,  28.44350, 493.08701,  12.10740, 125.40710,   4.15690,   1.55680,  38.57020, 130.66560,  26.55840,  54.48610, 290.65060,  14.56420
 144.25560,  63.81700,  47.00790,   1.26090, 132.43810,  44.70140, 100.63590, 333.75259, 689.22638, 139.06340, 614.38019,  68.68600, 697.22803, 271.22159,1177.06860,  78.33010, 254.06779,  92.28630, 243.98360,  13.70070, 123.05170, 522.24548, 146.58890, 635.05121, 199.90050
   0.36750,  94.70920, 265.39001, 249.56351, 864.58313,   4.55170,   6.58350, 280.80649, 171.13210, 343.49960, 240.39500, 578.60712,1033.46594, 473.39661, 419.40021, 442.61359, 247.69360, 117.96290, 299.57379, 180.00740,   6.52430, 592.94391, 425.94211, 208.91000, 500.49438
   3.92600,   0.00000,   0.00000,   0.00000,   0.00000,   0.00000,   0.00000,   0.00000,   0.00300,   0.00710,   0.00000,   0.07820,   0.00000,   0.77430,   0.00000,   0.00000,   0.00000,   0.00000,   0.00000,   0.00150,   0.00000,   0.00000,   0.00000,   1.64680,   0.00000
   0.36750,  22.83750,   0.12890,  49.69260,   2.72470,  46.97870,   0.14820,   4.84790,  46.48420,   3.08920,   4.00520,  11.90090,   8.30460,  15.44060,   2.57250,   5.06520,  18.47170,   1.37950,   2.09760,  18.25340,  10.45580,   1.38120,  11.21960,   3.21870,   4.65840
   3.92600,   7.00910,   0.69150,   0.30170,   0.03770,   1.71590,   0.00070,   2.73720,  76.42260,   7.95760,  14.65420,  68.40280,  27.54120,  39.35610,   3.45330,   1.95910,  36.29720,   1.31550,   0.48440,  12.99800,   4.05000,  15.11010,  11.03720,   1.91030,   3.38650
   6.42740, 245.04170, 173.27240,  68.40670, 116.09400,  65.10250, 296.75281, 588.83502,1340.19141,1101.76978, 898.32593, 694.06183, 685.24939, 354.86121, 476.05441,1078.70630,1178.84644, 481.58240, 369.79001, 468.90100, 585.22388, 487.93320, 225.97340, 313.07199, 909.40057
 117.18620, 225.86220, 400.11819,   1.30760,  58.60710,  20.10050,   0.07880,   0.38860,   0.01090, 352.86649,   3.04850,   0.00610, 190.68750,   0.06770,   0.01920,  11.44830,   8.07370, 250.44060,   4.68840,   0.15350,   1.97060,   5.67000,   0.04460,   1.98230,   3.47180
   0.00000,   0.00010,   0.00000,   0.11300,   0.00000,   0.00000,   0.00220,   0.00000,   0.00000,  11.58020,   0.22540,   0.00000,   6.96600,   0.00000,   0.00000,   0.00000,   0.00000,   0.00000,   0.00000,   0.00000,   0.00000,   0.00000,   0.00000,   0.00000,   0.00000
 187.26401,   0.00100,   0.00000,   0.13730,   0.00000,   0.00000,   0.00000,   0.00000,   0.00000,   0.73190,   2.13980,   0.00000,   0.44140,   0.00000,   0.00000,   0.00000,   0.00000,   0.00740,   0.00000,   0.00000,   0.14390,   0.00000,   0.00000,   0.00000,   0.00000
 795.59930,  19.66240,  15.20840,   2.15990, 253.93320,  53.43440,   8.44420,   0.13050,   0.00120, 281.70889,  11.81370,   0.00000,  66.02210,   0.00000,  33.09580,   2.57670,   0.00000,  25.68540,   0.03150,   0.03370,   0.30820,   3.59440,   0.00000,  23.02620,   0.00060
2515.46631,   1.02360,  65.51650,   3.08470,  61.96350,  22.93670,   1.94520,   0.04810,   0.00000,  83.63600,   9.87070,   1.68050,  73.49250,   0.00000,  40.01160,   0.78510,   0.12890,   3.87470,   0.00030,   0.13690,   0.00000,   0.15210,   0.00000,  26.16530,   0.00000
 175.30650,   0.00000,  41.89790,   0.00000,   3.15160,  44.11170,   9.17880,   0.00000,   0.06650,  37.58620,   0.15940,   5.67530,  13.20580,   0.00000,   1.15870,   0.00000,   0.00000,  13.35970,   0.00000,   1.85180,   0.00000,   3.84410,   0.00000,   2.48170,   0.00000
  17.25370,   0.00000,   9.45280,   0.00000,   2.15240,   2.82780,   0.24280,   0.88150,   8.99760,2945.76611,  13.82360, 259.44501, 545.28821,   0.00000,  87.67940,   0.00000,   0.00000,2006.14246,   0.02460,   9.01160,   0.00000,   5.49090,   0.00000,  86.61160,   0.00000
 175.30650,1184.59326,1851.74304, 684.87079, 983.56702,1339.79395, 368.82880, 256.61911, 557.92290, 566.21448,1153.30542, 557.92290, 661.68237,  79.53680, 312.72000, 284.53220,  47.74910, 546.69739, 923.10022,  34.99320, 238.03250, 570.36090,  50.02610, 180.56300, 337.39050
  17.25370, 815.37921,3226.11157, 492.92819, 549.67938,1709.99585,  92.05000,  45.88100, 376.37675, 282.05688, 153.96530, 376.37675, 138.25180,  17.81800,  33.94350,  53.95260,   0.21000, 400.33630, 245.23911,   0.11710,  19.03420, 222.70599,  21.27800,  69.72880,  48.74880
   0.00000, 416.23959, 208.13100,  93.77460, 321.03900, 130.44080,  92.92410,  25.56440,  70.09766,   2.11850,  68.17970,  70.09766,   0.59080,  43.63260,   0.47300,   9.31500,   6.24490,  12.94370,  67.92430,  56.01050,   0.41600,  15.73690,   5.30540,   0.21150,  35.03000
   0.00000,   1.47240,  64.62440,   1.49430,   0.99900,  32.73660,   1.77800,   6.72410,   9.53157,   0.25010,  25.90950,   9.53157,  13.41210,   2.68340,   0.45720,   1.73340,   4.37620,   2.76320,  28.26830,   2.38910,   0.02230,  14.61100,   6.40700,   0.06570,   6.04870
   0.00000,   1.75040,  68.59530,   0.51580,   1.22530,   4.40670,   8.89090,   0.28380,   6.84620,   1.62690,   1.89010,   6.84620,  52.71670,   0.08410,   0.00000,   0.00350,   0.00000,   0.00000,   2.86480,   1.01170,   0.00000,  11.52240,   0.00000,   0.00000,   0.07410
   0.00000,   0.01700,   5.06610,   0.00410,   8.60010,   1.36090,   2.45580,   1.24140,  28.11579,  34.48470,  36.41580,  28.11579,   2.51480, 119.24620,   0.00000,  39.04420,   0.10660,   0.30550,   6.05700, 317.63431,   0.00000,   0.17050,   2.57910,   0.00000,  69.35910
   2.45710,  11.03000,   0.00290,   0.00000,  69.29570, 120.91520,   0.43650,  43.47130, 101.71428,   3.02110, 155.98219, 101.71428,   0.73520, 707.96661, 488.08209,   0.02950, 106.09400,  50.72010,  45.03960,  94.15470,   2.67190,   0.25940, 281.21619, 134.89391,  20.95320
 127.60110, 242.67390,   0.04310,   0.04280,   6.92080,  51.69200,  86.53100, 164.58870, 104.31773,   0.49980, 106.34990, 104.31773,   4.93830,   8.98750, 299.98721,   9.23960,  38.99040, 241.80600, 105.51670, 269.47321, 243.05769, 106.75140,  42.24610, 180.42650,  60.94400
 107.83100, 219.65280,  51.62660,   0.00000,   4.27780,   4.73530,  53.16970,  33.03880,  95.07690,   0.10790,  95.07690,  95.07690,  12.96990,   4.26820, 660.22559,   0.00000, 112.74590,   0.00000,   2.83170, 230.56630,  98.11910, 196.13060,   9.79750, 289.56921,   0.02790
   0.00000,   0.01280, 182.58920,   0.00000,  11.76680,  14.82510,  38.13980,   0.00630,  15.15738,   0.01540,  15.15738,  15.15738,   0.11630,   0.00970,   0.01180,   0.00000,  80.87290,   0.00000,   0.00000,   4.57310,   0.09630,   0.00210,   0.00000,   0.42480,   0.00000
 107.83100,   0.06400,   0.83870,   0.01730,   0.00000,   0.14340,   9.13060,  47.03480,  52.73562,  64.89410, 158.25500,  52.73562,  99.16310,  37.81450, 140.20560,  27.72110, 114.56430,  27.45830, 107.40760,  31.91680,  53.16370,  53.66420,  34.05700,  74.65290,  22.92130
   0.00000,   4.15340,  96.44460,  25.14980,   0.28800,   9.75000,   6.07870,   2.69850,  14.73667,   0.04960,  18.14570,  14.73667,   0.58440,   1.39770,  53.45020,   0.00030,  23.06000,   0.55560,  20.02050,   1.46310,  16.31970,   3.37800,   7.40860,  48.54620,   0.00080
   0.00000,   3.72940,  75.12550,   0.55970,   3.13490,   0.22690,  27.85330,   0.00030,   7.24421,   0.00020,   0.00000,   7.24421,   0.39500,   0.00010,  11.59450,   0.00000,   0.00000,   0.00000,   0.00000,   1.05350,  24.75740,  10.82300,   0.00000,   7.36320,   0.00000
   0.00000,   1.17610,   2.92300,   3.91670,   2.00080,   2.59580,   0.00000,   0.00000,   0.54869,   0.00000,   0.00000,   0.54869,   0.00000,   0.00000,   0.00750,   0.00000,   0.00000,   0.00000,   0.00000,   0.00000,   0.00000,   0.00000,   0.00000,   0.00000,   0.00000
   0.00000,   0.21050,   1.10770,   0.88790,   0.68320,   0.86830,   0.00050,   0.00000,   0.16340,   0.00000,   0.00000,   0.16340,   0.00000,   0.00000,   0.00000,   0.00000,   0.00000,   0.00000,   0.00000,   0.00000,   0.00000,   0.00000,   0.00000,   0.00000,   0.00000
   0.00000,   0.00000,   0.00000,   0.00000,   0.00000,   0.00000,   0.00000,   0.00000,   0.00000,   0.00000,   0.00000,   0.00000,   0.00000,   0.00000,   0.00000,   0.00000,   0.00000,   0.00000,   0.00000,   0.00000,   0.00000,   0.00000,   0.00000,   0.00000,   0.00000
   0.00000,   0.00000,   0.00000,   0.00000,   0.00000,   0.00000,   0.00000,   0.00000,   0.00000,   0.00000,   0.00000,   0.00000,   0.00000,   0.00000,   0.00000,   0.00000,   0.00000,   0.00000,   0.00000,   0.00000,   0.00000,   0.00000,   0.00000,   0.00000,   0.00000
   0.00000,   0.00000,   0.00000,   0.00000,   0.00000,   0.00000,   0.00000,   0.00000,   0.00000,   0.00000,   0.00000,   0.00000,   0.00000,   0.00000,   0.00000,   0.00000,   0.00000,   0.00000,   0.00000,   0.00000,   0.00000,   0.00000,   0.00000,   0.00000,   0.00000
   0.00000,   0.00000,   0.00000,   0.00000,   0.00000,   0.00000,   0.00000,   0.00000,   0.00000,   0.00000,   0.00000,   0.00000,   0.00000,   0.00000,   0.00000,   0.00000,   0.00000,   0.00000,   0.00000,   0.00000,   0.00000,   0.00000,   0.00000,   0.00000,   0.00000
   0.00000,   0.00000,   0.00000,   0.00000,   0.00000,   0.00000,   0.00000,   0.00000,   0.00000,   0.00000,   0.00000,   0.00000,   0.00000,   0.00000,   0.00000,   0.00000,   0.00000,   0.00000,   0.00000,   0.00000,   0.00000,   0.00000,   0.00000,   0.00000,   0.00000
   0.00000,   0.00000,   0.00000,   0.00000,   0.00000,   0.00000,   0.00000,   0.00710,   0.00880,   0.02960,   0.21430,   0.02270,   0.05110,   0.04560,   0.20670,   0.00720,   0.00710,   0.00710,   0.00720,   0.00710,   0.00710,   0.00710,   0.00710,   0.00710,   0.00720
   0.00000,   0.00000,   0.00000,   0.00000,   0.00000,   0.00000,   0.00000,   0.00000,   0.00000,   0.00000,   0.01470,   0.00000,   0.00000,   0.00000,   0.00000,   0.00000,   0.00000,   0.00000,   0.00000,   0.00000,   0.00000,   0.00000,   0.00000,   0.00000,   0.00000
   0.00000,   0.06310,   0.21550,   0.00000,   0.30370,   0.00000,   0.00000,   0.00000,   0.00000,   0.00000,   0.00000,   0.00000,   0.00000,   0.00000,   0.00000,   0.00000,   0.00000,   0.00000,   0.00000,   0.00000,   0.00000,   0.00000,   0.00000,   0.00000,   0.00000
   0.00000,   1.21030,   1.03620,   0.58020,   1.53480,   0.72510,   0.37670,   0.00000,   0.00000,   0.00000,   0.00000,   0.00000,   0.00000,   0.00000,   0.00000,   0.00000,   0.00000,   0.00000,   0.00000,   0.00000,   0.00000,   0.00000,   0.00000,   0.00000,   0.00000
   0.00000,   0.29450,   0.05260,   0.41020,   0.22000,   0.38900,   0.31200,   0.00000,   0.00000,   0.00000,   0.00000,   0.00000,   0.00000,   0.00000,   0.00000,   0.00000,   0.00000,   0.00000,   0.00000,   0.00000,   0.00000,   0.00000,   0.00000,   0.00000,   0.00000
   0.00000,   0.00000,   0.00000,   0.00000,   0.00000,   0.00000,   0.00000,   0.00000,   0.00000,   0.00000,   0.00000,   0.00000,   0.00000,   0.00000,   0.00000,   0.00000,   0.00000,   0.00000,   0.00000,   0.00000,   0.00000,   0.00000,   0.00000,   0.00000,   0.00000
   0.00000,   0.00000,   0.00000,   0.00000,   0.00000,   0.00000,   0.00000,   0.00000,   0.00000,   0.00000,   0.00000,   0.00000,   0.00000,   0.00000,   0.00000,   0.00000,   0.00000,   0.00000,   0.00000,   0.00000,   0.00000,   0.00000,   0.00000,   0.00000,   0.00000
   0.00000,   0.00000,   0.00000,   0.00000,   0.00000,   0.00000,   0.06980,   0.00000,   0.00000,   0.00100,   1.01960,   0.00000,   0.01010,   0.09620,   0.00000,   0.03340,   0.00090,   0.00000,   0.08390,   0.03580,   0.00000,   0.00260,   0.00000,   0.00000,   0.07480
   0.00000,   0.67700,   0.06600,   0.00000,   0.28930,   0.00000,   0.04010,   0.00000,   0.00000,   0.00140,   0.04270,   0.00000,   0.02260,   4.85780,  14.49610,   0.12590,   0.00000,   0.00000,   0.00000,   0.00040,   0.00000,   0.00080,   0.00000,   0.00000,   0.17670
   0.08880,   8.49470,   1.61110,   0.00000,   2.06490,   0.00000,   4.41540,   0.03630,   0.01980,   0.00000,   0.00480,   0.00080,   0.10230,   0.00000,   0.22250,   0.00000,   0.19900,   0.00000,   0.00350,   0.07400,   0.22420,   0.01430,   0.00000,   0.00050,   0.00000
 132.99361, 569.58820,   1.62690,  28.07960,  37.93440,   0.94710, 181.76019, 126.39240, 548.01288, 108.27130, 137.15739, 394.67981, 183.28590, 214.18280, 331.11539,  66.04170, 251.08611,  63.73160,  50.14310, 189.55620, 748.18292,  99.56020, 154.35150, 173.92509,  66.40070
 159.34750,5244.22021, 750.32239, 552.22101,1148.10754,1100.29126, 703.60040, 373.01639, 185.81290, 393.34341,  83.54750, 550.29260, 336.20300, 211.12910, 589.30762,  69.98050, 327.10339, 509.38800, 139.30280, 693.17999, 764.82440, 331.08551, 215.84979, 812.67059,  90.95940
 274.79630, 164.03999, 242.61760,  87.24360, 196.46710, 946.74408, 226.55650,  36.02530,  45.92330, 161.94099,  20.05580,   4.51190, 113.19770,  79.03120, 249.27679,  90.65480, 110.09120, 159.36130,  18.54290, 196.60970,  16.53930,  41.65830, 172.21539, 278.88629,  97.31650
   0.00000,  18.35960,  12.59260,  56.28500,  55.30220,  23.94640,  56.92910,   0.03560,  29.77320,   2.27760,   0.84490,   6.73420,   2.28440,  30.78440,   8.46170,   0.10040,  10.93650,   0.11890,   0.34620,   1.25600,  22.15270,   0.02580,  36.30320,   1.59020,   0.00590
  60.74560,  28.41700,  22.62970,  90.01620,  58.04120,  27.05350,  40.48070,   1.20260, 233.23039,   5.75830,  55.18730,   1.57660,   4.90170,  36.87650, 209.97160,   0.02470, 267.22601,   0.41070,   4.30600,   0.31000,   0.24720,   0.00290,  23.27770, 145.20560,   0.00520
 220.91530, 128.81480,  96.88260, 292.69769, 253.95280, 221.17490, 123.07830,  61.53820,  35.77270,  26.10730,1037.75037,   5.85290,  20.38000, 101.47700, 107.31960,   1.13810,   4.06020,   0.47320, 298.10440,   1.72160,   2.81220,   5.08160,  42.28930, 196.88470,   0.21770
2035.07739, 112.20900, 618.55341, 190.64420, 140.94730, 172.44611, 228.11501,   5.27920,  42.63280, 185.26120, 656.50250, 706.73608, 177.21390, 182.26180, 163.43990,  62.31620,   8.73480,  45.27280, 354.59940, 247.30341, 287.44400,  30.06070, 119.74620,  16.21150,  65.47730
1733.96875, 421.82401, 758.00061, 436.99979, 456.71381, 255.35130, 813.90930,1339.12219, 588.06720,2019.91663, 452.23141,4325.29785,1656.92200,1173.90430,1180.70398,2356.97705, 508.23279,2594.73438,1533.09375,4478.71484,2208.19507, 938.47461,1477.20422, 847.79218,1633.64001
2261.58862, 442.85440, 747.78400, 717.93689, 822.15997, 559.55591,1054.31775,2480.47192, 709.09137,1136.45422, 672.38562,  27.57490, 890.25122, 938.49988,1076.76318,2743.15820, 978.33630,1898.97986,1552.82788, 880.25983,1600.62134,1033.46753,1182.48132,1115.15405,1528.94519
1688.01917, 402.42340, 320.50281, 466.68420, 467.64389, 289.16260,1071.12134,1249.82019, 717.55499,1431.21655, 495.37061,  11.47730, 336.87381, 620.77863, 668.63171, 440.88480, 447.54639,1397.73560, 851.42627, 314.18729,1781.07556, 281.90359, 479.61121, 390.68951, 257.13260
2261.58862, 801.10101, 397.70569,2294.07056,1742.80334, 931.50549,1023.97119, 916.92151, 551.83521, 912.62128, 755.05768, 847.08588, 235.95551,2046.87622,1590.24280, 386.95041, 541.66779, 999.76947, 754.74139, 860.78900, 650.79340, 264.23770,1996.04834,1449.11816, 384.66000
1688.01917, 617.24323, 227.01640, 838.54303, 233.62480, 402.42941, 304.39020, 339.30170,  86.22840, 511.84161, 242.86169, 213.49091, 100.38270, 993.31561, 174.46651, 208.85060, 165.94279, 534.83539, 211.02029, 412.09479, 517.13959, 200.79680, 867.40540, 326.01431, 201.76939
 146.32970, 659.45282, 159.09531, 220.05310, 102.19120, 187.18440, 264.33109, 246.97000,  40.10070, 278.82861,  86.98550, 297.20160,  68.63120, 491.53641, 165.69000, 836.64392, 216.11000, 490.58069, 140.80910, 444.74149,1058.46802, 121.43970, 422.96481, 245.07640, 843.86401
 397.45810, 572.40302, 229.08121, 216.50079, 141.82710, 221.90610, 269.61481, 251.29539,  81.40420, 853.65039, 141.26579, 348.79910,  77.38000, 305.08780,  78.39960, 625.83301, 147.60339,1076.82861, 209.76961, 344.31281,1121.86560, 145.23280, 228.39590,  97.08820, 589.45258
1753.64465, 213.14740, 275.07861, 190.20100, 145.31650, 264.37720, 238.71359, 127.85340,  12.25810, 258.32520,  97.82540, 106.06300,  63.04830,  50.55070,  11.54440, 102.51140,  44.49870, 200.73590, 140.02879, 102.44270, 200.75760,  72.16940,  73.94350,  69.48230,  70.74860
1369.02112, 131.17310, 105.18130,  52.59440,  37.73490,  55.44700,  51.69530,  44.97120,   5.75080,  24.37410,   5.50880,   5.92920,  32.39710,  39.22250,   6.36220, 206.87300,  50.46710,  56.86530,  58.96480,  14.94500, 126.89200,  85.17830, 110.62790,  41.99550, 244.68710
  56.43130,  11.14450,   5.85020,   7.56260,   0.69910,  34.48330,   5.93040,  64.90580,  28.64570,   2.46230,  83.44740,  32.22950,   5.36880, 195.41760,  14.59430,  74.72760,  82.58210,  20.55720,  53.90110, 116.22430, 168.70010,  20.13840, 227.26221,  12.65240, 118.77590
   2.15910,  11.74470,   4.35080,  28.49760,   4.92140,   8.74930,  23.61860, 141.23820,  26.32540,  37.44480, 124.57950,   4.25830,   1.87840,  67.29440,  14.01760,   0.75650, 140.20061, 115.81950,  19.33200,  95.46990, 116.01850,  58.93790,  80.61880,   3.68390,   1.90930
  21.96710,   3.81160,  39.05790,   6.91070,  29.27370,  28.86920,  27.44050, 117.95300,  28.17770,  56.37420,  99.88560,   9.67460,   6.53260,  82.87260,   3.25690,   1.52890,  39.21760,  74.13750, 208.46750,  37.47340, 334.35190,  34.70360,  73.37820,  14.05860,   2.33750
  30.92740,  18.10970,  26.94850,   1.33770,   2.52360,  38.99720,  49.86660,  69.21510,  23.14330,   1.46510,  32.77990,   6.34330,   0.30650,   5.37760,  10.83020,  13.63670, 158.42570,  16.62890,  91.52770,  24.86060,  60.08440,   2.78620,  46.88270,   8.68040,   2.69550
  21.96710,   5.17850,   7.08840,   0.01240,   2.89350,   0.00530,   0.45360,   0.25690,   1.39970,   4.64740,   3.11510,   3.13400,  15.27200,   1.81100,   4.86620,   0.12930,   0.69700,   0.32350,   3.14020,   0.52620,   5.42480,   3.47020,   0.24230,   5.03750,   0.10670
  30.92740, 133.93260, 112.67810,  15.46510,  44.76540,  15.92120,  44.85680,  12.26980,   4.40690,  38.92920,  22.68240,   4.97460,  81.62770,   0.73260,  23.55270,  20.28380,   6.39030,  28.60280,  34.34260,   5.37820,  47.29790,  67.54270,   4.30270,  12.18710,  13.56280
   9.73200,  32.52160,  74.93550,  24.35520,  47.24530,  28.74640,  57.46120,  44.09530,  12.05990,  43.51410,   1.74060,  42.29640,  78.46260,   0.35660,  25.31810,  23.73710,  31.59350,  34.71260,  18.61970,  49.12310,  39.16390,  66.30700,   6.33870,  29.80810,  24.52710
   0.00000,   0.03990,   0.20040,   0.06750,   0.20400,   0.03310,   0.40120,  11.95110,   9.65220,   2.83560,   0.60130,   3.82100,  14.56750,   0.43250,  12.68790,   1.34660,  19.47730,   3.93320,   3.78760,  10.05810,  18.24170,   7.82180,  10.46010,  24.93660,   1.49880
   0.00000,   0.00880,   0.17070,   0.01210,   0.03080,   0.00380,   0.00830,   0.34710,   0.01480,   0.01090,   0.00000,   0.00950,   0.01400,   0.00870,   0.02190,   0.00000,   0.83750,   0.00150,   0.62450,   0.52970,   0.00020,   0.47600,   0.04240,   0.14560,   0.00000
   0.00000,   0.00000,   0.00010,   0.00000,   0.00000,   0.00000,   0.00000,   0.00000,   0.00000,   0.00000,   0.00000,   0.00000,   0.00000,   0.00000,   0.00000,   0.00000,   0.00000,   0.00000,   0.00000,   0.00000,   0.00000,   0.00000,   0.00000,   0.00000,   0.00000
   0.00000,   0.00000,   0.00000,   0.00000,   0.01790,   0.00000,   0.00000,   0.00760,   0.00000,   0.00090,   0.00000,   0.00000,   0.00650,   0.00000,   0.00000,   0.00000,   0.00000,   0.00000,   0.00000,   0.00000,   0.00000,   0.24550,   0.00000,   0.00000,   0.00000
   0.00000,   0.00000,  20.55080,   0.00440,   0.01740,   0.05210,   0.30490,   0.01150,   0.00000,   0.00000,   0.03950,   0.00000,   0.00760,   0.00000,   0.05630,   0.00000,   0.00000,   0.00000,   0.16940,   0.00000,   0.00000,   0.07780,   0.00000,   0.00000,   0.00000
  11.08560,   0.51680, 356.21881,   0.15590,   1.64070,   5.80190,   4.96240,   0.00000,   0.00000,   0.00000,   0.33820,   0.00000,   0.01630,   0.00000,   0.02120,   0.11130,   0.00000,   0.00000,   6.83610,   0.00000,   0.00000,   0.35720,   0.00000,   0.00000,   0.00000
   0.36380,   0.00950,   0.00020,   0.02100,   0.00960,   0.71930,   0.00860,   0.10170,   0.00000,   0.00000,   0.00450,   0.00000,   0.00990,   0.00000,   0.00000,   0.05810,   0.19640,   0.00000,  20.27270,   0.00000,   3.71550,   0.08400,   0.00000,   0.00300,   0.00000
  11.08560,   0.00000,   0.00870,   0.00000,   0.00030,   0.00000,   0.00000,   0.00000,   0.00030,   0.00030,   0.00000,   0.00100,   0.00100,   0.00000,   0.00040,   0.00000,   0.00000,   0.00000,   0.00000,   0.00000,   0.00000,   0.00000,   0.00000,   0.00000,   0.00000
   0.36380,   0.00000,   0.00000,   0.00000,   0.00000,   0.00000,   0.00000,   0.00000,   0.00000,   0.00000,   0.00000,   0.00000,   0.00000,   0.00000,   0.00000,   0.00000,   0.00000,   0.00000,   0.00000,   0.00000,   0.00000,   0.00000,   0.00000,   0.00000,   0.00000
   0.90880,   0.00000,   0.00000,   0.00000,   0.00000,   0.00000,   0.00000,   0.00000,   0.00000,   0.00000,   0.00000,   0.00000,   0.00000,   0.00000,   0.00000,   0.00000,   0.00000,   0.00000,   0.00000,   0.00000,   0.00000,   0.00000,   0.00000,   0.00000,   0.00000
   0.00000,   0.04220,   0.07650,   0.00230,   0.02140,   0.01450,   0.03840,   0.00000,   0.00000,   0.00000,   0.00000,   0.00000,   0.00000,   0.00000,   0.00000,   0.00000,   0.00000,   0.00000,   0.00000,   0.00000,   0.00000,   0.00000,   0.00000,   0.00000,   0.00000
   0.00000,   0.07520,   0.06160,   0.01740,   0.07340,   0.07210,   0.07480,   0.00000,   0.00000,   0.00000,   0.00000,   0.00000,   0.00000,   0.00000,   0.00000,   0.00000,   0.00000,   0.00000,   0.00000,   0.00000,   0.00000,   0.00000,   0.00000,   0.00000,   0.00000
   0.00000,   0.00000,   0.00000,   0.00000,   0.00000,   0.00000,   0.00000,   0.00000,   0.00000,   0.00000,   0.00000,   0.00000,   0.00000,   0.00000,   0.00000,   0.00000,   0.00000,   0.00000,   0.00000,   0.00000,   0.00000,   0.00000,   0.00000,   0.00000,   0.00000
   1.23590,   0.00000,   0.00000,   0.00020,   0.38510,   0.21200,   1.89110,   0.00000,   0.00000,   0.00000,   0.00000,   0.00000,   0.00000,   0.00000,   0.00030,   0.00000,   0.04090,   0.00070,   0.00040,   0.00000,   0.33570,   0.00000,   0.00000,   0.00000,   0.00000
   0.00000, 104.21550,   5.00800,   0.34190,  64.66260, 160.45480,  70.20870,   0.40080,   0.75250,   0.86800,   8.61750,   0.00000,   1.18640,   0.06410,  10.68530,   0.00000,   6.36760,   0.09640,   4.38730,   1.06660,   0.08890,   9.03600,   0.00140,  11.38660,   0.00000
   0.00000,  66.61690, 194.07660,  22.09060,   0.00790,  97.57180,   0.74770, 509.90851,   2.73560, 487.56281, 568.72040,   5.86420, 163.51711, 147.85809, 483.89319,  21.25650,  75.49470,1411.72827,  20.60700, 215.97250,  61.30300, 243.80110, 209.72391, 824.86499,  88.42780
   0.00000,   0.31090,   0.00050,   0.00000,   0.00000,   0.00000,   0.00000, 123.86230,   0.49550,  48.16080,   9.42240,   9.31420,  10.55200,  17.48080,   0.01750,  68.85630, 110.27660, 453.75540,   4.08600, 124.41410,   0.12560,  28.37550,  23.58780, 396.19421,  51.63540
   0.00000,   8.93720, 934.34949, 286.67050,1692.47925,  38.67070, 558.09021, 139.78540, 493.69299,   9.84470, 650.15240,  12.24600,  20.06810, 451.17679, 516.21899,   5.44550, 518.96100,  43.66800, 266.32669,  18.91260,  26.28630, 179.56171, 242.76860, 386.69540,   4.69270
   0.00000,   0.00000,  24.95000,  14.51080, 124.02690,   5.15620, 275.91370,  18.63570, 685.85138,   0.73930, 268.72400,   0.30380,   0.74000, 739.92639, 289.92609,   1.11280,  32.27570,   4.96110,  45.06480,   4.22780,  77.06540,   4.31110, 102.27750,  37.75860,   0.40150
   0.33430,   0.00000,   0.00000,   0.00000,   0.00000,   0.00000,   0.00000,   0.00510,   0.00000,   0.00070,   0.09190,   0.00000,   0.00000,   0.25130,   0.00000,   0.28380,   0.00000,   0.00000,   0.35260,   1.55200,   0.00000,   0.00000,   0.00020,   0.00000,   0.03000
   0.11940,   0.31640,   0.44760,   0.35840,   0.38640,   0.30150,   0.22300,   0.00000,   0.00000,   0.00000,   0.00000,   0.00000,   0.00000,   0.00000,   0.00000,   0.00000,   0.00000,   0.00000,   0.00000,   0.00000,   0.00000,   0.00000,   0.00000,   0.00000,   0.00000
   0.00000,   0.13690,   0.24230,   0.13490,   0.25790,   0.19510,   0.13150,   0.00000,   0.00000,   0.00070,   0.00000,   0.00000,   0.00000,   0.00370,   0.00020,   0.00000,   0.00000,   0.00000,   0.00000,   0.00000,   0.00000,   0.00000,   0.05600,   0.00000,   0.00020
   0.00000,   0.00000,   0.00000,   0.00000,   0.00000,   0.00000,   0.00000,   0.00000,   0.00000,   0.03920,   0.00000,   0.00000,   0.00250,   0.00000,   0.00000,   0.00000,   0.00000,   0.00000,   0.00000,   0.00000,   0.00000,   0.00000,   0.00230,   0.00000,   0.01830
   0.00000,   0.00000,   0.00000,   7.82040,   0.00000,   0.00000,   0.00000,   0.75530,   0.00100,   0.04780,   7.06170,   0.00000,   1.50840,  16.02520,   0.00000,   0.26500,   0.00000,   1.38420,   1.43230,   0.00070,   0.01330,   0.00000,  34.49320,   0.04000,   0.56210
   0.00000, 207.72420, 352.97519,  20.97100, 306.34570, 742.24768, 687.15869, 147.95470,  28.14760,  73.47060, 533.85339,  73.89780,  91.55720, 322.43909, 357.32281, 134.11630,  15.47920,  88.33180, 102.32900,   2.51600,   8.49590,  76.26690,  48.45450, 201.22881, 303.75339
   0.00000,   2.61610, 183.36690,   5.40650, 997.13641, 335.72549, 361.73029, 325.49640, 740.20740,  13.54570, 790.78650,1388.73560, 117.00780, 608.84460, 373.56140, 230.74561,1041.98633,  61.37160, 575.20068, 160.53180, 399.31711, 130.65849, 101.59150, 248.73981, 631.79449
   0.00000,   0.00000,   0.00000,   0.29480,   0.06140,   1.59270,   0.00000, 129.99280,1941.35278,   0.00000, 172.38940, 987.34277,   8.35710,   5.01540,  30.12250,  90.23980,1946.15564,   0.08500, 136.86169,  97.54460, 816.24719,   2.01520,  10.72750, 266.48730, 145.96390
