 131.91370,   0.00000,   0.00000,  67.44020,  68.21080,  66.02330, 236.06560, 220.92430, 118.76660,  71.58410,  18.93720,  24.80050,   0.00000,   0.00000,   4.02590,  20.45250,  47.87200, 117.74810,   0.00000,  39.73050,  47.57800,   0.00000, 185.61040,  88.37330,   0.00000,   0.00000,   0.00000, 150.23759,   0.00000, 118.34150, 102.11610,   0.00000,   0.00000,  13.92840,   0.00000, 471.10721,   0.00000,   0.00000,   0.00000,   0.00000,   0.00000, 184.80251,   0.00000, 281.61911,   0.00000, 112.39260,  26.82790, 215.24300,   0.00000,   0.00000,   0.00000
   0.01230,   0.00000,   0.00000,   0.00010,   0.04610,   0.00090,   0.09840,   0.06880,   0.03380,   0.16070,   0.01760,   0.00000,   0.00000,   0.00000,   0.00000,   0.00010,   0.00090,   0.00750,   0.00000,   0.00040,   0.01300,   0.00000,   0.08600,   0.03160,   0.00000,   0.00000,   0.00000,  10.39690,   0.00000,   2.04220,   0.02210,   0.00000,   0.00000,   0.12170,   0.00000,   7.91280,   0.00000,   0.00000,   0.00000,   0.00000,   0.00000,   1.42210,   0.00000,   7.73750,   0.00000,  12.23230,   0.00120,   9.97390,   0.00000,   0.00000,   0.00000
   0.00000,   0.00000,   0.00000,   0.00000,   0.00000,   0.00000,   0.00000,   0.00000,   0.00000,   0.00000,   0.00000,   0.00000,   0.00000,   0.00000,   0.00000,   0.00000,   0.00000,   0.00000,   0.00000,   0.00000,   0.00000,   0.00000,   0.00000,   0.00000,   0.00000,   0.00000,   0.00000,   0.00000,   0.00000,   0.00000,   0.00000,   0.00000,   0.00000,   0.00000,   0.00000,   0.00000,   0.00000,   0.00000,   0.00000,   0.00000,   0.00000,   0.00000,   0.00000,   0.00000,   0.00000,   0.00000,   0.00000,   0.00000,   0.00000,   0.00000,   0.00000
   0.00000,   0.00000,   0.00000,   0.00000,   0.00000,   0.00000,   0.00000,   0.00000,   0.00000,   0.00000,   0.00000,   0.00000,   0.00000,   0.00000,   0.00000,   0.00000,   0.00000,   0.00000,   0.00000,   0.00000,   0.00000,   0.00000,   0.00000,   0.00000,   0.00000,   0.00000,   0.00000,   0.00000,   0.00000,   0.11910,   0.00000,   0.00000,   0.00000,   0.00000,   0.00000,   0.00000,   0.00000,   0.00000,   0.00000,   0.00000,   0.00000,   0.00000,   0.00000,   0.00000,   0.00000,   0.00000,   0.00000,   0.00000,   0.00000,   0.00000,   0.00000
   0.00000,   0.00000,   0.00000,   0.00000,   0.00000,   0.00000,   0.00000,   0.00000,   0.00000,   0.00000,   0.00000,   0.00000,   0.00000,   0.00000,   0.00000,   0.00000,   0.00000,   0.00000,   0.00000,   0.00000,   0.00000,   0.00000,   0.00000,   0.00000,   0.00000,   0.00000,   0.00000,   0.00000,   0.00000,   0.03490,   0.00000,   0.00000,   0.00000,   0.00000,   0.00000,   0.00000,   0.00000,   0.00000,   0.00000,   0.00000,   0.00000,   0.00000,   0.00000,   0.00000,   0.00000,   0.00000,   0.00000,   0.00000,   0.00000,   0.00000,   0.00000
   0.00000,   0.00000,   0.00000,   0.00000,   0.00000,   0.00000,   0.00000,   0.00000,   0.00000,   0.00000,   0.00000,   0.00000,   0.00000,   0.00000,   0.00000,   0.00000,   0.00000,   0.00000,   0.00000,   0.00000,   0.00000,   0.00000,   0.00000,   0.00000,   0.00000,   0.00000,   0.00000,   0.00000,   0.00000,   0.00000,   0.00000,   0.00000,   0.00000,   0.00000,   0.00000,   0.00000,   0.00000,   0.00000,   0.00000,   0.00000,   0.00000,   0.00000,   0.00000,   0.00000,   0.00000,   0.00000,   0.00000,   0.00000,   0.00000,   0.00000,   0.00000
   0.01690,   0.00000,   0.00000,   0.00190,   5.79870,   0.00000,   0.00020,   0.05070,   1.35620,   0.02500,   1.30980,   0.00000,   0.00000,   0.00000,   0.00000,   0.00000,   0.00190,   0.06010,   0.00000,   0.00000,   0.00000,   0.00000,   1.66680,   0.00080,   0.00000,   0.00000,   0.00000,   5.66600,   0.00000,  14.99340,   2.13230,   0.00000,   0.00000,   0.00000,   0.00000,   0.83460,   0.00000,   0.00000,   0.00000,   0.00000,   0.00000,   6.96650,   0.00000,   2.66500,   0.00000,  18.63900,   0.01020,   0.20680,   0.00000,   0.00000,   0.00000
  11.99210,   0.00000,   0.00000,   0.38170,  23.29510,  30.91360,   0.01210,  85.15990,  40.05920,  50.52760,  25.56810,   0.00000,   0.00000,   0.00000,   0.00170,   0.01770,   1.18900,   1.54250,   0.00020,   0.02630,   7.01850,   0.00000,  10.03620,   0.70730,   0.00000,   0.00000,   0.00000,  27.42890,   0.00000,  27.11970,  53.30950,   0.00000,   0.00000,   0.00000,   0.00410,   1.13470,   0.00000,   0.00000,   0.00000,   0.00000,   0.00000,  70.43150,   0.00000,  11.40250,   0.00000,  39.18440,   1.19580,   1.04220,   0.00000,   0.00000,   0.00000
   2.22370,   0.00000,   0.00000,   1.67180,   0.55090,  10.48520,   0.00120,  35.77740,   1.46600,  19.54130,   0.32410,   0.00000,   0.00000,   0.00000,   0.00000,   0.00000,   2.15340,   0.79580,   0.00000,   0.03860,   2.74320,   0.00000,   0.41170,   0.00040,   0.00000,   0.00000,   0.00000,   1.60050,   0.00000,   1.85820,   6.12810,   0.00000,   0.00000,   0.00000,   0.00000,   0.00610,   0.00000,   0.00000,   0.00000,   0.00890,   0.00000,  21.75200,   0.00000,   0.18670,   0.00000,   1.76920,   0.00130,   0.00000,   0.00000,   0.00000,   0.00000
   0.00250,   0.00000,   0.00000,   0.00000,   0.00000,   0.01250,   0.03020,   0.05700,   0.00900,   0.00000,   0.00000,   0.00000,   0.00000,   0.00000,   0.00000,   0.00000,   0.00000,   2.81420,   0.00000,   0.00220,   0.00320,   0.00000,   0.99780,   0.00000,   0.00000,   0.00040,   0.00000,   0.00000,   0.00000,   0.76490,   0.00390,   0.00000,   0.00000,   0.00000,   0.00000,   0.01260,   0.00000,   0.00000,   0.00000,   0.00000,   0.00000,   0.03450,   0.00000,   0.00000,   0.00000,   0.00000,   0.00000,   0.00000,   0.00000,   0.00000,   0.00000
   0.00000,   0.00000,   0.00000,   0.00000,   0.00000,   0.00050,   0.02360,   0.00000,   0.07930,   0.00000,   0.00000,   0.51080,   0.00000,   0.00000,   0.00000,   0.00000,   0.00000,   0.00880,   0.00000,   0.07000,   0.00000,   0.00000,   0.00000,   0.00000,   0.00000,   0.00000,   0.00000,   0.00020,   0.00000,   0.00000,   0.26390,   0.09670,   0.00000,   0.00080,   0.00000,   0.97590,   0.00000,   0.00000,   0.00000,   0.00000,   0.39930,   0.94250,   0.00000,   0.00010,   0.00000,   0.19170,   0.51850,   0.00000,   0.00000,   0.00000,   0.00000
   0.00000,   0.00000,   0.00000,   0.00000,   0.00000,   0.00000,   0.00050,   0.00000,   0.00770,   0.00000,   0.00000,   0.00000,   0.00000,   0.00000,   0.00000,   0.00000,   0.00000,   0.00000,   0.00000,   0.00000,   0.00000,   0.00000,   0.00020,   0.00000,   0.00000,   0.00000,   0.00000,   0.00000,   0.00000,   0.00030,   0.04060,   0.00000,   0.00000,   0.00000,   0.00000,   0.00000,   0.00000,   0.00000,   0.00000,   0.00000,   0.00000,   0.00000,   0.00000,   0.00000,   0.00000,   0.00000,   0.00000,   0.00000,   0.00000,   0.00000,   0.00000
   0.00000,   0.00000,   0.00000,   0.00000,   0.00000,   0.00000,   0.00000,   0.00000,   0.00000,   0.00000,   0.00000,   0.00000,   0.00000,   0.00000,   0.00000,   0.00000,   0.00000,   0.00000,   0.00000,   0.00000,   0.00000,   0.00000,   0.00000,   0.00000,   0.00000,   0.00000,   0.00000,   0.00000,   0.00000,   0.00000,   0.00000,   0.00000,   0.00000,   0.00000,   0.00000,   0.00000,   0.00000,   0.00000,   0.00000,   0.00000,   0.00000,   0.00000,   0.00000,   0.00000,   0.00000,   0.00000,   0.00000,   0.00000,   0.00000,   0.00000,   0.00000
   0.00000,   0.00000,   0.00000,   0.00000,   0.00000,   0.00000,   0.00000,   0.00000,   0.00000,   0.00000,   0.00000,   0.00000,   0.00000,   0.00000,   0.00000,   0.00000,   0.00000,   0.00000,   0.00000,   0.00000,   0.00000,   0.00000,   0.00000,   0.00000,   0.00000,   0.00000,   0.00000,   0.00000,   0.00000,   0.00000,   0.00000,   0.00000,   0.00000,   0.00000,   0.00000,   0.00000,   0.00000,   0.00000,   0.00000,   0.00000,   0.00000,   0.00000,   0.00000,   0.00000,   0.00000,   0.00000,   0.00000,   0.00000,   0.00000,   0.00000,   0.00000
   0.00000,   0.00000,   0.00000,   0.00000,   0.00000,   0.00000,   0.00000,   0.00000,   0.00000,   0.00000,   0.00000,   0.00000,   0.00000,   0.00000,   0.00000,   0.00000,   0.00000,   0.00000,   0.00000,   0.00000,   0.00000,   0.00000,   0.00000,   0.00000,   0.00000,   0.00000,   0.00000,   0.00000,   0.00000,   0.00000,   0.00000,   0.00000,   0.00000,   0.00000,   0.00000,   0.00000,   0.00000,   0.00000,   0.00000,   0.00000,   0.00000,   0.00000,   0.00000,   0.00000,   0.00000,   0.00000,   0.00000,   0.00000,   0.00000,   0.00000,   0.00000
   0.00000,   0.00000,   0.00000,   0.00000,   0.00000,   0.00000,   0.00000,   0.00000,   0.00000,   0.00000,   0.00000,   0.00000,   0.00000,   0.00000,   0.00000,   0.00000,   0.00000,   0.00000,   0.00000,   0.00000,   0.00000,   0.00000,   0.00000,   0.00000,   0.00000,   0.00000,   0.00000,   0.00000,   0.00000,   0.00000,   0.00000,   0.00000,   0.00000,   0.00000,   0.00000,   0.00000,   0.00000,   0.00000,   0.00000,   0.00000,   0.00000,   0.00000,   0.00000,   0.00000,   0.00000,   0.00000,   0.00000,   0.00000,   0.00000,   0.00000,   0.00000
   0.00000,   0.00000,   0.00000,   0.00000,   0.00000,   0.00000,   0.00000,   0.00000,   0.00000,   0.00000,   0.00000,   0.00000,   0.00000,   0.00000,   0.00000,   0.00000,   0.00000,   0.00000,   0.00000,   0.00010,   0.00000,   0.00000,   0.00000,   0.00000,   0.00000,   0.00000,   0.00000,   0.00000,   0.00000,   0.00000,   0.00000,   0.00000,   0.00000,   0.00000,   0.00000,   0.00000,   0.00000,   0.00000,   0.00000,   0.00000,   0.00000,   0.00000,   0.00000,   0.00000,   0.00000,   0.01550,   0.00000,   0.00000,   0.00000,   0.00000,   0.00000
   0.62000,   0.00000,   0.00000,   0.00000,   0.00000,   0.00420,   0.00000,   0.00300,   0.00000,   0.00000,   0.00000,   0.00000,   0.00000,   0.00000,   0.00000,   0.01460,   0.00000,   0.21390,   0.00000,   0.01050,   0.00000,   0.00000,   0.66480,   0.00000,   0.00000,   0.00000,   0.00000,   0.32180,   0.00000,   0.14880,   0.18780,   0.00000,   0.00000,   0.00000,   0.00000,   0.00000,   0.00000,   0.00000,   0.00000,   0.00000,   0.00000,   0.00000,   0.00000,   0.00000,   0.00000,   0.32830,   0.00000,   0.00000,   0.00000,   0.00000,   0.00000
   1.33970,   0.00000,   0.00000,   0.00000,   0.00000,   0.14470,   0.00010,   0.12280,   0.00000,   0.00000,   0.00240,   0.00000,   0.00000,   0.00000,   0.00000,   0.00340,   0.00000,   0.15600,   0.00000,   0.13140,   0.00000,   0.00000,   0.00000,   0.00010,   0.00000,   0.00000,   0.00000,   3.56810,   0.00000,   0.29710,   0.00000,   0.00000,   0.00000,   0.00000,   0.00000,   0.00000,   0.00000,   0.00000,   0.00000,   0.00000,   0.00000,   0.01050,   0.00000,   0.00000,   0.00000,   0.00000,   0.00000,   0.00000,   0.00000,   0.00000,   0.00000
   0.17510,   0.00000,   0.00000,   0.00000,   0.00000,   0.10290,   0.00690,   4.79430,   0.00650,   0.00000,   0.00000,   0.00000,   0.00000,   0.00000,   0.00000,   0.00000,   0.00000,   0.01570,   0.00000,   0.00010,   0.00000,   0.00000,   0.04020,   0.00000,   0.00000,   0.00000,   0.00000,   0.06260,   0.00000,   0.02720,   0.21180,   0.00000,   0.00000,   0.00000,   0.00000,   0.00000,   0.00000,   0.00000,   0.00000,   0.00000,   0.00000,   0.15100,   0.00000,   0.00000,   0.00000,   0.00020,   0.00000,   0.00000,   0.00000,   0.00000,   0.00000
 761.43958,1525.68359,1155.38025, 933.48792, 449.99100, 780.47980,1193.59595, 743.14771, 723.86572, 510.68539, 219.69119, 824.13580,1361.66260, 889.87457, 201.83040, 279.23929, 592.32220, 871.53961,  42.19940, 741.28992, 560.70001,1780.71863, 826.61841, 861.49530, 250.54289,   0.84690,   0.15670, 741.69177,1690.19495, 698.12549, 913.89478,1649.90723,1056.51953,   2.20130,  26.19230, 961.62842, 748.70660,  31.79310,1369.93701,  20.72640,1463.74341, 639.82050,  17.95840, 620.49951,  28.95580, 917.52301,1097.22156,1362.69873,1464.80835,   0.17350,  28.21070
 318.03781,1471.57117,2178.40405, 539.43390, 415.15469, 220.15331, 208.21320, 283.82559, 407.32089, 450.67041, 365.29080, 290.81281, 417.75101, 333.97449, 436.20319, 633.78119, 490.56021, 262.54391,  70.78300, 404.96060,2018.24780,2559.22559, 217.67979, 263.53409,1482.17761,   2.80550,  31.46250, 350.45389,1098.05090, 287.82620, 269.86929,1342.19861, 426.28940,  27.40580, 121.28320, 647.13879,1444.57825,  80.54670,2875.15479,  31.13070,1875.24805, 295.96271,  99.07020,1103.23267,  70.24210, 374.10709,3326.05591, 962.59918,2489.77979,   1.97460,  56.36440
  73.07480, 133.00130,  49.25350, 886.61890, 101.34480,  39.23020, 203.64520, 117.81320, 114.39500,  91.72160, 145.95689,  91.57670, 162.97771, 306.86401, 135.80119, 298.52521, 391.50549,  32.10040,  31.24280, 631.96661,  79.83420,  31.03310,  24.75610, 146.69020, 935.31958, 327.89191,  89.30710, 123.29720, 111.12100,  27.43880, 151.27640, 584.52991,  37.62500,  27.80730,  71.79300, 285.83261, 814.53668,  15.20920, 202.84270, 153.45599, 321.44040, 101.54250,  30.78090, 290.59250,  72.88980, 178.42780,1858.23206, 407.72729, 427.76471, 526.13123, 186.62759
  97.99270, 128.56509,   9.11490, 538.35138,  20.62210,  45.67380,  26.21390,  62.01150,  66.12960,  77.87670,  15.50330, 126.85730,  31.60910, 471.16940, 106.63520, 176.40221, 167.54201,  40.60720,  30.76240, 342.77481, 198.53059, 156.14690,  31.09280,  74.33800,  89.03220, 390.63699,1428.06323,  39.73350,   1.77320,  29.90830,  72.25670,1188.93872, 141.43581,   0.81070,  41.06990,  17.55470, 174.85609,  30.48940, 249.59540,1335.48279, 524.18939,  56.65280,  37.46930,  59.08400,  55.90610,  39.73870, 641.26581, 137.41991, 212.11279, 512.11261,  57.42610
  52.70640,  12.11310,  22.42260, 140.84700,   8.38510,  28.72860,   3.13080,  81.52190,   8.57950,  14.68940,  71.93520,   1.84050,   8.49690,  26.31610,   2.12860,  41.79990,  90.00000,  31.48020,  36.32900,  44.09080, 359.29630, 198.84760,  31.09710,   1.98340,  10.30200,   1.97480, 125.37560,  80.36450,   2.85820,  26.95680, 133.08990, 280.31079,   1.57870,  13.96630,  55.23710,   3.26790,  94.66350,  27.63340, 114.25030, 122.40950, 275.90161,  49.09770,  62.98040,   5.75310,  58.47990, 102.55770, 600.64160, 215.14960,  56.37860,  35.64380,   0.00000
 120.09320,   5.33230,   4.95050,   4.04380, 194.42239,  54.64180,   0.10630,  87.49290, 221.49091,  34.05020, 311.23550,   0.30480,  13.31850,  17.42750,   1.87610,  19.62910,  19.85310,  25.25820,   9.80800,  22.14610, 245.77400,  22.14450,  32.10240,   0.02630,   1.72760,   0.02990,   0.78780,  51.81340,   2.23030,  13.30630,  96.50070,  35.64890,   7.61890,   0.00000,  28.70010, 100.82920,   2.69510,   7.67110,   1.56250,   0.06000,   7.88990,  13.68200,  14.92700, 113.39000,  44.88750,  58.57730,   0.96330,  14.68510,   0.02200,   0.09540,   0.00000
 107.78300, 153.99409,   0.85600,  52.45090, 221.43230, 116.90220,  18.70370, 158.33000, 298.87399,  86.99990, 427.73080,   6.09580, 146.47330,  68.13800,  39.07410,  20.95880,  32.63090,  62.96230,   1.11450,   9.54160, 330.91190,   0.31460,  84.25970,   1.59660,   4.57350,   0.00000,  21.98500,  27.22280,  15.23790,  15.27380,  64.22760,  33.51440,  78.72260,   0.00000,  11.93070,  91.83480,  24.51210,   4.99430,   7.41060,   4.17220,   4.62100,  27.03930,   4.27280,  36.48360,  25.43410,  28.67670, 391.72269,   0.66130,   0.86710,   0.00000,  17.86410
 116.18110, 295.02649,   4.99470, 178.69901, 165.81270, 148.36980, 147.45390, 336.39459, 127.33380, 245.73070,  89.63300, 193.25540, 269.02261, 324.71552, 180.75800,  50.06470, 217.17340, 137.35860,   0.00070,  42.17200, 487.48221,   0.16650, 205.33859, 210.64560, 146.18510,   0.57510, 337.46021,  37.20640,  35.07330,  10.80150, 178.59109,   5.68680, 108.53080,   0.23340,  11.43590,  62.29340, 108.22200,   0.42570,  23.49870, 163.52870,   0.87330,  20.88410,   0.64620,  37.62950,  12.92400,  12.22020,1152.28613,   4.85160,   0.28860,  33.57390,  41.63470
  82.27540,  55.38820,   1.18040, 127.03670,  12.42980, 160.94260, 216.66980,  89.30050,   4.51360,   8.67510,   2.45370, 142.07021,  68.66920,  82.47940, 277.07919,  42.34650,  60.40550, 107.75130,   0.26990,  50.40670, 156.88901,   0.00040, 259.70761, 267.53448, 334.96759,   8.60070, 119.43990,  38.55280,  31.15750,  59.72700,  69.88050,   4.20610, 152.68800,   0.00000,  38.30270,   8.47390,   5.85650,   1.93590,   1.52880, 137.10950,   0.70450,  69.83980,   2.45590,   4.26040,  49.00150,  25.90650, 415.90961,  14.92000,   0.00000,  33.36370,   0.00000
  11.32100,   0.00570,   0.55910,   0.09220,   0.57560,  17.05640,  10.30540,   2.87690,   0.41270,   0.02650,   0.10380,  50.28250,   0.00000,   0.39010,  65.38820,   0.42770,   0.43640,  10.15110,   0.00000,   1.00570,  11.64640,   0.00000,  26.81710,   3.62480,   9.70080,   0.27580,   0.00520,   9.34070,   0.02270,  33.78310,   2.60980,   0.36840,   7.65440,   0.00000,   0.00000,   3.26960,   7.90660,   0.10460,   0.00000,   0.81170,   4.36600,  53.59100,   0.11810,   0.05800,   0.60510,   2.59210,   5.27230,   0.06770,   0.00000,   0.00000,   0.00000
  80.47400,   0.00000,   0.00000,  45.63740,  43.54370,  98.36580,  84.79770, 112.28980,  63.38360,  88.85090,  81.83950, 126.76990,   0.00000,   0.00000,  67.03980,  75.33640,  57.78780,  65.20300,   1.56920,  80.52190,  78.88390,   0.00000,  66.09420,  47.73810,   0.00000,   0.94140,   0.00440,  63.58690,   0.00000,  52.40330,  99.98810,   0.18080,   0.00000,   0.01610,   3.17540,  23.46690,   0.00000,   0.78580,   0.00000,   0.00030,   2.38170,  89.39320,   1.94520,  56.59470,   1.16270,  82.50050,  57.00990,  39.75350,   0.00000,   0.00000,   0.00000
  20.48670,   0.01250,   0.00040,   1.58840,   1.18520,  13.74200,  17.14310,  18.13620,   9.32310,   6.44020,  12.78820,   1.48490,   0.00000,   0.01390,   0.25330,   1.15070,   3.48040,  25.36690,   3.33950,   9.37930,  41.60910,   0.00000,  12.05100,   5.06080,   0.00000,   0.10410,   0.00000,   1.21750,   0.00400,   0.99580,  28.83370,   0.28070,   0.00090,   0.00020,   3.62770,   0.45000,   0.00000,   1.41950,   0.00550,   0.00000,   2.31500,   2.10400,   1.30000,   0.18650,   1.50270,   2.56780,   3.68960,   0.13750,   0.00000,   0.00000,   0.00000
   5.29400,   0.00000,   0.01230,   0.94580,   0.13350,   1.82200,   0.62330,  16.41920,   0.56230,   2.00200,   0.46820,   0.00110,   0.00000,   0.00000,   0.00170,   0.11100,   0.10900,  10.10670,   1.06400,   0.13490,   9.94630,   0.00000,   0.63360,   0.22050,   0.00000,   0.00000,   0.00000,   0.33440,   0.00000,   0.02890,  13.66890,   0.00000,   0.00000,   0.00000,   1.19250,   0.07200,   0.00520,   0.16470,   0.46970,   0.00000,   0.03240,   0.07640,   0.54840,   0.01050,   0.53090,   2.22050,   1.99870,   0.05650,   0.00000,   0.00000,   0.00000
  12.05960,   0.00000,   1.27130,   1.23720,   8.31970,   2.12170,  36.66320,  16.87630,   7.47870,   0.27290,  16.05250,   0.00110,   0.00000,   0.00000,   0.01990,   0.17830,   1.65700,  26.71300,   2.07120,   0.27910,   2.83240,   0.12900,   5.25830,  30.72410,   0.16920,   0.00510,   0.00000,   2.19870,   0.00000,   0.06500,  43.05430,   0.07410,   0.00000,   0.00000,   0.84290,   0.14600,   0.44920,   0.81510,   6.13750,   0.00000,   0.04660,   0.00920,   0.26500,   0.00100,   0.11620,   8.88220,   1.26670,   0.01570,   0.00000,   0.00000,   0.00000
  43.25990,   0.38650,  93.70300, 169.77541, 283.57980,   8.59260,  95.39900,  87.50520, 264.12729,  92.76120, 149.00951,   0.00010,   0.12370,   0.00030,   0.55270,   9.61890,  47.34760,  45.39320,   2.43530,  24.71800,   4.25050, 125.22590,  45.26940,  73.56650,   0.20860,   0.00000,   0.02050,   7.93070,   0.02110,   0.18280,  88.28170,   3.18470,   0.00000,   0.00000,   2.14920,   8.37900,   5.24100,   0.47360, 295.18430,   0.00000,  62.82450,   0.12460,   0.02920,   2.02510,   0.09000,  19.47310, 240.53360,   3.14490,   2.01150,   0.00000,   0.00000
 169.20850,   1.15010,  36.70430, 531.68762, 772.06909,  29.59880,   1.09870, 168.33960, 992.61530, 210.50830,  71.53210,  62.71830,   5.57280,   0.26730,  50.29930, 446.18399, 169.15350,  16.92130,   0.15570, 559.30017, 200.09470, 187.02660,  87.78460,   0.60050,   0.31410,   0.00070,   0.05620, 168.93060,   0.00020,  18.85660,  76.53500,  47.46600,   1.20060,   3.83080,   0.53380,  96.65570,   0.93620,   0.00790, 198.97701,   0.00270, 187.16800,  12.99120,   0.00000, 164.01711,   2.38000,  20.06590,1829.83923,  43.48260,  14.10080,   0.00000,   9.68080
 751.67358,  61.63800, 813.23279,2393.92969,1172.01245, 809.58600, 242.25920,1298.58167,1251.10132, 860.04370, 432.06830, 447.08591, 195.11121,  38.75350, 341.15369, 994.61700, 378.11539, 267.01599,  96.28340,1351.43774,1990.63220, 990.31702, 654.72229,  60.74400,  52.07780,  10.42410,   5.81570,1010.12262,   8.66790, 460.36090, 851.73468, 223.41141,  33.38840, 229.46350,  32.82410, 968.54260, 126.28300,  55.05850, 208.17210,  11.07320, 494.10941, 501.87640, 120.49820,1053.24219, 909.34009, 331.54501,1504.55029, 321.52780, 197.87370,   1.33050,  21.95940
3753.08765,1841.99158,2996.24121,2920.31201,2584.31030,3389.67798,1200.90125,2103.14478,1728.34778,1380.19922,1651.60913,1692.35437, 740.23090, 750.07629,2321.04492,2077.21509, 719.41400, 799.08362, 553.15601,1213.32263,2656.87646,2041.65198,1443.99902, 461.40219,1116.75989, 493.56479, 388.12601,1319.95093, 814.51978,1114.30127, 450.81891, 936.07880, 390.25040, 687.47961, 200.81689,1506.61768,1541.14966, 344.52780,1073.83325, 419.58481,1141.30591, 856.06750, 215.73199,1567.65515, 287.82950, 449.58020,2095.40137,1069.64282, 890.56201, 312.08279,1136.45752
1773.95703, 531.31378,1210.33643, 245.34261,1726.31677,3905.77368, 955.82159, 658.84540,1177.19568, 712.14221,2306.39990,1747.84399, 531.77252,1723.18054,3558.01807,1962.62439, 672.03101, 537.76361,  97.73800, 926.15448,1349.64917,1050.52319,1624.99414, 602.25220,1395.44507, 506.60181, 820.87488, 956.55481, 547.74298,1788.65820, 298.68280,1059.31189, 972.46442,  99.68000, 303.36490, 929.00043,3688.95117, 623.94012,  28.95560,  64.95570,1413.83545,1351.79822, 119.50340,1005.58759, 113.98240, 248.04550,1900.20276, 958.78741,1305.87976, 132.36470, 263.83249
1013.35291,   7.98200, 533.61011,  27.86520, 241.35660,3077.24414, 219.58121, 334.82480, 204.07530, 193.44740, 298.23660,2265.20679, 210.55099,1203.38208,2915.47021,2335.58252,  13.57240, 134.40511,  21.66570,1133.93701, 670.23102, 590.09729, 145.97060,  76.81970,1753.13379, 107.19910,  77.82160,1201.00317,   9.79590, 109.38530, 288.37769,1015.03198, 126.91430, 577.51001, 145.10580, 478.31900,2400.91602, 280.25000,  16.04040, 780.30609,1460.30640,2136.91309, 517.97241, 643.92731, 351.75879,  24.01050,  66.10560,  82.67440, 337.35818,  50.88650,  77.21820
2479.14795,1335.56628, 558.69501, 584.58221, 501.25821,3782.96631,1120.78418,2204.83154,1391.06226, 339.29001, 226.63541,2554.96045,1122.53247,1071.40332,1107.39136, 601.35181, 346.47021,1828.47705,  75.23950,1285.50293, 557.36102, 208.21930,1808.91455, 269.67999,1710.05176, 476.89200, 883.49170,2640.35742, 322.31561,1851.41638,1313.89893,1883.37085,1043.79626,1040.88818, 774.66388,1742.39478,2321.06250,  96.99630, 245.64661, 508.48431,1531.87427,4546.78906, 590.10272, 592.07648, 773.24261, 763.22620,  59.09230, 476.98251, 617.22839, 207.99890, 263.83249
1974.55017, 384.22189,  95.04960,1318.10547,2487.54102,1600.20691, 609.84290, 593.94000,1803.02185, 977.15637,2494.90234,1836.04456, 430.72269, 401.17990,2827.96411,2577.98120,1583.92786,1106.59338, 234.29590,1842.65515, 468.20300, 175.63100,2709.99854,1242.97131,1233.35962, 261.51901, 349.69540,2111.17725, 264.05261,2130.49951,1111.44336, 670.46661, 393.96741, 565.34637, 553.50360,3115.58252, 969.34521,  63.07040,  47.76290, 450.33899,1022.68903,2984.77563,  38.94940,3875.08887, 220.19930,2047.74866, 294.45920,3649.04761, 827.17688, 391.84750,  77.21820
 276.40421,  43.95330,  16.91290, 105.05000, 741.18890, 228.52890,   7.89750,  78.44140, 645.34399,  25.55960,1182.92944, 207.16560,  18.31520, 163.57210, 293.74451, 771.75122, 140.68230,  51.45350, 288.92960, 492.41959,  98.70350,   9.34490, 551.03418,  16.61010, 146.59010, 528.45599,  77.13960,1135.57458,  41.96670,2344.90771, 143.55180, 256.42542,  61.27500, 543.45941, 908.19672,1859.79224, 230.70160, 381.59619,  16.00700,  36.00580, 114.99770, 369.79300,  41.06450,2015.63281, 165.90669, 863.04688,  60.64890,1129.91125, 187.05890,  84.01400,  47.55310
 276.02271,   3.90150,  47.45150,  55.55740, 241.51759, 167.65460,   0.74370, 188.31760, 143.91580,   4.02850, 114.49400,   3.68190,   5.53170, 107.55330,  65.26670, 140.67430,  13.76580,  78.56520,  10.89370,  50.96950,  63.85040,   7.88050, 169.84970,   0.20430, 141.79240, 251.02609, 122.35400,  74.97180,   1.32870, 179.23039, 180.46919, 111.31900,  27.61560, 247.44710,  66.68620,1556.20764, 493.30920, 122.06370,  12.19320,  95.66220, 149.71820,  34.49830,  25.53950, 906.51898, 246.41229,  35.49940,  21.10100,  55.81880,  40.24470, 220.02060,  24.47350
 118.51490,   0.25550,  22.66240,   3.32630,   3.40050,  58.93770,   0.10960,  64.22950,   2.19640,   2.86130,   1.64600,   2.16040,   1.06810, 196.74719,   3.08200,  70.12800,   1.77230,  27.96280,  11.16520,  23.52740,  43.10610,   1.29090,  70.15320,   0.10840, 373.64661,   2.04280,   0.39840,  44.09910,   0.00850,   3.13160,  63.42780, 137.04810,   0.41050,  59.55970,  21.23910,  15.92370, 872.14008,  18.35410,  14.55280, 146.62579, 293.29620,   3.13990,  10.10390,   0.81350,  24.29200,   4.29640,   2.87110,   0.03010,  12.75870,   4.13720,   0.00000
  85.15360,   0.00000,  16.71690,   0.03400,   0.06170,  46.75180,   0.23760,  25.16710,   0.44580,   0.06670,   0.10130,  45.19490,   0.00010, 214.86440,  51.07070, 103.32840,   0.34810,  19.56060,   0.38130,  95.77160,  61.95800,   9.56360,  43.21370,   0.06120, 707.74579,   0.00000,   0.00000,  87.16180,   0.00000,   0.14100,  18.30720, 234.66100,   0.63970,   1.92840,   4.74370,   0.18160, 652.36169,   4.45130,   6.58520, 100.46240, 299.72171,   1.43640,   5.64030,   0.00000,  18.38910,   1.49170,   2.96320,   0.02180,   5.61220,   0.00000,   0.00000
  41.99700,   4.78350,   1.05420,   0.11010,   9.50270,  42.26210,  18.59030,  12.50430,  14.91060,   0.09830,   2.83940, 223.55099,  10.34030, 143.67979, 212.44220,  40.76080,   0.30470,  23.36710,  18.65890,  15.12390, 177.25841,  22.68890,   9.03410,   4.26490, 405.80869,   0.07170,   9.91180,  99.22580,  14.17610,  28.40430,  14.42240,  89.80650,  14.13040, 164.70280,  77.93580,  11.13280, 368.39771,  29.93950,   1.48780,  76.12370, 439.60089,  61.95790,  55.67560,  12.28840,  53.18690, 282.69870,   7.52170,  86.14170,   7.88150,   3.04210,   1.42400
  15.90770,  23.11150,  71.71620,   0.01240,  55.01770,  56.97900,  90.45170,  11.89100,  45.94990,   0.65770,  14.61350,  99.92700,   7.08880, 114.29000,  24.63310,  20.84140,   6.88990,  77.38090, 430.60760,  31.91790, 309.36429,   4.08390,  12.02110,  64.55760,  17.06660,  19.53590,   9.59450, 296.54721,  16.30370, 182.16780,  15.29030, 233.46060,  18.88730,1172.50232, 275.70001, 171.73801,  46.55150, 175.18240,   4.63020,  61.62560, 194.85139, 449.84381, 523.91309, 155.60240, 218.70740, 471.40521,  24.91700,  20.36620,   8.00870, 117.03960,  33.68020
  41.84230,  20.25840, 129.21130,   0.06030,   0.26850, 157.15340,  25.47610,   5.59810,  15.23830,   0.56610,   1.08020, 139.82719,  56.19710, 296.51520,  23.48510,  43.48200,   2.19440,  29.41500, 153.11710,  29.39520, 220.40930,  45.05450,  25.48540,  20.53860,  59.41710,  26.62770,  63.16320, 107.93200,  27.67260,  69.00490,   6.03750, 237.14380, 445.69299, 266.63559,  10.48500,  44.89500,  78.01400,  57.39970,  30.23970, 497.36649, 640.63232, 201.96159, 215.73280,  29.20050,  29.71490,  49.95540,   8.54710,   4.71270,  33.28970,  85.41600,   2.27550
  59.08420,   9.88990, 232.91850,  27.85660,   0.06580, 120.27120,   1.51360,  17.35400,   4.75900,   8.07680, 345.81921, 142.00240,  23.33840, 143.34660, 293.43539,  29.72960,   1.71710,   6.94170,   1.40420,  55.60700,  53.14950, 374.64221,  95.15090,   0.00300, 102.98400,   0.56390,  20.87170,  61.85030,  11.25230, 106.07650,  21.67470, 174.88550,  85.21870,  44.12140,   1.92730,   0.33060, 247.92430,   8.73370, 290.26419, 381.30850,  72.27430, 144.62170,  45.23090,   0.14530,  13.46400,   2.34410,   0.00500,   2.34610,  29.26590,   5.69670,   0.09920
 218.52870,   4.37230,  39.05370, 223.49020, 144.68620, 298.63690,  93.35950, 121.32550, 154.88820,  76.56500,  46.26520, 329.16910,   1.79900,   9.23800, 213.96060, 138.92340, 115.98200, 126.00610, 522.92419, 119.82660,1023.34338, 125.32360, 269.67621,  86.00280, 155.72459,  82.19390, 420.40421, 381.70459,   3.81920, 396.79501,  79.43510,  27.09810,  21.29140, 770.37360, 665.40680, 106.34480,  18.01080, 984.34082,  25.07620, 814.08832,  48.33150, 539.33630,1100.64136,  76.67520,1440.32617, 142.76199, 363.07599, 100.48400,  20.26380, 120.09340,   2.27550
  17.27800,   8.10000, 275.27570,   8.28570,   3.57940,   9.30230,   0.22180,  12.63220,   6.33340,   3.50200,   0.00110,   1.53420,   2.33110,   1.38300,   0.54410,   5.22060,   0.28340,  11.30140,  12.35940,   1.07410, 101.39200,  46.88250,  20.94930,   0.00850,  34.15920, 129.13640,  19.02940,  13.00050,   0.01680,  17.29340,  11.41660,  29.38640,  10.74440, 139.71750,  27.54670,   4.98250,   5.64770,  27.54910,   5.78700,   7.10330,  10.49180,  10.50960,  87.29170,   4.56590,  58.52170,   6.51110,  11.21880,   4.70060,  35.71710, 112.99560,   0.09920
   0.00000,   0.00000,   1.28760,   0.00030,   0.00010,   0.16310,   0.00170,   0.00010,   0.02330,   0.10310,   0.00000,   6.04920,   0.69680,   0.00000,   0.77950,   0.00020,   0.00010,   0.26780,   0.89070,   0.07720,  24.63090,   0.00340,   0.01780,   0.00000,   2.23250,   6.72020,   0.81540,   0.00300,   1.12030,   0.14950,   0.09250,   0.77050,   0.01840,   0.00520,   0.71710,   0.01000,   0.08190,   0.16020,   0.66160,   0.11170,   0.10910,   0.03470,   1.38300,   0.04100,   0.24590,   0.10590,   0.09450,   0.89920,   5.04020,   8.15230,   0.00000
   0.00000,   0.00000,   0.05420,   0.00000,   0.00000,   0.00000,   0.00000,   0.00060,   0.00100,   0.00000,   0.00000,   0.04420,   0.00000,   0.00000,   0.00000,   0.00000,   0.00000,   0.00740,   1.69500,   0.00030,   3.52430,   0.00000,   0.00000,   0.00000,   0.02030,   0.03170,   0.00000,   0.00000,   0.00000,   0.00000,   0.14330,   0.00150,   0.00000,   0.00000,   2.35080,   0.00070,   0.00000,   2.52250,   0.00000,   0.00000,   0.00760,   0.00000,   2.63780,   0.00000,   1.70840,   0.00010,   0.00030,   0.00000,   0.00000,   0.00000,   0.00000
   0.00000,   0.00000,   0.00000,   0.00000,   0.00000,   0.00000,   0.00000,   0.00000,   0.00000,   0.00000,   0.00000,   0.00000,   0.00000,   0.00000,   0.00000,   0.00000,   0.00000,   0.00000,   2.07080,   0.00000,   0.16040,   0.00000,   0.00000,   0.00000,   0.01730,   0.00000,   0.00000,   0.00000,   0.00000,   0.00000,   0.00000,   0.00000,   0.00000,   0.00000,   2.21400,   0.00000,   0.01340,   1.65610,   0.00000,   0.01200,   0.00000,   0.00000,   1.26150,   0.00000,   0.84900,   0.00000,   0.00000,   0.00000,   0.00000,   0.00000,   0.00000
   0.02140,   0.00000,   0.00000,   0.00000,   0.00000,   0.01070,   0.00000,   0.00970,   0.00320,   0.00000,   0.00000,   0.00000,   0.00000,   0.00020,   0.00000,   0.00000,   0.00000,   0.00590,   0.00000,   0.00010,  11.46300,   0.00000,   0.03970,   0.00000,   0.00000,   0.00000,   0.00000,   0.00000,   0.00090,   0.00000,   0.00000,   0.00000,   0.01090,   0.00000,   0.01160,   0.00250,   0.02210,   0.00270,   0.00000,   0.00150,   0.00000,   0.00000,   0.00600,   0.00000,   0.00000,   0.00000,   0.00690,   0.00000,   0.00000,   0.00000,   0.00000
   8.64540,   0.58690,   0.00000,   7.74660,   0.05450,  12.44070,   0.31140,  14.17200,   0.11850,   0.02930,   0.01390,   0.02710,   0.00820,   1.56110,   4.01280,   0.01670,   0.00530,  17.44630,   4.55340,   0.04080, 184.25140,   0.00000,  28.22970,   0.05460,   1.00970,   0.00000,   0.13890,   3.94150,   0.41020,  28.19070,  16.17270,   0.00000,   1.33880,  13.72990,   2.12540,   0.17050,   1.04440,  13.37140,   0.01120,   0.31660,   0.00000,  13.26290,   3.62660,   3.78160,   2.83670,  13.90460,  87.48200,  14.38070,   0.00000,   0.00000,   0.00000
 235.47141,   0.28870,   0.00530, 179.44760, 223.09320, 220.87781, 247.24530, 430.09839, 108.28420, 479.30640, 428.28549,  83.16960,   0.00820,   0.00960, 319.26541, 168.04700, 300.17981, 259.63870,   3.58630,  45.60930, 281.18201,   0.00000, 254.03680, 217.68401,   8.70530,   0.00000,   0.00000,  59.10550,   0.00070,  74.00290, 509.24951,   0.00990,   0.00710,  13.38070,  13.22030,  34.31020,   0.11540,   5.08290,   0.88290,   0.43770,   0.02390,  86.92480,   5.64320, 161.56950,   3.91130, 148.41991,2487.92480, 437.48801,   0.00000,   0.00000,   0.00000
 306.79919,   0.05250,   0.00480, 182.14101, 443.58209, 176.67070, 241.86571, 268.68939, 334.31509, 266.29691, 225.75250, 213.89400,   0.15280,   0.08590, 466.17700, 289.03989, 167.55960, 179.69960,   0.12350, 124.37960,  62.69950,   0.19770, 396.37680, 163.25580,  13.52610,   0.00000,   0.00000,  22.89540,   0.04610, 115.37610, 320.19101,   4.45770,  90.74950,   0.08230,   0.00570, 148.64380,   1.50960,   0.20330,   1.56910,   0.00000,   5.82290,   5.45570,   0.00730, 342.36069,   0.38630,  79.73900,1643.85522, 447.80191,   0.04220,   0.00000,   0.00000
 136.05800,   0.00000,  47.10560, 196.85730,  90.97620,   8.40800,   8.76230,  46.67020, 115.09780,  35.34970,   0.52870,   1.32390,   0.00000,   0.04420,   7.13170,  85.17580,   0.07000,  35.47240,   0.00000, 127.32060,  10.98200,  45.78810, 342.53259,   5.18330, 117.44170,   0.00000,   0.00000,   8.66090,   0.00000,  45.47760,  28.40670,  13.58990, 642.78259,   0.00370,   0.00010,  38.12390,  78.16310,   2.37720, 128.92731,   0.00000,  62.70600,   0.41640,   0.00000,  32.62680,   0.00000,  21.82400, 553.47839,  23.75160,   0.02540,   0.00000,   0.00000
1212.55811, 701.91681, 503.02051, 817.04120, 744.39648, 837.94678,1340.98975,1859.00037,1186.72070, 997.79382, 616.65161, 716.04358, 707.89240, 558.85181, 424.03339, 609.97101, 737.22241,1516.83459,1404.66443, 970.15839, 360.96500, 143.60049,2020.81555, 706.41528, 687.44843, 103.07690, 265.33929,2641.99902, 737.36829,1844.43677, 950.10052, 446.16629, 956.79352,1320.96545,1606.90210,1103.58105, 624.27863,1443.61121, 336.11270, 179.86861, 231.89270,1462.20288,1267.50439, 817.12939,1787.24658,1220.75916, 679.89551, 832.02521, 158.10620, 101.58760, 170.50670
 529.39160,   0.55710,  58.32990, 284.70679, 417.52780, 351.23489, 253.39600,1147.36475, 378.51791,1028.30688, 673.94623,  60.29080,  12.01110,   0.27050, 163.30940, 451.39029, 397.80389, 357.64941,  58.27760, 374.63260,  40.95450,  62.29330, 849.10950, 411.38229,  24.10540,  23.30430,  22.39040, 312.26239,  18.13720, 271.49271, 279.90799,  44.25440,  12.27270, 117.88330,  43.79050, 139.99789, 110.20250,   4.68460,  68.34000, 109.92240,  22.40430,  40.63540,  25.81990, 122.39080,  35.17320,  86.69520, 452.49759, 293.93509,   5.14810,  49.33240,   3.22610
  28.56620,   1.77090,  19.82230,  14.80190,  33.70900,  39.94600,  19.33260,  75.16280,  65.85250, 113.95330,  38.36110,   0.77740,   9.56870,   0.07470,   5.45540,  23.52420,  20.39540,  15.36450,   0.00000, 125.70440,   0.79900,  17.98500,  71.27760,  25.10260,   7.42380,   4.64570,  11.15630,   2.08410,   0.18590,   0.48040,  23.66380,  28.55460,   0.01140,  29.86380,  12.53730,   1.07190,  37.50350,   0.00080,   0.81330,   5.34450,   4.50940,   0.32260,   1.73520,   0.02800,   4.26070,   7.14930,  26.17830,   4.71450,   2.98340,   7.18930,   0.00000
   1.66960,   2.42220,   0.50380,   0.00010,   0.00000,   0.49270,   0.00090,   0.21710,   0.62340,   0.00000,   0.01020,   0.00010,   0.00640,   0.15150,   0.46890,   7.47010,   0.42580,   3.59740,   0.00000,   7.34220,   0.49610,   0.01360,   0.83990,   0.00000,   1.76700,   0.05690,   3.99890,   0.02840,   0.08800,   0.44280,   3.30740,   1.80410,   3.94530, 297.16681,  10.51360,   0.16000,  17.56970,   0.00700,   4.04500,   0.06830,  11.43210,   0.50510,   1.57930,   0.05620,   1.50870,   1.95650,   0.00000,   0.00000,   0.00260,   9.58630,  12.74470
   2.24700,  31.03690,   0.01280,   0.00000,   0.00000,   4.01340,   0.00000,   0.11490,   0.01810,   0.00000,   1.76510,  24.79830,   0.00450,   8.82860, 105.09090,   8.45520,   0.15710,   0.39600,   0.00000,  23.16320,   0.00000,   0.00190,   1.24760,   0.00000,   1.51360,  15.06890,  10.86990,   5.83340,   2.52120,   0.02020,   0.56520,  27.16320,  26.01280,  93.86520,  86.81570, 107.35860,   0.33450,   0.42630,   1.33240,   0.35680,   3.59350,   5.49210,  20.22550,  40.79300,   5.48780,   2.42320,   0.00000,   0.00000,   0.00000,  20.07280,   1.13240
   3.95850,  16.43060,  27.04220,   0.45240,   0.00000,   7.86950,   0.00020,  10.30900,   0.00730,   0.03350,  52.03360, 394.85059,  35.84490,  45.21930,1293.20874, 322.66861,   0.06040,   0.44910,  11.08220, 363.06079,   0.00000,   0.22160,   1.85490,   0.00000,  51.01990,  44.71120,  38.09160,  52.50340,  11.51160,   2.39670,  23.54120,   5.10400,  18.46250,  35.08400, 157.01660, 151.73360,  61.64510,  68.29600,  33.42960,  69.99830,  36.00350,  52.64990, 105.81530, 364.08719,  60.75300,   6.71170,   0.00000,   0.00000,   0.16850,  30.67440,   2.82380
 225.60780, 279.03549, 139.80600,  57.10890,  10.94410, 194.55870,  10.10070, 115.87690,  31.24100,  32.61380,  99.23680, 617.31360, 203.22980, 211.96880, 772.06012, 586.89838,  30.72870,  46.90660,  83.31090, 481.06979,  20.60050,  15.98540, 126.56130,  34.98050, 244.70880, 114.16280, 253.87511, 308.37979,  69.98120, 116.18310, 159.86920, 152.36279, 339.27371, 453.31500, 192.81979, 288.01419, 205.24969, 481.37949, 147.10181, 384.94730, 102.38500, 273.90680, 238.47839, 202.35660, 280.99600, 222.72720,  38.27770,  13.34030,   3.18030,  68.89970,  34.16640
 136.59000,  13.76490,   9.16050, 110.65980, 192.95360, 179.03760,  61.15700, 114.60820,  70.82620, 209.09531, 169.58771, 498.28879,  12.16840,  15.78340, 246.06180, 349.35989, 166.92940,  56.50000,  32.16510, 249.20309, 172.93370,   1.11120,  52.63850, 194.20171, 116.23290,  19.24120,  53.86360, 245.10181,   5.61000, 217.89000, 179.00710,  48.35340,  38.47880, 238.67889,  44.13930, 207.71700,  19.23690, 179.28040,  15.11490,  57.96420,  36.13650, 234.40450,  77.08140, 325.19351,  90.24300, 379.22379, 585.88721, 276.76590,   1.05730,  40.17070,   4.87030
  63.42900,   0.00100,   0.51190,  25.53830,  12.36990, 142.05220,  44.10730,  31.66280,  25.55530,  43.21330, 107.55570, 134.20441,   7.07970,   0.16700,  73.09850,  63.53410,  30.70190,  26.61340,  11.05810,  34.42560,  67.33620,   0.43190,  23.86270, 100.27070,   9.49540,   1.44600,   1.11690,  28.89730,   0.02470,  95.16530,  40.96710,   0.20330,   6.14460,  11.68200,  47.53110,  34.83720,   2.77190,  15.01930,   2.45360,   3.13240,   0.01090,  16.15830,  49.69410,  72.14220,  30.40650,  90.95350, 109.69500, 214.57651,   0.00000,   0.03890,   0.00000
   2.01570,   0.00140,   0.00220,   0.02550,   0.00000,   9.88710,  15.95470,   1.52410,   0.00840,   0.02490,   0.00140,   4.34350,   0.00460,   0.00000,   6.83170,   0.15970,   0.48380,   3.45490,   0.00290,   0.61780,   3.69780,   0.02260,   3.60370,  20.51130,   0.00000,   0.00000,   0.00230,   4.01580,   0.01850,  14.20080,   5.25300,   0.01320,   0.00000,   0.00120,   0.02460,   3.64070,   0.00000,   0.03340,   0.00000,   0.00860,   0.00060,  11.11550,   0.39230,   2.00760,   0.06940,  13.74740,   0.00020,   5.27730,   0.00000,   0.00000,   0.00000
  17.45520,   0.24250,   2.26090, 153.32919, 187.38651, 376.52441, 566.01898,  75.39420, 288.58121,  66.31370, 105.38850, 353.13910,   4.24780,   8.95880, 206.51891,  40.52780, 121.14480, 567.07190,   7.40510,  52.37210, 977.87738,   1.88880,  91.10110, 297.04221,  15.79390,  55.53890,   5.79390, 121.61050,   3.14180,  69.21800,  58.95100,   5.93750,   4.42810,  87.71260,   2.81300, 317.26001,   2.05400,  11.39380,   2.08690,  26.93310,   1.53680, 676.23981,  38.04220, 251.22420,  17.61980, 149.60629,1207.61865, 293.23419,   2.50200,  38.58710,   0.00000
  31.44830,   0.00000,   0.00440,  22.24020,  10.81010, 154.84430,  51.07880,   9.94210,  33.42900,   2.72370,   0.18820,  30.66080,   0.00040,   0.00000,   7.82490,   0.00040,   2.21820, 246.71640,   0.00020,   2.41070,  87.96130,   0.50940,  81.64180,  37.74210,   0.00770,   0.08470,   0.00000,  89.36630,   0.00000,  87.55110,  72.42320,   0.11480,   0.00000,   0.34250,   0.00010,  40.90110,   0.07610,   0.99560,   0.00000,   0.00000,   0.21460,  90.81130,   2.24040,  33.36800,   1.06720, 185.45180, 240.43581,  66.74080,   0.00000,   0.00000,   0.00000
   9.99290,   0.00000,   0.00000,   4.15670,   0.52580,   9.62280,  12.17700,   6.71260,   3.39580,   4.83550,   0.01740,   8.90210,   0.00000,   0.00000,  13.92490,   0.61880,   1.52250,   7.81760,   0.00000,   1.94300,   3.07160,   0.00000,   9.34170,   7.03170,   0.00000,   0.00000,   0.00000,   2.13190,   0.00000,   1.00330,  30.46640,   0.00000,   0.00000,   0.36340,   0.00000,   0.10600,   0.00000,   0.00000,   0.00000,   0.00000,   0.00000,   8.07560,   0.00000,   0.05060,   0.00610,   0.97920,  15.24140,   0.03810,   0.00000,   0.00000,   0.00000
   0.03320,   0.00000,   0.00000,   0.00010,   0.00000,   0.00930,   0.00030,   0.16150,   0.00100,   0.00010,   0.00000,   0.00490,   0.00000,   0.00000,   0.00070,   0.00020,   0.00000,   0.04060,   0.00000,   0.00020,   0.32330,   0.00000,   0.09670,   0.00000,   0.00000,   0.00000,   0.00000,   0.27650,   0.00000,   0.00340,   0.01760,   0.00000,   0.00000,   0.00000,   0.00000,   0.00000,   0.00000,   0.00000,   0.00000,   0.00000,   0.00000,   0.24990,   0.00120,   0.00000,   0.00000,   0.05420,   0.00000,   0.00000,   0.00000,   0.00000,   0.00000
   0.00010,   0.00000,   0.00000,   0.00000,   0.00000,   0.00100,   0.00000,   0.00000,   0.00020,   0.00000,   0.00000,   0.00000,   0.00000,   0.00000,   0.00000,   0.00000,   0.00000,   0.00390,   0.00000,   0.00000,   0.03490,   0.00000,   0.00020,   0.00000,   0.00000,   0.00000,   0.00000,   0.00190,   0.00000,   0.00610,   0.00000,   0.00000,   0.00000,   0.00000,   0.00000,   0.00000,   0.00000,   0.00000,   0.00000,   0.00000,   0.00000,   0.01230,   0.19600,   0.00000,   0.00000,   0.00470,   0.00000,   0.00000,   0.00000,   0.00000,   0.00000
   0.00000,   0.00000,   0.00000,   0.00000,   0.00000,   0.00020,   0.00000,   0.00000,   0.00010,   0.00000,   0.00000,   0.00000,   0.00000,   0.00000,   0.00000,   0.00000,   0.00000,   0.00640,   0.00000,   0.00000,   0.00050,   0.00000,   0.00000,   0.00000,   0.00000,   0.00000,   0.00000,   0.00000,   0.00000,   0.00000,   0.00090,   0.00000,   0.00000,   0.00000,   0.00000,   0.00000,   0.00000,   0.00000,   0.00000,   0.00000,   0.00000,   0.00000,   0.00000,   0.00000,   0.00000,   0.02000,   0.00000,   0.00000,   0.00000,   0.00000,   0.00000
   4.79130,   0.00300,   0.04240,   0.00030,   0.00000,   8.18010,   0.01250,   0.71340,   0.00350,   0.07670,   0.00000,   1.37290,   0.00040,   0.00000,   0.00380,   0.00040,   0.00000,  10.31020,   0.02470,   0.00360,   8.61850,   0.00000,  12.52210,   0.00140,   0.01320,   0.00000,   0.02980,   0.00340,   0.00480,   0.60050,  12.69810,   0.00000,   0.01740,   0.00000,   0.00360,   0.00010,   0.00670,   0.00000,   0.09340,   0.23330,   0.00000,   0.91020,   0.03340,   0.00000,   0.00000,   0.59570,   4.44220,   0.00000,   0.00000,   0.00000,   0.00000
  38.51530,   0.00040,   0.00090,  10.10330,  13.24920,  60.30520,   2.66070, 100.74100,   4.42980,  49.44890,   0.00010,  64.28760,   0.00420,   0.00000,  32.00030,   6.05830,   0.64370,  35.03300,   0.18210,   0.39330, 110.40510,   0.00000,  61.67830,   1.65370,   0.00060,   0.00000,   0.01240,   1.88570,   0.00000,   2.62110,  60.55510,   0.00000,   0.00000,   0.00000,   0.08030,   0.00040,   0.00000,   0.00140,   0.15520,   0.00000,   0.00000,   5.55510,   0.00280,   0.00000,   0.00000,   1.27070, 176.06841,   0.00000,   0.00000,   0.00000,   0.00000
  26.08820,   0.00000,   0.00000,   1.19310,   1.55150, 123.18350,   0.25140,  50.96380,   0.38620,  12.94160,   0.00080,  67.84430,   0.00000,   0.00000,  56.48260,   0.16320,   0.00010,  10.12640,   0.00000,   0.42610,  42.74930,   0.00000,  13.10720,   0.00000,   0.00000,   0.00000,   0.00000,   0.38590,   0.00000,   0.12880,  30.13760,   0.00140,   0.00000,   0.00000,   0.00000,   0.01670,   0.00000,   0.00000,   0.00000,   0.00410,   0.00000,   3.80210,   0.00000,   0.00000,   0.00000,   0.14520,  15.74500,   0.00000,   0.00000,   0.00000,   0.00000
   0.02270,   0.00000,   0.00000,   0.00000,   0.00000,   1.14340,   0.14890,   1.89840,   0.09910,   0.00360,   0.00000,   0.00000,   0.00000,   0.00000,   0.00000,   0.00000,   0.00000,   0.51240,   0.00000,   0.69810,   4.29850,   0.00000,   0.00000,   0.00000,   0.00000,   0.00000,   0.00000,   0.00000,   0.00000,   0.02690,   0.86650,   0.03320,   0.00000,   0.00000,   0.00000,   0.02690,   0.00000,   0.00000,   0.00000,   0.00000,   0.03870,   1.13330,   0.00000,   0.00000,   0.00000,   0.00960,   0.00000,   0.00000,   0.00000,   0.00000,   0.00000
  22.59510,   0.00000,   0.00000,  76.97920,   5.21550,  37.43060,  11.31600,   2.61520,   1.31870,   9.25330,   0.77460, 114.23100,   0.00000,   0.00000, 123.70860,  81.52750,  34.19600,   1.30220,   0.00000,  55.22400,  49.88860,   0.00000,   0.64470,   7.83500,   0.00000,   1.82530,   0.15080,   4.77060,   0.00000,   0.02350,   9.96680,   2.25250,   0.00000,   0.00000,   0.00000,   0.86860,   0.00000,   0.00000,   0.00000,   0.00000,   0.62270,   4.72210,   0.00000,   0.90990,   0.00000,   0.25940,  63.72930,  16.43550,   0.00000,   0.27850,   0.00000
  13.01420,   0.00810,   0.00000,  15.34690,   0.35200,  16.09890,   0.45440,   5.86120,   0.20420,   1.73980,   0.12050,   0.88190,   0.00000,   0.00000,   1.77800,   0.64440,   0.50920,   2.56550,   0.00000,   3.73890,   9.14720,   0.00000,   6.14750,   0.06760,   0.00000,   0.14470,   0.92500,   0.01270,   0.00000,   0.00000,  10.74630,   0.14940,   0.00000,   0.00000,   0.00000,   0.11250,   0.00000,   0.00000,   0.00000,   0.00000,   0.03140,   0.05250,   0.00000,   0.00000,   0.00000,   0.00000,  12.39410,   0.00000,   0.00000,   0.00000,   0.00000
   0.73480,   0.00000,   0.00000,   0.00000,   0.00000,   0.14510,   0.00040,   0.37740,   0.02010,   0.00000,   0.00000,   0.00000,   0.00000,   0.00000,   0.00000,   0.00000,   0.00000,   0.00180,   0.00000,   0.00330,   3.62850,   0.00000,   0.02650,   0.00000,   0.00000,   0.00200,   0.03830,   0.02470,   0.00000,   0.00010,   0.16250,   0.01470,   0.00000,   0.00000,   0.00000,   0.10600,   0.00000,   0.00000,   0.00000,   0.00000,   0.00020,   2.05250,   0.00000,   0.00000,   0.00000,   0.00000,   0.00000,   0.00000,   0.00000,   0.00000,   0.00000
   0.00000,   0.00000,   0.00000,   0.00000,   0.00000,   0.00000,   0.08880,   0.00040,   0.00080,   0.00000,   0.00000,   0.00000,   0.00000,   0.00000,   0.00000,   0.00000,   0.00000,   0.00360,   0.06130,   0.00000,   0.00000,   0.00000,   0.00000,   0.00000,   0.00000,   0.00000,   0.00310,   2.20780,   0.00000,   0.00150,   0.02170,   0.00000,   0.00000,   0.00000,   0.00000,   0.00000,   0.00000,   0.00000,   0.00000,   0.00000,   0.00000,   0.56830,   0.60990,   0.00000,   0.35030,   0.50140,   0.00000,   0.00000,   0.00000,   0.00000,   0.00000
   0.40520,   0.00000,   0.00000,   0.00000,   0.00000,   0.51090,   0.10770,   0.01650,   0.00690,   0.00000,   0.00000,   0.00000,   0.00000,   0.00000,   0.00000,   0.00000,   0.00000,   0.00000,   0.50550,   0.00030,   0.00000,   0.00000,   0.00000,   0.00000,   0.00000,   0.00000,   0.00000,   2.14230,   0.00000,   0.01780,   0.00000,   0.00000,   0.00000,   0.00000,   0.00010,   0.00000,   0.00000,   0.00740,   0.00000,   0.00000,   0.00000,   2.11600,   0.06080,   0.00000,   0.16230,   1.32610,   0.00000,   0.00000,   0.00000,   0.00000,   0.00000
   0.02060,   0.00000,   0.00000,   0.00000,   0.00000,   3.08890,   0.41310,   0.00010,   0.01140,   0.00000,   0.00000,   0.00000,   0.00000,   0.00000,   0.00000,   0.00000,   0.00000,   0.00110,   0.02150,   0.01070,   0.31040,   0.00000,   0.01050,   0.00000,   0.00000,   0.00000,   0.00000,   1.65450,   0.00000,   0.08670,   0.00000,   0.00050,   0.00000,   0.00000,   0.00000,   0.00610,   0.00000,   0.02630,   0.00000,   0.00000,   0.00010,   1.33000,   0.00490,   0.00000,   0.05720,   0.07530,   0.00000,   0.00000,   0.00000,   0.00000,   0.00000
   1.59580,   0.00000,   0.00000,  14.28520,   0.00000,  11.48920,   0.04740,  57.82170,   0.04150,  22.24680,   0.00010,   0.05070,   0.00000,   0.00000,   0.00100,   0.00000,   0.02530,  20.43370,   3.16170,   0.00050,  74.20430,   0.00000,  27.47820,   0.00040,   0.00000,   0.00000,   0.00000,   2.37500,   0.00000,   0.34460,  10.61410,   0.00000,   0.00000,   0.00000,   0.00850,   0.12560,   0.00000,   0.03220,   0.00000,   0.00000,   0.00000,   3.15020,   0.05150,   0.00000,   0.14550,   0.81910, 178.43800,   0.00000,   0.00000,   0.00000,   0.00000
  84.60620,   0.00000,   0.00000, 142.81860,   0.74300, 112.94960,   0.07640, 261.37759,   0.07950, 127.80080,   0.29090,  67.09050,   0.00850,   0.00000,  38.50990,  14.34510,  14.03400, 108.35040,   9.77130,   0.06910,1789.37598,   0.00000, 193.27650,  15.88680,   0.00000,   0.00000,   0.00980,   1.62630,   0.01150,  15.00630, 163.91150,   0.00000,   0.00000,   0.00000,   8.75750,   0.05020,   0.00000,   0.87950,   0.00000,   0.05890,   0.00000,  10.81840,   1.09830,   0.00000,   1.79220,   1.72630,2029.68774,   0.95090,   0.00000,   0.00000,   0.00000
  20.18590,   0.00010,   0.04000,   0.16710,   0.18840, 129.20821,   0.15150,  39.56740,   0.01400,  28.59490,   0.01680,  65.21620,   0.49790,   0.24110,   8.80980,   1.98210,  18.53920,  44.55620,   0.06330,   0.08960,1344.88257,   0.00000, 185.37959,  25.59810,   0.00030,   0.00000,   0.93940,   5.03300,   0.72820,  32.44890,  73.56040,   0.00000,   0.00000,   0.00000,   5.97050,   0.04250,   0.15730,   1.19560,   0.00000,   0.00800,   0.00000,  65.42600,   0.56960,   6.83570,   1.46280,  33.83720, 657.13019,   0.91810,   0.00000,   0.00000,   0.00000
   3.41190,   0.00000,   0.00310,   0.00000,   0.00000,   0.88100,   0.01180,   7.86670,   0.02530,   0.00000,   0.00000,   0.00010,   0.00000,   0.00000,   0.00020,   0.00000,   0.00000,   4.57720,   0.20560,   0.01160,  48.60500,   0.00000,   2.06130,   0.00000,   0.00200,   0.00000,   0.02340,   2.22300,   0.00000,   0.69110,   1.08280,   0.00000,   0.00000,   0.00000,   0.08430,   0.00000,   0.13380,   0.18000,   0.00000,   0.00000,   0.00000,   0.11600,   0.83680,   0.00000,   0.29930,   1.82210,   2.27140,   0.00000,   0.00000,   0.00000,   0.00000
1375.78381,   0.14500,   1.56950,1006.50940, 713.67749, 954.87988, 915.58368,1309.66699, 686.70020,1036.98926, 651.94220,1583.04126,   1.09380,  15.00040, 706.00720,1181.49878, 809.84161, 549.84540,   1.80850,1630.01038,  51.97960,   4.44770, 476.40421, 392.28870,   2.95030,   1.02110,   0.81860, 582.28857,   0.00700,  92.34800, 601.11108,  21.56840,   0.01370,   1.50050,   0.00000,  98.29930,   2.47360,   0.34120,   0.00000,  57.87210,   8.29660, 376.92581,   2.19530, 117.35810,  12.75750,  96.03750, 317.87659, 290.80469,   0.23970,  12.74120,   0.00000
 210.57300,   1.43250,  53.07580, 215.85741,  26.82820,  92.83040, 165.45151, 344.89139,  58.90440, 246.08031, 139.21410,  72.06760,  19.52210,  56.30790, 136.12469, 143.87210, 160.27991,  88.69750,  33.45540, 137.65160, 817.94818,  46.72780,  34.64620, 126.51130,  33.03770,  12.65070,   0.28260,  33.45390,   3.29450,  10.78770, 143.94640, 129.33321,   4.08870,   0.02210,   1.07320,  14.39910, 147.91161,   1.37890,  10.42370,   3.81390, 241.32820,  13.22480,   4.39770,  22.59270,  21.46020,   8.99430, 690.06531,  10.10570,   5.41030, 112.29060,   0.00000
   6.68620,   0.32390,   5.14320,   0.00190,   0.22980,   0.05830,   0.81510,   0.01390,  23.08480,   0.01010,  23.53670,   0.02640,   0.05420,   1.08930,   0.00080,   1.31900,   0.47560,   9.57340,   1.17250,  13.78240, 197.13110,   1.98910,   0.28630,   0.05300,   8.49840,   0.13340,   0.00540,   2.23450,   0.98830,   0.66420,  69.17730,   7.77010,   1.88890,   0.00000,  13.71140,   7.19650,  38.07360,   1.93270,   0.44720,   0.44040,  50.35700,   0.34540,   6.42390,   0.00200,   1.38160,  21.84070, 279.57159,   0.00030,   2.88920,   0.00490,   0.00000
   3.05690,   0.18120,   0.00000,   0.00000,   0.00000,   0.00000,   1.26920,   1.01780,  12.67530,   0.00790,  11.59160,   0.00890,   4.35720,   3.01320,   0.00020,   0.00000,   0.05460,   2.72260,   1.73660,   7.75360, 113.91890,   1.40330,   0.15530,   0.16070,   0.00000,   0.00000,   1.42980,   3.47920,   1.21410,   1.22210,  18.04890,   0.00020,   0.78830,   0.00000,   4.70410,   0.00020,   1.34340,   4.40630,   0.02330,   2.13310,   0.00310,   3.13360,  14.40850,   0.00000,   7.47010,   1.24960,   0.00000,   0.00000,   0.00010,   0.00000,   0.00000
   0.97660,   5.28100,   0.31840,   0.00000,   0.00000,   0.25170,   0.00000,   0.54190,   0.02500,   0.00000,   0.00000,   0.00000,  10.38770,  11.49040,   0.00000,   0.00000,   0.00000,   0.00000,   0.56830,   0.00000,  80.71100,   0.00000,   0.00930,   0.00000,   0.00640,   0.00000,   1.43460,   2.97670,   1.22680,   0.67800,   0.16780,   0.00000,   3.58460,   0.00000,   3.39120,   0.00080,   1.66490,   0.47290,   1.49760,   4.16670,   0.00000,   1.81800,   4.47550,   0.00000,   3.51590,   0.49960,   0.00000,   0.00000,   0.00000,   0.00000,   0.00000
   0.37670,   2.62580,   1.07920,   0.00000,   0.00000,   0.11950,   0.00000,   3.66760,   0.06440,   0.00000,   0.00000,   0.00000,   3.34540,   7.02210,   0.00000,   0.00000,   0.00000,   0.00000,   0.00060,   0.00000, 215.74390,   0.00000,   0.00200,   0.00000,   0.00050,   0.00000,   3.31590,   0.63070,   0.60540,   0.01450,   0.00000,   0.00000,   1.11930,   0.00000,   0.45060,   0.00160,   0.21540,   0.01950,   0.47890,   4.80070,   0.00060,   0.24230,   0.90920,   0.00000,   2.52770,   0.06040,   5.19350,   0.00000,   0.00000,   0.00000,   0.00000
  14.75980,   0.23090,   0.00070,  45.85730,  46.87820,  74.20550,  52.99100, 185.56450,  33.70370, 174.77139,  26.71380, 335.12070,   5.07440,   0.79440, 147.53011,  45.76490, 111.23480,  24.73850,   5.60790,  11.84950, 376.94739,   0.22350,   0.02160,   7.41390,   0.00000,   0.00000,   0.72740,   4.55650,   0.17960,   0.02470,  56.80660,   0.00000,   0.17590,   7.51830,  46.35080, 131.73360,  12.41190,   0.00000,  10.16400,   6.49130,   0.00100, 126.86920,  63.67410,  81.34410,   0.60140,  61.29500, 295.60590,   8.98660,   0.00000,   0.00000,  10.38610
  27.28380,   0.65230,   4.72660,  91.91500, 196.97659, 457.04501, 473.82401, 321.21078, 332.75519, 268.18030, 167.06660, 655.77863,   6.97280,   8.17540, 381.09451, 107.16810, 351.44479, 340.69250, 298.98581, 142.08220,1438.82983,   0.00060,  11.44800, 203.47050,   0.00000,   0.00000,   2.63060, 118.85820,   0.59960,   5.45620,  63.02530,   0.00000,   0.25730,  85.34520, 278.70520, 962.22522,  33.60890,   5.27940,  17.84110,  20.13400,   0.00030, 805.89282, 162.75079, 429.34869,  25.23470, 765.05481,2895.31982, 307.82379,   0.00090,   0.00830, 146.04761
   7.97480,   4.63670,   0.07500,  22.92290, 185.58380, 635.74182, 578.13818, 151.03841, 256.47089, 118.53240, 235.33830, 693.15601,   0.21810,  31.70340, 540.99719, 102.52740, 247.63260, 490.39981,  17.58090,  24.03100,4757.97070,   0.77370,  25.02640, 443.58551,   2.08650,   0.00780,  22.12040,  45.48210,  13.15950,  21.36580,  44.56410,   0.00000, 134.14720,   2.72450,  37.72670, 132.02760,  24.14710,  16.60970,  53.37350,  41.46880,   0.00000, 171.51891,  72.69090,  70.00660,  41.56150,  95.26660,4773.19824, 156.29840,   8.97180,   0.64460, 107.59670
 113.20570,  86.33120, 296.66330,  14.73670,  13.56160, 191.36060, 440.48560, 476.89761,   6.35230, 128.01060,   1.82340, 105.27410, 113.49570, 164.73260,  14.04860,  14.44590,   7.24280,   5.45380,  19.25680,  43.47540,2196.89160,  91.30670, 144.00369, 104.04270,  74.27390,   0.00000,   6.72290,  89.90460,   3.01900,  85.79090,  58.63860,   0.06040,  29.84530,   0.03070,  28.37500,   7.60020, 147.20560,  96.76750,  61.17500,   0.09070,   0.00540,  33.62240,  23.40240,   7.25520, 127.58560,  17.83320,1737.16956,   0.86860,   7.22260,   0.13230,  34.90680
 572.43622,   1.01370,   6.40060, 171.87260,  96.92380,1166.22791, 362.91519, 859.44641, 145.84509, 217.44501,  91.27680, 894.50067,  17.99170,  71.28100, 377.59860,  97.48180, 116.77060, 432.95309,  69.13830, 163.90939,2388.61450,   0.05490, 384.77649, 123.17720,  23.94330, 217.72729, 203.62309, 763.88782,  19.08710, 610.15961, 437.09161,  91.04720,  58.18550,   6.93360, 130.72580, 217.41780,   0.40610, 186.40880,   0.02070,1259.35059,   4.76750, 711.92719, 230.24200,  93.77690,  80.26160, 711.79382,1802.89258,  95.29210,  40.04340, 115.91340, 107.59670
 643.27081, 421.80841,  65.60950, 362.91141, 314.03580, 333.14221, 154.81120, 691.30389, 203.00571, 370.85220, 147.46629, 455.55621, 423.84131, 448.49231, 357.69980, 553.63800, 363.31812,  41.60150, 161.83231, 285.15570,2643.83423,  67.75240,1455.87439, 228.52071, 156.58060, 632.93518, 652.04041,1213.24219,1001.57928,1625.17944, 189.99249, 278.64899, 895.83258, 206.57660, 510.00281, 346.32809, 102.19530,1392.53442,  54.62050, 800.04718, 200.87500, 449.56860, 101.62170, 649.04248, 716.07037,1143.20349,6263.42871, 837.21942, 563.97510, 582.06378,  34.90680
 951.04688, 617.50140,  40.84830,1309.82593, 815.63770, 487.13379,1112.43079,2215.60791, 330.64621,1686.69714,3412.48169, 571.49310, 265.18231, 899.68842, 840.60461, 911.72229,1870.39941, 999.83008,  78.85110, 775.28369,5958.07178, 115.37020, 614.46228,2101.03149, 143.71359,   0.00000,  97.88730, 102.49050,  72.05510, 136.24921,1540.82520, 529.96582, 199.25310,   1.40770,  75.73410,  51.27370, 140.40450, 175.15100, 721.28857, 580.89789, 225.40280,  57.11400,  80.50710, 126.33770, 123.86480, 706.53058,3830.57959, 218.88040,  69.54340,   0.00000, 438.44980
   3.82860,  42.43410,1024.60205,  60.43150,   0.74580,  11.18250, 105.92540,  46.64460,   2.69680,  17.25290, 241.43990,   0.03060,  84.86420, 273.38721,   0.22230, 308.10739,   8.54900, 173.19991,  20.83990, 306.57059,2986.44849, 492.86169,   5.41960, 147.26199,   0.05790,   0.17520,   0.69950,   6.51900,   2.61020,  11.63070, 104.63610, 574.13391,  10.43310,   0.08740,  14.71540,   0.53720,2747.84277,  31.91760, 387.40439,  44.60030,1797.40161,   8.00200,  19.26550,   0.03120,  40.83170,  11.05440,  64.52640,   1.43150, 263.01181,   0.00000,   6.52570
   6.34670,  17.61810,  71.74720, 131.03281,   0.00000,  13.19590,   0.15960,  17.01990,   1.33380,   8.72640,   0.07190,   0.00180,  50.37040,  19.55840,   0.00760,  11.78130,   0.00210, 114.87450,   8.72390,  23.55190, 398.75119, 123.83700,   3.15750,   0.00250,  39.18210,   0.07860,  14.65820,  17.72680,  14.05620,  18.48710,   1.27000,   0.13130, 275.93460,   0.00000,   5.89350,   0.08570, 167.48990,   7.87660,   2.49760,  72.92740, 213.06560,  20.58020,   8.74740,   0.00000,  14.35740,  10.76070,   8.34720,   8.12450,  37.72970,   0.00000,   0.83920
  34.11520, 656.89850, 102.38320, 457.60101,   9.23790, 306.94760,   4.42970,  87.45350, 100.09630,   7.42820,  47.55120, 152.69910, 457.87589,  75.21960,  70.20610, 211.84500, 124.56370, 251.87939, 264.32080, 145.78270, 106.64530,   6.70240, 141.85660,   4.21650,1665.53296,  16.11730, 636.09082, 116.24630, 315.59830, 348.83560,  96.50770,   0.27420, 396.50021,  89.82120, 564.60559, 102.84660,   9.35810, 383.40320, 472.41141, 185.99280,  63.55880, 394.99399, 261.57950, 103.32980, 294.54929, 284.42789,  50.99640, 603.05688,  69.57860,  43.26780,  35.17550
 182.56599, 813.26868, 573.78241, 384.69180, 311.32681,1352.41492, 997.09857, 651.30389, 856.32599, 231.67720, 398.05209,1377.99316, 610.77521, 340.54819, 465.97241, 146.11790, 374.51920, 893.87512, 805.50000, 545.34729, 775.20618,  21.98750, 474.23889, 420.66180, 583.16803, 162.24550,1022.41663, 867.46802, 704.66357,1084.04663, 632.43622,  31.95990, 714.15961,1314.28284,1941.09985, 376.31241, 246.87759,1550.64661, 636.64337, 924.76880, 188.24020,2194.89307,1134.04565, 515.29120,1649.98462,2335.87842, 942.34943,1030.33142, 212.86980, 170.65649, 532.14899
 316.31021, 241.02431, 186.97391, 524.87262, 315.62961, 432.51709, 790.67432, 337.23251, 171.11729, 118.54120, 571.89819, 391.10818, 334.97021, 708.09540, 329.87830, 113.66290,  46.88010, 523.50098, 269.73950, 276.48441,1032.16431, 228.53619, 285.84299, 866.48212, 105.09460, 286.35959, 436.48099, 412.93091, 301.01379, 749.50201, 321.16980,  41.51400, 190.90669, 980.01959, 584.55249, 113.15550,1531.42896, 770.74683, 534.68250, 548.94769, 961.61829, 801.58521, 859.54492, 249.46181, 534.44281, 845.05200, 718.12079, 195.32300,1387.00671, 167.67110, 135.15210
 217.89540,  33.74880,  95.52440, 262.73169,  49.54860,  33.75630,  59.01660,  67.38250,  41.38660,  17.61830,  11.32170,  80.66560,  33.00260, 110.52680, 137.28310,  76.42520,  65.51530, 202.64360,  69.42550, 115.42660, 683.42468, 181.56419,  83.48960, 377.34891,   5.77080, 187.27690, 105.59780, 213.18221,  26.19400,  88.01440, 125.35480,   6.74110,  53.13080,  50.60110,  11.37560, 169.97830,  66.64260,  30.09170,  66.02740, 141.39200, 293.58801, 111.36600, 153.17580, 127.86550,  69.93440,  62.70730, 578.02118, 340.18451, 100.94010,  91.71320, 130.83009
  11.78050,   1.49890,   1.22150,   8.65860,   3.56470,  13.02200,   0.95030,   1.74690,   0.05270,   0.24560,   0.38900,   0.39000,  18.19160,  21.80650,  16.68990,   0.06190, 140.63860,  18.43720,  46.02500,   1.01930, 336.18420,   6.87770,  15.35630,   2.49930,   2.25160,  45.84240,   0.99490,  37.44000,   5.31840,  38.93130,  52.32290,   6.49130,   1.47170,  61.09790,  58.60990,   1.26570,   0.00960,  58.41290,   0.94010,   8.65200,   5.56490,  13.56510,  33.96360,   1.01920,  22.43930,  13.58370,1155.26526,  65.04400,   4.95650,   2.70060, 112.61830
 845.60431,   0.01190,   6.10930, 347.42801, 184.16580,1247.63086, 753.17761,1272.62573, 182.75810, 524.32001, 259.51770, 754.06531,   0.04460,  12.27730, 320.81021, 239.09100, 281.45300,1015.97168,   5.08080, 274.02341, 162.89799,   5.91140, 500.91830, 415.25940,   6.59230,   0.13410,   0.70220, 676.79248,   0.04600, 248.18781, 976.98010,  22.99840,   0.00090,   7.33470,   5.28720, 359.69821,   5.71590,   3.43530,   0.94260,   3.90330,   0.89970,1163.93457,   8.04570, 317.50040,   5.27360, 867.89929,  12.13770, 464.14160,   0.85060,   0.24590,   0.00000
  24.84640,   7.83970,  43.24620,  98.59680,   3.53690,  26.02860,  28.22890,  70.62740,   0.34190,  82.13270,  10.65210,  56.29380,   0.00200,  79.56840,  81.47490,  24.48810,  31.44460,  37.63580,   8.97870,  14.36180,  87.08360,  39.52340,  24.24410,  77.11010,  20.58340,   1.37130,   0.03660,  19.15040,   0.00470,  16.98240,  25.79560, 125.43450,   2.62390,   0.00010,   8.01000,  62.09570, 116.25230,  10.25500,  20.63550,   0.00860,   1.23590,  26.60930,  11.51750,  48.31870,   8.58240,  43.66970,   0.79070, 186.51801,  29.56620,   0.00000,   0.00000
   6.78870,   0.77610,  10.28060,   8.44980,   0.00030,   2.22790,   0.00050,   7.79470,   0.00880,   0.03190,   0.00010,   0.00000,   0.00000,   0.07400,   0.47120,   0.00030,   0.00030,   4.54820,   7.75940,   0.03470,   5.41600,   0.45310,   3.69450,   0.02050,   0.49590,   0.00130,   0.21170,   1.89900,   0.00000,   0.08330,   9.52740,   0.00600,   0.12950,   0.00000,   5.13440,   0.00180,   0.39560,   4.67370,   0.93170,   0.68840,   0.01970,   0.25420,  16.66990,   0.00000,   9.59640,   0.01530,   0.00000,   0.00000,   0.00100,   0.00000,   0.00000
  27.19820,   1.06390,  32.24260,   0.00000,   0.00000,  29.41430,   0.00000,  23.67850,   0.00290,   0.00000,   0.00000,   0.00000,   4.14020,   9.30460,   0.00130,   0.00000,   0.00000,   2.36800,   6.32490,   0.00560,   0.13170,   0.00000,   5.86160,   0.00000,   9.27770,   0.00000,   0.09260,  17.17020,   2.64020,   0.01780,  13.95550,   0.02670,   0.75620,   0.00000,   5.42310,   0.00000,   5.29000,   3.65780,   2.25080,   7.39980,   0.01110,   3.57630,   7.75120,   0.00000,   5.99890,   0.36560,   0.00000,   0.00000,   0.00000,   0.00000,   0.00000
  23.59150,   0.74340,  20.07850,   0.00000,   0.00000,  48.77360,   0.00000,  33.34070,   0.00000,   0.00000,   0.00000,   0.00000,   5.79090,   5.00290,   0.00000,   0.00000,   0.00000,  33.15520,   9.09740,   0.00000,   0.01340,   0.00000,   9.67310,   0.00000,  15.40120,   0.00000,   0.16920,   5.92010,   0.41080,   0.29010,  20.11600,   0.00010,   1.07850,   0.00000,   7.28370,   0.00000,   7.81710,   5.40140,   1.34390,   6.10220,   0.00000,   9.89460,  45.16200,   0.00000,  19.24710,   0.87310,   0.00000,   0.00000,   0.00000,   0.00000,   0.00000
  14.03040,   0.16910,   1.04980,   0.00000,   0.00000,  40.83210,   0.00000,  22.12280,   0.00000,   0.00000,   0.00000,   0.00000,   1.12350,   0.92300,   0.00000,   0.00000,   0.00000,  10.40140,   4.47850,   0.00000,  19.83170,   0.00000,  16.50180,   0.00000,   6.03940,   0.00000,   5.80010,   6.22270,   0.13190,   3.72110,   6.96530,   0.00000,   0.17940,   0.00000,   7.89830,   0.00000,   1.91160,   2.18990,   0.45140,   3.77130,   0.00000,  11.25210,   6.67200,   0.00000,   5.04710,   3.49330,   0.00140,   0.00000,   0.00000,   0.00000,   0.00000
   1.33850,   0.34720,   0.12250,   0.00030,   0.00000,  10.65590,   0.00000,   5.80610,   0.00000,   0.01490,   2.09050,   0.00000,   1.90330,   0.30150,   0.00000,   0.00000,   0.49560,   9.43750,  27.61980,   0.00000, 160.80190,   0.00000,   6.31390,   0.00000,   0.25400,   0.00000,  36.63060,   0.90790,   1.60900,   3.90210,   8.92510,   0.00000,   1.19680,   0.00360,   7.37320,   0.00000,   0.00650,   2.82950,   0.00000,   5.87810,   0.00000,  12.15620,  24.23370,   0.00000,   4.68460,   4.13180,   0.29320,   0.00000,   0.00000,   0.00000,   0.00000
   3.58850,   1.12610,   2.32670,   0.82280,   0.00030,   2.75550,   0.01380,   9.70420,   0.00240,   0.38740,   4.68050,   0.00000,   4.86200,   0.76720,   0.00000,   0.00000,   0.81380,  40.71080,  17.20190,   0.00000,  68.81840,   0.00000,   1.44900,   0.00150,   1.07090,   0.00000,   7.97970,   4.80510,   6.57210,  10.67160,  77.69670,   0.00000,   1.08940,   0.00000,  13.56990,   0.00000,   0.03890,   1.15870,   0.00650,   8.60220,   0.00000,  25.81540,  17.65500,   0.00000,   6.74050,   9.16080,   1.08730,   0.00000,   0.00000,   0.00000,   0.00000
  30.65310,   3.48600,  14.64690,   6.35560,   0.41770,  52.48710,  25.82570, 118.86440,   0.07530,   4.00460,  95.97540,  20.37900,   5.33170,  21.33190,   2.98370,   0.00040,   8.38530, 237.16409,   0.41410,   0.00230,  49.00480,  12.37500,  15.48390,  52.19800,   4.34380,   0.00000,   0.05810, 115.40020,  60.42210,  30.00370,  94.55150,   0.00010,   0.49150,   0.00000,   0.16770,   0.00040,   0.03530,   0.00000,   0.28650,   8.73320,   0.00000, 133.40720,   0.10500,   0.00010,   0.03270,  59.82060,   1.36860,   1.00890,   0.11020,   0.00000,   0.00000
  10.68310,  18.92820,  64.76470,   0.05900,   0.00000,  16.99890,   5.26020,  60.79680,   0.01500,  11.21350,   0.34570,   0.00160,  15.77530,  17.71130,   0.22600,   0.00000,   0.03810, 191.92490,   0.10220,   0.00000,   7.73640,   8.83310,  27.30260,   2.00410,   1.02370,   0.00000,   0.35740, 166.12320, 171.68719,  25.53860,   7.37530,   2.04620,  22.86520,   0.00000,   0.16860,   0.00000,   0.00150,   0.07120,   0.01090,  49.08960,   0.00000, 229.64970,   0.35540,   0.00000,  10.16500,  51.74780,   0.00020,   1.45590,   0.68950,   0.00000,   2.25510
 589.76257,   0.00540,   0.00000, 405.55640, 328.27271, 887.17822, 928.73492,1045.10840, 329.38840, 518.91150, 410.80081,1054.96899,   0.00000,   0.00640, 375.41620, 256.69791, 388.96289, 952.44672,  54.87460, 359.66180, 311.57431,   0.15780, 523.77521, 476.99319,   0.00000,  53.20520,   0.03880,1054.79932,   4.21590,1182.44849, 927.41162,   8.57040,   0.00010,1407.11365, 208.40880, 830.08600,   0.00000,  77.80370,   0.00000,   0.00000,   0.02880,2466.28052, 134.39790, 832.01270,  67.70970,2583.24609,  68.76170, 685.08661,   5.34110,   1.17500,   0.00000
  30.89490,   2.72990,   0.00220, 465.72421, 147.15289,  36.78550, 245.83820,  56.78790, 147.35139, 462.02679, 153.07390, 104.54360,   7.19110,   1.01810, 273.80319, 127.57460, 234.24969,  84.91420, 247.24429,  89.53820,  31.72770,   7.77230,  42.43580, 411.49799,   0.13330, 739.15991,  27.37210,  45.38940, 234.52090, 330.91010,  99.32470,  37.82000,   1.80830, 491.19800, 580.93378,  81.37730,   0.00050, 115.46700,   0.10610,   3.60730,   0.62390, 227.65179, 257.95001, 336.09460,  46.18710, 352.23599, 156.85300, 294.70441, 169.08929, 561.72009,   2.25510
   0.01150,   1.64840,   0.02750,   0.00000,   0.00000,   0.31040,   0.00000,   1.47390,   0.00000,   0.00000,   0.00000,   0.00000,   2.13950,   0.36510,   0.00000,   0.00000,   0.00000,   2.32210,  95.87940,   0.00010,   2.70080,   0.00000,   0.17780,   0.00000,   0.04950,   5.01650,  17.75450,   2.25480,   4.35910,  13.49040,   0.25260,   0.11130,   0.09990,   0.00030,  58.72920,   0.00020,   0.00000, 104.34340,   0.13650,   0.19070,   0.00020,   3.18880,  89.78750,   0.00000,  49.22600,   1.27340,   0.00000,   0.00000,   0.00000,  26.82490,   0.00000
   0.00810,   0.39840,   0.00000,   0.00000,   0.00000,   0.13110,   0.00000,   0.31830,   0.00000,   0.00000,   0.00000,   0.00000,   0.82270,   0.00000,   0.00000,   0.00000,   0.00000,   0.70150,  91.59760,   0.00000,   0.05260,   0.00000,   0.01070,   0.00000,   0.00000,   0.00000,   0.21930,   0.82410,   0.16780,   0.55550,   0.00010,   0.00000,   0.00000,   0.00000,  31.54170,   0.00000,   0.00000,  52.10070,   0.00000,   0.17780,   0.00000,   0.69710,  35.13730,   0.00000,  21.18470,   1.18980,   0.00000,   0.00000,   0.00000,   0.00000,   0.00000
   0.05710,   0.00000,   0.00000,   0.00000,   0.00000,   1.00280,   0.00000,   4.38620,   0.00000,   0.00000,   0.00000,   0.00000,   0.00080,   0.00000,   0.00000,   0.00000,   0.00000,   1.44550,  27.89480,   0.00000,   0.00000,   0.00000,   0.26760,   0.00000,   0.00000,   0.00000,   0.32680,   0.38150,   0.00270,   0.09970,   0.07750,   0.00000,   0.00000,   0.00000,  10.07180,   0.00000,   0.00000,   4.70320,   0.00000,   0.02600,   0.00000,   1.39790,  17.25980,   0.00000,   6.76440,   0.17710,   0.00000,   0.00000,   0.00000,   0.00000,   0.00000
   0.00000,   0.00000,   0.00000,   0.00000,   0.00000,   3.21690,   0.00000,   3.60450,   0.00000,   0.00000,   0.00000,   0.00000,   0.00000,   0.00000,   0.00000,   0.00000,   0.00000,   5.61340,   8.82020,   0.00000,   0.04690,   0.00000,   0.02280,   0.00000,   0.00000,   0.00000,   0.31270,   0.00000,   0.00000,   0.00000,   0.04800,   0.00000,   0.00000,   0.00000,   1.41160,   0.00000,   0.00000,   0.04370,   0.00000,   0.07770,   0.00000,   0.00000,   2.80230,   0.00000,   0.00160,   0.14520,   0.00000,   0.00000,   0.00000,   0.00000,   0.00000
  15.02690,   0.00000,   0.00000,   0.43600,   0.00000,   1.68140,   0.00000,   0.68710,   0.00010,   0.00000,   0.00000,   0.00000,   0.00000,   0.00000,   0.00000,   0.12790,   0.22040,   0.87280,   2.66890,   0.00040,  51.05240,   0.00000,  23.66170,   0.00000,   0.00000,   0.00000,   0.00420,   7.88270,   0.00000,  11.20690,  71.71500,   0.00000,   0.00000,   0.00000,   0.03710,   0.11800,   0.00000,   0.28130,   0.00000,   0.00010,   0.00000,   8.23380,   0.59250,   1.72520,   0.00000,  49.39100,   1.26860,   0.11360,   0.00000,   0.00000,   0.00000
 257.72729,   0.00000,   0.00000,  27.94090,   3.47710,  54.24000,   0.00000,  65.02040,   0.15210,   0.09240,  12.21660,   0.00000,   0.00000,   0.00000,   0.00000,  10.36840,  12.06160, 104.36890,   0.02030,   0.06830, 106.63880,   0.00000, 268.37881,   0.00000,   0.00000,   0.00000,   0.00000,  62.67240,   0.00000,  70.52950, 241.47659,   0.00000,   0.00000,   0.00000,   0.06840, 103.58200,   0.00000,   0.07800,   0.00000,   0.00000,   0.00000, 161.34790,   1.65500,  32.01930,   0.00250, 174.38139,  15.82000,  22.05220,   0.00000,   0.00000,   0.00000
  66.09110,   0.00000,   0.00000,  14.19750,   3.91340,  76.55570,   0.00150, 112.13790,   0.40550,   0.66230,  14.06110,   0.00110,   0.01630,   0.00000,   0.00170,  22.52930,  10.00030, 255.04230,   0.24400,   0.14620,  55.25990,   0.00000,  91.79850,   0.07470,   0.00000,   0.00000,   0.00000,  53.84500,   0.19190,  49.46980, 113.69450,   0.00000,   0.00000,   0.00000,   0.47620,   5.05550,   0.00000,   0.00010,   0.00000,   0.00000,   0.00000,  68.48670,   0.30300,   2.20200,   0.00000,  53.16270,  22.92820,   1.92320,   0.00000,   0.00000,   0.00000
   0.23550,   0.00000,   0.00000,   0.00000,   0.00000,   1.95650,   0.00000,   0.10720,   0.00000,   0.00000,   0.22610,   0.00000,   0.00000,   0.00000,   0.00000,   0.01760,   0.00000,   0.71530,   0.00000,   0.00000,   0.99930,   0.00000,   0.98000,   0.00000,   0.00000,   0.00000,   0.00000,   1.94080,   0.00000,   1.48240,   1.57410,   0.00000,   0.00000,   0.00000,   0.02750,   0.00000,   0.00000,   0.00000,   0.00000,   0.00000,   0.00000,   4.18900,   0.00120,   0.00000,   0.00000,   1.70310,   0.00010,   0.00000,   0.00000,   0.00000,   0.00000
 341.76459,   0.00000,   0.00000, 127.47230, 110.89160, 501.49481, 166.73140, 269.00339,  96.61190,  64.42490, 111.91860, 458.22400,   0.00000,   0.00000, 222.37939, 107.22820, 129.57561, 287.88901,   0.00000, 136.80141, 176.78661,   0.00000, 138.01590,  94.98260,   0.00000,   0.00000,   0.00000,  42.46090,   0.00000,   5.34470, 271.78409,   0.00000,   0.00000,   0.30640,   0.00000,  12.01990,   0.00000,   0.00000,   0.00000,   0.00000,   0.00000, 109.28760,   0.00000,  22.66850,   0.00000,  61.29460,  11.74440,  29.38280,   0.00000,   0.00000,   0.00000
   4.02860,   0.00000,   0.00000,   1.35840,   0.34430,   0.75780,   0.51380,   5.06290,   0.19040,   0.62510,   1.10800,   0.36470,   0.00000,   0.00000,   1.29010,   1.58290,   1.91720,   1.69170,   0.00000,  14.40240,   0.04410,   0.00000,   7.40470,   0.54980,   0.00000,   0.00000,   0.00000,   0.00320,   0.00000,   0.00010,   6.55940,   0.00000,   0.00000,   0.00000,   0.00000,   0.00000,   0.00000,   0.00000,   0.00000,   0.00000,   0.00740,   0.25880,   0.00000,   0.00000,   0.00000,   0.00000,   0.00000,   0.00000,   0.00000,   0.00000,   0.00000
   0.01790,   0.00000,   0.00000,   0.00000,   0.00000,   0.35860,   0.00000,   0.06040,   0.00000,   0.00000,   0.00000,   0.00000,   0.00000,   0.00000,   0.00000,   0.00000,   0.00000,   0.16660,   0.00000,   0.00000,   0.21160,   0.00000,   0.03650,   0.00000,   0.00000,   0.00000,   0.00000,   0.00000,   0.00000,   0.00000,   0.69040,   0.00000,   0.00000,   0.00000,   0.00000,   0.00000,   0.00000,   0.00000,   0.00000,   0.00000,   0.00000,   0.12010,   0.00000,   0.00000,   0.00000,   0.00000,   0.00000,   0.00000,   0.00000,   0.00000,   0.00000
   0.00000,   0.00000,   0.00000,   0.00000,   0.00000,   0.10410,   0.00000,   0.00000,   0.00000,   0.00000,   0.00000,   0.00000,   0.00000,   0.00000,   0.00000,   0.00000,   0.00000,   0.00000,   0.00000,   0.00000,   0.05140,   0.00000,   0.00000,   0.00000,   0.00000,   0.00000,   0.00000,   0.00000,   0.00000,   0.00000,   0.00000,   0.00000,   0.00000,   0.00000,   0.00000,   0.00000,   0.00000,   0.00000,   0.00000,   0.00000,   0.00000,   0.01370,   0.00000,   0.00000,   0.00000,   0.00000,   0.00000,   0.00000,   0.00000,   0.00000,   0.00000
   0.00000,   0.00000,   0.00000,   0.00000,   0.00000,   0.02420,   0.00000,   0.00000,   0.00000,   0.00000,   0.00000,   0.00000,   0.00000,   0.00000,   0.00000,   0.00000,   0.00000,   0.00000,   0.00000,   0.00000,   0.00010,   0.00000,   0.00000,   0.00000,   0.00000,   0.00000,   0.00000,   0.00000,   0.00000,   0.00000,   0.00000,   0.00000,   0.00000,   0.00000,   0.00000,   0.00000,   0.00000,   0.00000,   0.00000,   0.00000,   0.00000,   0.00000,   0.00000,   0.00000,   0.00000,   0.00000,   0.00000,   0.00000,   0.00000,   0.00000,   0.00000
   0.02860,   0.00000,   0.00000,   0.00000,   0.00000,   0.00000,   0.00000,   0.00000,   0.00000,   0.00000,   0.00000,   0.00000,   0.00000,   0.00000,   0.00000,   0.00000,   0.00000,   0.00000,   0.00000,   0.00000,   0.00000,   0.00000,   0.00000,   0.00000,   0.00000,   0.00000,   0.00000,   0.54460,   0.00000,   0.00000,   0.00010,   0.00000,   0.00000,   0.00000,   0.00000,   0.00000,   0.00000,   0.00000,   0.00000,   0.00000,   0.00000,   0.00000,   0.00000,   0.00000,   0.00000,   0.07210,   0.00000,   0.00000,   0.00000,   0.00000,   0.00000
   5.99390,   0.00000,   0.00000,   0.00000,   0.00000,   0.93120,   0.00000,   0.21250,   0.00000,   0.00000,   0.00000,   0.00000,   0.00000,   0.00000,   0.00000,   0.00000,   0.00000,   0.19440,   0.00000,   0.00000,   0.07140,   0.00000,   0.56320,   0.00000,   0.00000,   0.00000,   0.00000,   0.00010,   0.00000,   0.00000,  13.02400,   0.00000,   0.00000,   0.00000,   0.00000,   0.00000,   0.00000,   0.00000,   0.00000,   0.00000,   0.00000,   0.00000,   0.00000,   0.00000,   0.00000,   0.05970,   0.00000,   0.00000,   0.00000,   0.00000,   0.00000
  26.65730,   0.00000,   0.00000,   0.01140,   0.00260,  22.80330,   0.03920,  20.81510,   0.00430,   0.00000,   0.00000,   0.00000,   0.00000,   0.00000,   0.00090,   0.00000,   0.01400, 155.03030,   0.00000,   0.00000,  48.69220,   0.00000,  45.11460,   5.54210,   0.00000,   0.00000,   0.00000,   0.37380,   0.00000,   5.66700, 275.96469,   0.00000,   0.00000,   0.00000,   0.00000,   0.00000,   0.00000,   0.00000,   0.00000,   0.00000,   0.00000,   1.28110,   0.00000,   0.00010,   0.00000,   2.62160,   0.00130,   0.01820,   0.00000,   0.00000,   0.00000
 155.04160,   0.00000,   0.00000,   3.53320,   5.10830,  68.55180,   0.02300, 121.12670,   0.40840,   0.00000,   0.00120,   0.00000,   0.00000,   0.00000,   0.00240,   0.00000,   0.32110, 220.41570,   0.99860,   0.00000,  78.62660,   0.00000, 113.50250,  11.46000,   0.00000,   0.00000,   0.00000,   9.43760,   0.00000,  32.45480, 175.64980,   0.00000,   0.00000,   0.00000,   0.25840,   0.00590,   0.00000,   0.02140,   0.00000,   0.00000,   0.00000,   6.15200,   0.12890,   0.23240,   0.00300,  18.79190,   0.01670,   0.01970,   0.00000,   0.00000,   0.00000
   1.63300,   0.00000,   0.00000,   0.00000,   0.00070,   1.25330,   0.00630,   0.83840,   0.01300,   0.00000,   0.00000,   0.00000,   0.00740,   0.00000,   0.00000,   0.00000,   0.00000,   5.44590,   0.00030,   0.00020,   1.05790,   0.00000,   0.08050,   0.00040,   0.00000,   0.00000,   0.00000,   8.45970,   0.00000,   0.45050,   2.72390,   0.00000,   0.00000,   0.00000,   0.02860,   0.00350,   0.00000,   0.00010,   0.00000,   0.00000,   0.00000,   8.00010,   0.07430,   0.00000,   0.00090,   1.91310,   0.00000,   0.00000,   0.00000,   0.00000,   0.00000
